Price,Close,Close,Close,Close,Close,Close,Close,Close,Close,Close,High,High,High,High,High,High,High,High,High,High,Low,Low,Low,Low,Low,Low,Low,Low,Low,Low,Open,Open,Open,Open,Open,Open,Open,Open,Open,Open,Volume,Volume,Volume,Volume,Volume,Volume,Volume,Volume,Volume,Volume
Ticker,A,ABBV,ABT,ACN,ADBE,AES,AFL,AMD,AOS,MMM,A,ABBV,ABT,ACN,ADBE,AES,AFL,AMD,AOS,MMM,A,ABBV,ABT,ACN,ADBE,AES,AFL,AMD,AOS,MMM,A,ABBV,ABT,ACN,ADBE,AES,AFL,AMD,AOS,MMM,A,ABBV,ABT,ACN,ADBE,AES,AFL,AMD,AOS,MMM
Date,,,,,,,,,,,,,,,,,,,,,,,,,,,,,,,,,,,,,,,,,,,,,,,,,,
2025-05-15,111.73930358886719,177.40762329101562,131.50027465820312,321.6015625,404.69000244140625,12.08045768737793,104.08529663085938,114.98999786376953,68.7138900756836,146.70394897460938,111.73930358886719,177.8275191999974,131.57915171662435,322.3876396298914,404.8500061035156,12.343500365275473,104.27225504173646,117.5,68.77328491867053,147.1379133070305,108.28969936653438,172.4178038677487,127.06269528904619,318.168749371515,399.3500061035156,12.002519322615383,102.3042970566352,114.01000213623047,67.14995929201731,143.37021194657865,110.62588432532847,173.83370282601172,127.06269528904619,318.6264517155044,399.3500061035156,12.099942743117865,102.3042970566352,117.0199966430664,67.57558583309631,144.32693511675413,1873900,12073300,8406400,3050400,2763800,14632400,1521900,43843200,1468000,4472100
2025-05-16,113.10124206542969,179.69261169433594,132.93016052246094,316.1090393066406,417.1300048828125,11.895354270935059,105.108642578125,117.16999816894531,69.80269622802734,151.01409912109375,113.1608945352556,179.74143888026376,133.41335398711465,316.47719316777403,421.7699890136719,12.18762360254768,105.28575910868787,118.23999786376953,69.82249702525257,151.18177020876388,110.16858557619568,176.27491727890168,130.92832033341642,308.1886602187973,412.05999755859375,11.827158434228265,103.6818759482095,116.01000213623047,68.59511190998943,146.91104117014612,111.6200025994932,177.03657369948698,131.3030390320422,315.84039387531044,414.6199951171875,12.18762360254768,104.02626711675829,118.06999969482422,68.77328132605919,147.38446630297435,1812000,6152800,7128700,3968000,5391500,13460500,3427200,43419700,1580100,4204500
2025-05-19,112.773193359375,181.34286499023438,133.6697540283203,317.80059814453125,420.67999267578125,11.408239364624023,104.72489166259766,114.73999786376953,69.79280853271484,152.02999877929688,112.80301580353388,181.43074498141257,133.80781145035724,319.293133525581,421.2699890136719,11.749220416418128,105.63999248874113,115.52999877929688,69.86209622453445,152.14835130032822,111.37147780752089,178.21810401534051,132.66389849797682,313.5020889593375,413.20001220703125,11.06725831282992,104.32145664453363,114.05999755859375,68.95145583153614,149.04147722394575,111.83871632480559,179.88789834754897,133.1273802106287,314.2185071568698,413.5299987792969,11.710251232992968,105.14800295871053,115.0199966430664,69.02074352335575,149.8699749709926,2086300,5216700,8012800,2247300,3008000,19366800,1690000,37737400,1194200,2613600
2025-05-20,112.81295776367188,180.5030975341797,133.32461547851562,318.5866394042969,417.6099853515625,10.950350761413574,103.92787170410156,113.51000213623047,68.91184997558594,152.0398712158203,113.46907428077014,181.6260483245875,133.94588145962894,318.73588686667813,419.1300048828125,11.213393446329956,104.99056339045396,114.51000213623047,70.00065961120072,152.61193353946666,111.99777810027811,179.3215451799543,132.6737668361238,315.8105455068767,414.2900085449219,10.872412394571377,103.62283308862118,112.08000183105469,68.75347382040304,151.15219712218138,112.78312773533027,180.51285701149993,133.12739272094802,316.87519764900276,417.8699951171875,10.989319944834673,104.64617221861917,114.3499984741211,69.59482637738762,151.1620548165853,2245800,5505100,6455300,2930500,2453000,25909700,1868400,29030800,947600,2529700
2025-05-21,108.26981353759766,177.5248260498047,131.20445251464844,316.1388854980469,414.0299987792969,9.8689546585083,102.4437484741211,112.05999755859375,66.43728637695312,147.35488891601562,111.94806132205929,180.46403805347438,134.28116985256324,321.2532907868684,422.95001220703125,10.969835188374129,103.8487121013846,116.0999984741211,68.19917975912817,151.07328639577923,108.06104127621214,177.270930628248,131.1748698515633,314.8453670212396,412.5899963378906,9.859212130937264,102.37448991640012,111.08999633789062,66.31850424771525,147.2858549571954,111.34164639120053,179.60472721121994,133.22601975921745,315.4622767675849,414.8599853515625,10.969835188374129,103.65083266464373,113.8499984741211,68.03091073988483,150.23493089630648,2859800,5140900,7209100,2788000,2495800,44831900,2380700,43594600,1385600,2661800
2025-05-22,109.03528594970703,178.24740600585938,129.67593383789062,314.8752136230469,414.3299865722656,9.381839752197266,101.36528778076172,110.70999908447266,66.68473815917969,147.72970581054688,109.54229022217352,179.24342398749732,131.03679636168957,317.6015684250478,417.8999938964844,9.635139903175054,102.79004391766904,112.63999938964844,66.9123944489733,148.50890016813995,107.33533847860537,176.01126391077244,129.35050953667215,314.4672503248547,412.510009765625,9.216220494180911,100.88047786419287,110.61000061035156,65.64541537873997,145.65844605356259,107.72304539738919,177.14398907420653,130.62262408208358,315.929936153706,412.510009765625,9.596170720647594,102.40417372202612,111.9000015258789,66.16012279410064,147.67052954033295,2379800,4689200,6277100,2996600,1889500,40712700,1700400,29252000,1383900,2862800
2025-05-23,107.89204406738281,178.9504852294922,129.4787139892578,308.03936767578125,407.69000244140625,9.732562065124512,101.44444274902344,110.30999755859375,66.33829498291016,146.31236267089844,108.41892743875225,179.7902622191959,130.3366412271267,310.17869253436896,411.45001220703125,9.810500427538233,101.82042425724332,111.0199966430664,66.466977505996,147.37289176492348,106.44062706441578,177.44670615023796,128.62077170425763,306.3378859605532,407.1499938964844,9.28441601669633,100.59354756010678,107.66999816894531,65.5761304499032,145.70776550599285,107.14645267366049,178.08141490642396,129.85343269987675,309.5617524453449,409.1099853515625,9.294158544272687,100.92005543347135,108.08999633789062,65.70480542119779,146.14387036246575,1691000,4027000,6145000,2947200,2087700,22740500,1641500,30867300,1270500,2369800
2025-05-27,110.60600280761719,181.35264587402344,131.09597778320312,313.8602600097656,413.1000061035156,9.810501098632812,102.31512451171875,114.55999755859375,67.8725357055664,148.16580200195312,111.11299950698717,181.6163007786446,131.98348777035343,314.1289357928353,414.95001220703125,9.84947028250539,102.35469435898112,115.4000015258789,67.97151703902846,148.67127890572775,109.3235846686175,179.57543748727065,129.70553242915256,310.45729659368396,411.6000061035156,9.605912651027127,101.27623862859554,112.2699966430664,66.32840575854173,145.36086872509676,110.09899852369915,179.93674677137113,130.0211008983553,311.9597614524663,412.760009765625,9.810501098632812,101.89956562929962,113.18000030517578,67.07077708719463,148.67127890572775,2103900,5726700,5591000,3248900,2680400,13960900,1683300,37885000,1739400,3155300
2025-05-28,110.22822570800781,178.7844696044922,130.18873596191406,314.41748046875,412.2300109863281,9.450035095214844,100.91015625,112.86000061035156,63.576683044433594,147.34315490722656,110.92411553928214,181.72369627015047,131.7468213621993,315.8105377252086,416.3699951171875,9.791016121324583,102.78014485394701,114.94999694824219,67.80324709532466,148.67128139131904,109.49257767796136,178.08139986320256,130.01122494308044,312.48713236095784,411.4200134277344,9.333127553745419,100.80132029539004,112.66000366210938,62.962986702444084,146.87731701564377,110.17852416726885,180.99133319797087,131.25375693351913,313.18366098918716,413.80999755859375,9.742304413437685,102.04798188089359,114.91999816894531,67.55578998913735,148.32437568528937,2733100,4787800,3622100,3437600,2246500,17583000,1745500,27483700,3501900,2297500
2025-05-29,112.61412811279297,181.25498962402344,131.00721740722656,316.1488342285156,413.3599853515625,9.791015625,101.72147369384766,113.02999877929688,64.07160186767578,148.3045654296875,116.30231946783654,182.35842152089407,131.21429602932045,316.8354028871961,415.4200134277344,9.82998480351439,101.89956820549656,115.54000091552734,64.33885223880227,149.02809477276944,112.33577519309885,178.39389811439426,129.52802420374474,313.2135026955653,410.4700012207031,9.498746321592828,100.84089737197714,112.12999725341797,63.388617788875024,146.86739759426618,116.2625536815162,179.14579510871994,129.90274291657747,315.939857425816,414.0,9.54745802701044,101.13772407426418,115.48999786376953,64.01220702269825,148.54242980350895,3837400,4925900,3078200,2557800,1780400,11828100,1854700,30501400,2027600,2621400
2025-05-30,111.26212310791016,181.73345947265625,131.72708129882812,315.2433776855469,415.0899963378906,9.829985618591309,102.4437484741211,110.7300033569336,63.655860900878906,147.03590393066406,112.24630926641647,182.29982204808132,132.26945512515235,317.40256184785744,417.8599853515625,9.946893163828147,102.90877345394047,112.11000061035156,64.17057588909636,148.12615092436468,110.1387680723641,178.70635275227235,129.91260799542593,312.52695238236834,411.5299987792969,9.664366363897807,101.01899237401351,108.62000274658203,63.20054075086577,146.29254752074894,111.37147712552198,180.64956150761196,131.03679417765673,316.5767056379404,414.1400146484375,9.752047255100083,101.5235947509044,111.58000183105469,63.67566169754409,147.41252756095616,4753600,11609000,14236800,4012700,4231300,11261000,3415400,36088500,10261000,5339800
2025-06-02,110.3972396850586,182.5927734375,131.71722412109375,312.9050598144531,403.3999938964844,9.9176664352417,102.70099639892578,114.62999725341797,62.36908721923828,145.10316467285156,110.75512417470804,182.5927734375,131.88486420263388,313.3727221018131,410.0,10.01508892432411,102.74056624684822,114.86000061035156,63.546981682292454,146.98634331241152,109.38323110286908,178.85283741921614,130.05066412907718,309.6612732950748,396.7300109863281,9.703335472702681,101.09814580787126,111.01000213623047,61.99295513746045,142.6352310794405,110.48670701519687,181.3623938936467,131.01706608912687,312.0692436687753,408.8800048828125,9.761789709430985,101.5829557053949,111.05999755859375,63.06196786993311,146.56014444122368,1757000,4435600,4464000,2340400,4153700,12773400,1809900,34078400,2434100,2825700
2025-06-03,112.09718322753906,182.84664916992188,131.8552703857422,311.3428649902344,412.489990234375,10.00534725189209,102.96813201904297,117.30999755859375,63.34901809692383,146.81785583496094,112.32582700833953,184.29184147735214,132.11165842161313,312.4274370237513,412.6400146484375,10.083285614221847,103.12644160155398,117.68000030517578,63.566781554918634,147.0458142394395,109.10487430072061,180.4737999401539,129.78439417089533,309.05432295484417,402.4800109863281,9.800758818501837,101.04866984848701,113.27999877929688,62.01275125680013,143.92372327521574,110.23817261607815,182.50487377223507,131.27344303771577,311.44237341910116,403.4599914550781,10.044316433056968,102.42395226493183,114.5,62.26020835874124,145.01397030105366,1491200,5335600,5914900,3678200,2737500,10549000,1757100,37161500,2228600,2343300
2025-06-04,114.26436614990234,182.9345245361328,131.11569213867188,314.825439453125,413.9100036621094,9.907923698425293,101.74126434326172,118.58000183105469,63.64596939086914,145.50953674316406,114.612307275267,185.7077357559053,132.9991867147297,315.21351320614684,415.94000244140625,10.063800420945098,103.25506389083986,119.30000305175781,64.22996452430459,147.6305797579228,112.22641335419152,182.86617839830333,131.0959653494345,312.8254628024774,410.0799865722656,9.82998533716539,101.74126434326172,115.7300033569336,63.45789957755671,145.41043162950237,112.69365183020165,183.97936965694242,132.54557589218936,313.5418505944407,411.5400085449219,10.063800420945098,103.14622793852621,117.41000366210938,63.764743966189485,147.59094073718308,2692800,4382200,4057000,2337800,1843400,9996900,1568900,31025000,1452800,2346900
2025-06-05,113.27024841308594,183.0614776611328,132.08209228515625,313.810546875,415.20001220703125,10.23916244506836,101.12782287597656,115.69000244140625,63.15105056762695,144.9644012451172,114.82107610484934,184.16490947563642,132.5159913594596,316.3776943943035,421.4800109863281,10.346327462108507,102.05787278546686,119.23999786376953,63.83403079784584,145.955543093125,112.97200881795546,180.6983878981855,130.35636690598778,311.8503491743151,413.9800109863281,9.781273864808503,100.58365067997268,114.70999908447266,62.41857967305522,143.6065417529063,114.7415445348748,183.0907709924944,131.53971844227706,315.72097517640947,415.0,9.956635646418357,102.04797654957842,118.94999694824219,63.83403079784584,145.73749067667333,1875900,4417900,5581500,3787400,2275500,16978500,1774300,34091000,2349400,3568300
2025-06-06,115.11931610107422,185.36598205566406,131.72708129882812,316.0692138671875,416.9200134277344,10.609370231628418,102.58226776123047,116.19000244140625,63.68555450439453,144.2111358642578,115.3380165424442,186.01046515004933,133.34433186005717,318.5567726578402,419.6499938964844,10.667823539967662,102.691103718327,118.37999725341797,63.873624313640384,147.14492232729984,114.10530754173598,183.87196254593061,131.2537437081864,314.8055449331908,415.2799987792969,10.24890506654113,101.69179517981192,115.87999725341797,63.28962541693685,144.15166977440293,114.73160917678254,184.05749691249292,132.9202886696107,316.8354014087616,417.5400085449219,10.336585029049997,101.94904449191435,117.69000244140625,63.497492246939935,146.6889904323722,1556400,3607800,3867700,2309500,2146900,17205200,2035400,27042100,1316300,2297100
2025-06-09,116.05378723144531,184.7117462158203,131.54957580566406,315.0443420410156,416.260009765625,10.599627494812012,101.42465209960938,121.7300033569336,64.17057800292969,142.95237731933594,117.77362143710936,187.27988940982559,132.4272298351418,317.6413692183601,419.0,10.794473400597449,102.49321159517359,122.37000274658203,64.51701643807,144.73643558081523,115.08948778531126,184.565264652686,129.0053767449863,314.4672417603324,415.1499938964844,10.395039061462661,100.05925836028419,119.04000091552734,63.7053574392592,141.40619853392843,115.9245541162756,186.02999088423465,131.17485709398537,316.4274393093429,417.29998779296875,10.70679251071936,102.31512463642657,119.18000030517578,63.715257837917925,144.2606917522953,2147800,4661500,6630100,2291300,3034200,11537500,2027600,55437700,1331800,3401900
2025-06-10,119.81156921386719,185.0437469482422,132.2694549560547,319.3229675292969,416.05999755859375,10.999061584472656,101.18719482421875,123.23999786376953,65.0713119506836,143.7750244140625,120.44781421382785,187.3677839998028,132.9794688646749,320.0891247227498,419.82000732421875,11.106226597949352,101.69179722192519,124.08999633789062,65.26928214669627,144.0228098594538,116.44149654691613,184.36021102130252,131.4805489412399,315.4224618951081,414.4200134277344,10.628853907327873,100.74196229887698,120.80000305175781,64.07159078003508,141.88193998160344,117.20697466469397,184.59455768198714,131.70735434209254,315.98963260016586,416.6099853515625,10.78473062842072,101.25645338479673,121.11000061035156,64.62589222528898,142.96229601746322,3499500,4087500,3579400,2356100,2627400,18812700,2903100,41691900,1276100,3129200
2025-06-11,119.01627349853516,186.9967041015625,133.40350341796875,317.63140869140625,412.8399963378906,11.184165954589844,100.27693176269531,121.13999938964844,64.76446533203125,145.87625122070312,122.10799317317716,188.18801588888033,133.47253965688043,320.1687065165089,416.0400085449219,11.22313606743239,101.31581766261593,124.47000122070312,65.49693615230248,146.73855492016145,118.96656437037704,184.6140805269268,131.0860947094275,316.2582713777901,410.4200134277344,11.008805092291519,99.92074274264347,119.87999725341797,64.54670189989346,143.14070514051085,120.05016117092957,184.88749488139666,132.23987865172685,319.32296081861335,415.20001220703125,11.135455171733915,101.12782691630619,124.44000244140625,65.49693615230248,143.75520825215108,2752400,3908000,4100500,1859000,3385400,11586100,2282500,32261900,1170900,2904400
2025-06-12,118.2110366821289,187.89508056640625,134.5572509765625,316.5468444824219,413.67999267578125,11.242618560791016,101.54338073730469,118.5,63.596473693847656,143.48760986328125,119.34433502135246,189.03756524735667,134.99114998911477,317.03439630129463,416.3900146484375,11.466692031576446,101.6027506078413,122.25,64.5566084349441,145.9654644883532,117.83326551268901,183.00290028131613,133.58099324544895,314.5368774922111,410.7699890136719,11.164680204630471,99.1589010405832,118.02999877929688,63.15105016571552,143.21009135516314,118.28062491051814,187.6802528588806,133.65987029579568,315.9199747920377,411.42999267578125,11.184164329121362,99.46561643532489,120.62000274658203,64.3091513388591,145.12298786637896,1361500,5781400,5089100,2194500,6313300,18362600,1800600,44718400,1763600,2069700
2025-06-13,116.39178466796875,186.5865936279297,133.73876953125,310.1587829589844,391.67999267578125,11.145195960998535,101.09815216064453,116.16000366210938,63.16094970703125,141.059326171875,118.20108607950633,188.92039015615882,135.15879726734642,315.73092092453817,399.8500061035156,11.223135251921672,101.96883229336413,117.87999725341797,63.774642239744125,143.17044819025267,115.76548306638617,185.8151628035556,133.37390672718877,309.73093011930143,383.75,10.794473332787943,99.94054154644964,115.05999755859375,62.903592216093365,140.47454094156208,115.99413442250551,187.05530184908963,133.8965537346229,312.7558102204379,392.5,11.106226780086248,101.16741072178567,116.05000305175781,63.34901573818157,141.86214871217888,1652000,4965700,3928900,3102600,10629700,16793900,2259300,39702700,2217100,2450400
2025-06-16,118.32038879394531,186.37176513671875,132.15110778808594,312.7657470703125,401.7300109863281,11.164680480957031,101.63243103027344,126.38999938964844,63.6657600402832,143.7849578857422,118.638507508224,187.15295543533585,134.51782580593314,315.472212409819,405.0,11.427722207234542,102.1864994938107,128.13999938964844,63.725147325521945,144.10211541885482,114.89067116861112,184.4871429825562,131.46082067555443,311.26328212025766,391.1099853515625,11.008803764777987,101.24656084336475,117.77999877929688,62.83430406388081,142.23876386958486,116.99821239105016,186.41081794666505,133.67961035327528,312.7657470703125,392.989990234375,11.232876312010735,101.68189711530832,118.63999938964844,63.59647235690763,142.40725617211731,1402800,4203900,5084100,2930000,6798300,11948600,2160800,100968500,1551800,1681300
2025-06-17,115.40760040283203,181.11827087402344,130.4451141357422,310.4772033691406,382.67999267578125,10.258646011352539,101.00909423828125,127.0999984741211,62.58684539794922,140.95030212402344,117.77361522871728,186.1276391905677,132.1511127161451,314.37770912491345,399.6700134277344,11.145195540480737,101.90946302034057,130.6999969482422,63.77464015947447,143.5966492924097,115.13919084407537,180.67885599888007,130.31691257894465,310.29810641428975,381.79998779296875,10.131995945891578,100.33630114656638,126.58000183105469,62.37898235305355,140.7124226136106,116.80931583341591,184.7117401928989,131.84541520113353,311.41252795430785,397.2799987792969,11.145195540480737,101.59285139833854,127.93000030517578,63.25003234829146,142.78390564121855,1577100,4733900,5010800,2533800,6866300,28143100,2056900,86623900,1422100,1739900
2025-06-18,114.84095764160156,181.1280517578125,130.5733184814453,304.8553161621094,378.0400085449219,10.24890422821045,101.54338073730469,126.79000091552734,62.438377380371094,141.24761962890625,116.19296402166157,182.71971080272903,131.5199937064023,312.6364075101775,385.2699890136719,10.531431006336481,102.58226666260296,129.2100067138672,63.07186695320119,142.3973478048196,113.99595555020109,179.38013677172185,129.7745565581593,304.3478444411502,377.5400085449219,10.18070746859485,101.0684670647122,125.7699966430664,62.35918929581948,140.31595899355347,115.40760681673346,180.89369019600002,131.10582141459219,312.6364075101775,383.989990234375,10.229419174292133,101.16740678411757,128.00999450683594,62.53735871016491,140.8709960098911,1560300,3573200,4950400,4593100,4808900,18232800,2127300,49627100,1198800,2629100
2025-06-20,114.88072204589844,180.9425048828125,131.145263671875,283.9498596191406,376.9200134277344,10.141738891601562,102.20629119873047,128.24000549316406,62.101837158203125,142.75416564941406,116.17308352394437,182.70017922505625,131.8256798479552,287.43244197072556,382.2900085449219,10.424265686490898,102.6317387796402,132.80999755859375,62.903595767329776,142.77399272189055,114.40354779076164,179.82931361605225,130.15913495351342,271.8304803233951,373.760009765625,10.131996364064346,100.03947589728126,127.55000305175781,61.5673289015215,140.5637505349528,115.48713699956866,181.71392075803809,131.80596810752166,280.02946448552837,380.4800109863281,10.326843198414423,100.89037105910074,129.0,62.73532674720544,142.0405422765115,3043900,12158100,11338200,11697400,8126900,18140300,6258900,79931000,2773600,5566700
2025-06-23,115.44737243652344,179.43870544433594,131.41151428222656,293.5319519042969,380.1199951171875,9.888439178466797,103.72998046875,129.5800018310547,63.48759078979492,146.29254150390625,115.5467906932319,181.4307412700801,131.61860794436313,293.86029632009127,380.2099914550781,10.219677696288693,103.81903149979459,133.25,63.49749118795623,146.41147368504116,113.03165593874114,178.01304706117102,130.27747221722726,282.815559032531,374.239990234375,9.810500812990892,101.79073329350342,126.81999969482422,61.62671240450232,142.08018868763634,114.27430830211581,180.1515495358827,131.22416245578881,284.5767398123014,377.5899963378906,10.161224386731067,102.1568185569237,130.47000122070312,62.0721359243723,143.1109695459289,1448400,5157900,4887200,5454900,3841800,13611700,2156600,65152900,1386600,2904700
2025-06-24,116.94849395751953,181.1866455078125,136.16465759277344,299.2234802246094,382.3399963378906,10.200193405151367,103.05718231201172,138.42999267578125,64.27945709228516,148.5424346923828,117.30637843068205,181.76276760733344,137.13105954029083,300.1488448292285,385.0,10.219677531657167,104.07627570916145,138.7899932861328,64.32894397996292,148.95871248389602,115.88478388021645,178.88214220976235,130.54372681029213,293.5419043124461,378.510009765625,9.898181546973474,102.52289879776873,132.92999267578125,63.39851044263443,146.69891011646686,116.64031861073151,180.18086797815175,131.47069022912999,294.2085530795856,384.9599914550781,9.937150729083662,103.68050930432038,133.42999267578125,63.73504846529148,147.32333436554944,1945300,4074400,9894700,4940500,4797100,17165100,1977800,78572000,911100,2700500
2025-06-25,117.92273712158203,181.0303955078125,135.49407958984375,293.1339416503906,387.54998779296875,10.229419708251953,101.39497375488281,143.39999389648438,64.3784408569336,146.4412078857422,119.07591452893841,182.69041557855826,136.91410734874208,300.14884547769714,388.04998779296875,10.385296431340976,102.89887709878138,144.17999267578125,64.61599756143832,148.53251778773566,116.28243454460343,180.29803239719243,134.744627182483,292.8851857648023,382.0,10.09302711099978,101.10804328790799,139.4600067138672,63.814238963865186,145.81678368260867,116.42161099748182,180.94251551052986,135.95756129023778,299.5020862483093,383.6000061035156,10.161223874175144,102.81972230472971,140.94000244140625,64.47742218782794,148.37393146255502,1690000,4471100,5507500,3164500,3718800,9776000,2273200,74607200,1290200,2378000
2025-06-26,118.71803283691406,182.3974609375,131.8158416748047,294.6065673828125,384.95001220703125,10.531431198120117,102.80982971191406,143.67999267578125,64.01219940185547,149.42454528808594,119.83145207058423,184.54573790638085,135.6321555121454,295.4821929892809,389.989990234375,10.638596209326872,102.9879166688411,146.0,64.37843862041194,149.77145099763413,117.34614737586799,181.42097682435966,130.8691664044736,291.1439047681361,382.8699951171875,10.268388540023729,101.10803944752536,141.91000366210938,63.62616693852434,146.00510880612853,118.47944570989475,182.14358043207096,135.4152210083408,295.1140391242226,387.20001220703125,10.307357719471506,101.24655655754617,145.97000122070312,63.97260536051494,146.3817475623666,1488000,5734000,9452900,3634000,3139700,11127100,2149000,58180100,968000,2740100
2025-06-27,118.46949768066406,178.02281188964844,132.5159912109375,293.9896545410156,385.8299865722656,10.443751335144043,103.9575424194336,143.80999755859375,64.98223876953125,150.6733856201172,119.5033853029101,183.57900874030415,133.03863826427227,295.22350441251615,390.30999755859375,10.60937059629557,104.16531808133058,147.75,65.14060739342162,151.5158471036172,117.48531918416502,177.45644933000705,131.03679803045094,291.5319451164189,384.4100036621094,10.336585384340928,102.64162234546977,141.6300048828125,64.1309857047194,149.22631189018753,119.29462062695865,183.48135437141383,131.4410993972976,294.40757779997904,385.44000244140625,10.570401413030423,102.96813019214342,144.17999267578125,64.21017379256043,149.8011759679062,1734700,29264700,9513500,4159500,5083800,13078300,11668000,61937900,2027500,3938200
2025-06-30,117.31632232666016,181.25498962402344,134.12338256835938,297.402587890625,386.8800048828125,10.24890422821045,104.34342193603516,141.89999389648438,64.90304565429688,150.8914337158203,118.95662490564013,181.87017942846865,134.36991478655165,297.52198585187097,390.9800109863281,10.307357531768382,104.46215413145327,146.0,65.1702959903195,151.10948612263408,116.75960892991948,177.4760005966399,132.14126895106114,294.2682395793816,384.6300048828125,9.761789029434633,103.34411338329585,141.00999450683594,64.51701319571356,149.66241243410852,118.48938641988636,178.1400026903547,132.14126895106114,295.26326307737446,387.29998779296875,9.93714986920694,103.809138379579,144.0,65.01192737869638,150.93107273359385,1602400,6482600,5749700,3136800,4645500,24219300,2628100,42972500,1431500,2302800
2025-07-01,119.99414825439453,185.52223205566406,134.3699188232422,301.114013671875,392.1000061035156,10.492463111877441,104.66002655029297,136.11000061035156,67.07077026367188,152.44752502441406,122.69389882004972,187.25059830144653,135.17855174582908,302.6762078907556,392.5799865722656,10.7749899245848,105.35261965415226,140.22999572753906,68.25856124795853,154.70732722504854,116.39780986159973,180.05391476627412,132.94003492419742,296.4473509197464,381.5199890136719,10.093027819547585,103.69040677295293,135.1199951171875,64.60609226600116,150.0786966156953,116.99554521372043,180.6593301811833,133.65990480974787,296.6364078183731,385.1000061035156,10.278132138034357,104.08616563388235,138.77000427246094,64.63579345963059,150.65356070162852,1935700,5937600,5337600,3565600,4516400,27268100,2519000,55257200,1438000,3781900
2025-07-02,120.20336151123047,186.26434326171875,132.24974060058594,300.7856750488281,378.4700012207031,10.843184471130371,102.42395782470703,138.52000427246094,67.39741516113281,152.60610961914062,121.12983459607122,188.0610704411744,134.44880372164516,301.66130062440413,386.8800048828125,11.125711250165459,104.65013549644894,139.77999877929688,67.45681000302118,154.07299530104004,119.00789839434931,185.07303146013155,131.98348159803953,296.83543037199684,372.7300109863281,10.511945986241265,101.69179483739129,135.22000122070312,66.47688195746804,151.85284726867857,120.54207112067495,185.23903197019337,133.39365367725065,301.66130062440413,384.6400146484375,10.570400219085789,104.37310126063306,135.52999877929688,67.07077751380959,152.84398910416115,1467100,4658200,4319600,2748500,6912200,20482100,1968300,39228000,1109700,2864700
2025-07-03,120.9206314086914,184.82891845703125,132.57516479492188,303.2632751464844,379.30999755859375,11.223134994506836,103.46284484863281,137.91000366210938,67.22914123535156,151.58523559570312,121.2892338699869,186.96742112648315,133.36407088311879,303.78067645876837,383.20001220703125,11.330300007283041,103.61125820470396,139.5,67.66466813574428,153.6269853685635,120.21331933473593,184.42855638010911,131.35235960586007,300.7856762338794,377.79998779296875,10.989318985297372,102.5723722608228,137.32000732421875,66.98168414227227,148.1757052425822,120.54207226503831,186.6549390469442,132.8019702168714,301.4921344491671,378.0,11.067257345334347,103.11655205021138,139.11000061035156,67.3974102462156,152.88362898774787,945000,3706200,3114300,1616100,2863700,13837900,994900,28646000,658900,3182900
2025-07-07,118.79869079589844,183.2177276611328,131.8454132080078,299.04437255859375,376.92999267578125,11.223134994506836,101.79073333740234,134.8000030517578,67.36772155761719,150.49497985839844,120.29301395056383,186.8893027377901,133.03863563744466,303.2732224529134,382.2200012207031,11.349784132743016,103.45294628099008,137.44000244140625,67.84284253405838,153.1016878497868,117.65304152388418,182.43653735334283,131.00721278389426,297.8005931779115,375.5199890136719,11.02828816531586,101.56317273868845,133.5,66.74413235584286,149.61286418762964,119.94434006791269,184.98516160627855,132.64417510215813,302.0194831201593,378.8999938964844,11.106226525352834,103.26496307957788,136.55999755859375,67.30833426748393,151.4464827203049,1459900,11049100,8927400,2753300,3545100,11717000,1667600,37395000,1935500,3877000
2025-07-08,120.55203247070312,185.30740356445312,131.5101318359375,301.8204650878906,382.239990234375,10.784730911254883,102.14691925048828,137.82000732421875,67.7636489868164,152.37815856933594,122.64408337369933,188.46144323520735,132.86112342000573,306.238371859984,386.6000061035156,10.9893193453293,102.54268566282335,139.14999389648438,68.1001945579726,153.25035314249652,118.82857641601521,182.28029670276138,131.00721158606768,299.01452189402653,377.17999267578125,10.697050021066051,101.12782583404157,135.91000366210938,67.09056539629513,150.18772835304506,119.12744408809493,182.39747003419316,131.3918011999989,300.2483413177924,378.5,10.84318514774696,101.21687686240978,137.32000732421875,67.41721056929615,150.38595370496225,1917000,7106900,4782600,2890500,3708200,19675200,2434200,36124600,1200400,3252200
2025-07-09,120.8409423828125,186.1374053955078,131.37208557128906,295.91998291015625,373.3800048828125,12.918296813964844,100.83100891113281,138.41000366210938,68.79307556152344,154.59829711914062,121.88696409051087,186.5963541416801,131.91445944396523,302.6762009794561,384.75,12.996235180608183,101.95893830457533,140.64999389648438,68.95145173443869,155.26236032486617,118.45002367868315,183.89150375249628,129.6463600973125,293.3229861499648,370.9100036621094,12.177881401754503,100.52428597178151,137.58999633789062,67.51619598661254,152.47725422557914,120.94056241204267,184.06726374892014,131.61861778185715,301.6513279887959,383.5,12.431181557894664,101.90946467121061,138.69000244140625,67.91212886710912,153.01247927854385,1806700,5594100,4613700,3177400,4726600,70142200,1689100,37013100,1346300,2855900
2025-07-10,123.7000732421875,190.41441345214844,131.74679565429688,288.3599853515625,371.42999267578125,12.090200424194336,101.19709014892578,144.16000366210938,69.75321197509766,155.92645263671875,125.96148661823862,192.85562388102215,133.17667920902815,292.6000061035156,373.5,12.772161592201776,101.22677131053211,145.82000732421875,70.99049753574067,158.05740169508303,120.48230152631048,185.1023371749247,131.1649683061664,285.7900085449219,365.510009765625,12.041488713101245,100.0295833178365,141.85000610351562,68.78317677276516,154.5784990333423,121.16968503312545,186.02023468017578,131.87498214869063,292.0400085449219,371.989990234375,12.752677465223707,100.65291790603699,143.0,68.86236486107633,154.72716427048385,2269500,6049400,4857100,5197200,4022500,35389100,2123900,61101500,1588200,4043400
2025-07-11,122.81344604492188,187.92437744140625,130.18873596191406,281.05999755859375,363.3500061035156,12.265562057495117,100.4946060180664,146.4199981689453,68.3773422241211,154.4595489501953,123.1920128005531,189.4379309002416,131.72709457185508,287.739990234375,371.1499938964844,12.42143878774437,100.94973476574431,147.39999389648438,69.39686418642,155.1632663485053,121.87700103954498,186.66471940532273,129.43926840015556,280.42999267578125,362.70001220703125,11.836900120211077,100.09883959224574,141.60000610351562,68.19917282427726,153.44859510851066,122.46477213883084,189.33051704445415,131.42139703361454,287.2099914550781,368.0,11.953808596996614,100.46492485713777,142.60000610351562,69.0504257844433,154.6676954020863,1383000,4991000,4661200,5077100,3548700,20994400,1348200,50049200,1076900,2401300
2025-07-14,119.62554931640625,187.01625061035156,130.19857788085938,279.989990234375,366.989990234375,12.255819320678711,101.58295440673828,146.24000549316406,68.1496810913086,156.51121520996094,121.39881154582814,188.13920143505672,131.24387195010183,280.94000244140625,367.67999267578125,12.479892813416614,101.64232427509603,147.5800018310547,68.44663262009328,156.70944055782837,118.8186096588056,185.57104332468626,129.8830245048289,276.95001220703125,360.17999267578125,12.099942593086388,99.79212064078862,141.89999389648438,67.52609194301002,153.54769559520042,121.37888298116022,187.21154446247866,130.18872201030956,280.69000244140625,363.19000244140625,12.236335194278961,100.33630040047211,145.08999633789062,68.27836361128446,154.21175882854985,2028700,4072800,4881700,4281800,2898700,15830000,2048900,44718600,865000,2961300
2025-07-15,112.51258087158203,183.57887268066406,130.24810791015625,276.07000732421875,364.17999267578125,12.80138874053955,99.5546646118164,155.61000061035156,66.55606079101562,155.20289611816406,119.3067702696757,187.79432068512162,131.1891323215926,281.1099853515625,368.32000732421875,12.86958457628923,101.57306653399307,158.67999267578125,68.72378744558836,156.87792823699138,111.50640108960393,182.21968097772873,129.0693448108598,275.9599914550781,363.8800048828125,12.333757630702753,99.5150872154659,153.55999755859375,66.44717906076275,154.64785911104065,117.55342886356476,187.34126680324758,130.65422405257556,281.0400085449219,367.0,12.440923577279195,100.99920560983553,153.75,68.56541127365998,156.51121059806144,3950600,6729200,5084800,3970300,2551000,20842500,1695800,93370100,1198600,3058900
2025-07-16,113.00071716308594,187.7056884765625,130.49575805664062,279.6700134277344,361.7699890136719,12.684481620788574,100.36598205566406,160.0800018310547,67.35782623291016,156.164306640625,114.02681784566117,188.50346971247075,131.77356771765974,280.2699890136719,365.54998779296875,13.103400106142313,100.44512929950426,160.36000061035156,67.3875198768846,156.28323882243643,111.43665923322921,183.6872209284162,129.07925614630446,276.0299987792969,358.7099914550781,12.450665593478769,98.99069961834924,152.85000610351562,66.11064032344362,153.4783207105547,113.03060241007037,184.1008847163443,130.87215878514348,276.75,364.5899963378906,12.937780845968064,99.91085332196286,155.30999755859375,66.59565412920615,156.22377273153072,2248800,6202600,9893000,3176400,3592900,12922400,1606700,59492800,1711000,3194600
2025-07-17,115.91963195800781,188.5133056640625,119.37181091308594,282.70001220703125,366.45001220703125,12.850099563598633,100.34619140625,160.41000366210938,70.03035736083984,157.63119506835938,116.12883629331118,189.22244785071436,125.66183500829983,283.1300048828125,366.9599914550781,13.035203874246863,100.5836557879341,161.9600067138672,70.07985180018588,158.05739393327787,112.82140125802394,185.42066363897496,118.6387946137022,278.25,359.2799987792969,12.742934545764477,99.58434727370917,158.67999267578125,67.51619238824281,155.40112587899696,113.66818288201974,186.1495083943273,125.35476531041584,280.75,360.6000061035156,12.801388783100387,99.93064006122773,161.80999755859375,67.78345027784553,155.8669637639982,1552900,4853100,27560600,3513000,3340500,12464500,1955800,50605100,2210400,5024200
2025-07-18,113.55860137939453,186.4055938720703,122.50196838378906,282.44000244140625,365.7900085449219,13.025461196899414,100.7518539428711,156.99000549316406,69.5849380493164,151.87266540527344,116.75645218466866,189.43914341824276,124.44345580542159,283.82000732421875,367.7900085449219,13.083915433563927,101.42465459293732,160.8300018310547,70.32730933340531,162.69593287496224,113.10034316685429,185.72601300832244,121.11518949481241,280.6400146484375,364.0,12.859841943631624,100.12851937746737,155.80999755859375,69.18900518744408,148.9190668497894,116.37789303531481,188.6216595932231,121.47178999647318,283.239990234375,367.07000732421875,12.908553652668957,100.60344059165037,159.58999633789062,70.14913992315233,161.1001938498631,1521800,5332000,19571900,4207400,2459200,9223800,4577800,48859800,2486900,11701900
2025-07-21,111.61598205566406,182.06211853027344,123.24488067626953,282.45001220703125,367.67999267578125,13.337214469909668,100.04937744140625,157.0,68.36744689941406,151.46630859375,113.2298538515859,187.03594295971402,124.83967521116469,284.6000061035156,368.2799987792969,13.522318775957636,101.29603154113418,160.33999633789062,70.01056565898458,152.2889430411934,110.33086318862792,181.8454353439173,120.45151521243307,282.17999267578125,363.1300048828125,13.054687676187797,100.03948120450195,156.9199981689453,68.32785285742294,148.01712397981052,112.80148089590719,186.76016709138037,123.08639576829,283.5199890136719,366.489990234375,13.161853620457219,100.87058393765392,157.6199951171875,69.84228909257448,150.9013504656716,2060800,4954800,10308000,2955600,2770400,18075400,2102000,39021100,1761500,5194000
2025-07-22,115.75027465820312,184.28802490234375,124.54251098632812,286.9599914550781,372.8699951171875,13.454123497009277,101.61264038085938,154.72000122070312,70.37679290771484,149.86065673828125,116.60702054651323,185.36158201636974,125.18636583268598,287.07000732421875,374.5,13.541803460805305,101.75115749922945,156.22999572753906,70.42628734504024,152.6953232620239,111.71559907719576,182.11134930514976,123.05667815811171,281.79998779296875,368.0,13.249535056621347,99.67339317506146,149.33999633789062,68.31794816434844,148.9884621242551,112.42291112907584,182.1507544449008,123.15573216852549,281.79998779296875,368.0,13.424895913312003,100.20767672389611,156.1999969482422,68.41693703899924,151.62488816316733,1692000,4432100,7098400,3614500,2449000,10987900,1970100,49028000,1668100,4927800
2025-07-23,119.01786804199219,187.6761474609375,124.64156341552734,286.0400085449219,372.4599914550781,13.580771446228027,101.80062866210938,158.64999389648438,70.65394592285156,149.48402404785156,120.33287220947214,187.92237698659375,125.840134308203,291.0,373.989990234375,13.639225679371538,102.057877967958,159.4499969482422,71.33692991077008,151.29780036061715,117.0354013077998,183.95315823530737,122.08592916965534,285.7799987792969,369.260009765625,13.317729719828518,100.92994857512036,156.0,70.46588366885847,148.47305510614024,118.92820469393705,184.22893410174976,125.12693335053301,289.739990234375,373.489990234375,13.55154479420553,101.99850809822887,156.32000732421875,70.88160976942144,150.57427103034934,1939700,4344500,6439600,2953400,1994600,9254400,1687100,41510900,1820000,4976700
2025-07-24,119.89452362060547,187.95191955566406,124.45335388183594,281.7099914550781,371.69000244140625,13.444380760192871,101.36528778076172,162.1199951171875,73.18791198730469,147.9774932861328,122.28544213562192,189.34065765937478,124.79014657737342,284.3999938964844,376.0,13.571030833617202,102.12713948398677,163.92999267578125,76.52362875617844,149.94985604921067,118.9780072633473,187.12459197293919,123.52222958178471,279.2699890136719,370.6099853515625,13.200823141091908,101.03878745656783,158.36000061035156,71.81205115916076,146.50068636480574,118.9780072633473,187.88296807610834,124.09675340766043,281.7799987792969,371.8999938964844,13.541803250374105,101.4642350503045,159.1199951171875,72.79197912952567,148.67128961293471,1602800,3462700,4708000,3952800,2692100,8090800,2409400,48440100,4191200,4860900
2025-07-25,119.72517395019531,187.41021728515625,125.34486389160156,283.1499938964844,370.739990234375,13.444380760192871,102.27555084228516,166.47000122070312,71.32703399658203,149.93003845214844,120.55203460379545,188.5133207622268,125.53307180992643,284.29998779296875,372.4100036621094,13.522319123977292,102.43385288295171,167.17999267578125,73.62343564397638,150.0588766142279,118.56956037159452,185.68661058790465,124.26515472507587,280.55999755859375,369.510009765625,13.31773068676854,100.92005329135998,162.36000061035156,70.76283209555213,147.8783674734305,120.04396259247815,188.5133207622268,124.58213210695429,281.79998779296875,372.30999755859375,13.463864886589684,101.54338031477519,163.50999450683594,73.40567973365263,148.67128401289094,1972700,3786800,4741200,2632300,2053200,7837600,2023600,53432300,1924100,2818000
2025-07-28,119.08759307861328,185.6767578125,125.15665435791016,277.0400085449219,369.4700012207031,13.161853790283203,99.81190490722656,173.66000366210938,70.30751037597656,150.70310974121094,120.31293379776814,188.32618981180207,125.79060911348469,280.989990234375,372.5899963378906,13.49309229666524,102.19639204935302,174.6999969482422,71.19835745054485,152.51690100222245,118.27069673233653,184.81002510617327,124.44345336855461,275.7099914550781,368.7200012207031,13.09365702602312,99.67338779633135,168.6699981689453,70.13924135961128,148.8199312966896,118.95808780926569,188.32618981180207,124.95854633079443,280.19000244140625,371.0299987792969,13.454123115273152,101.90946159146542,169.0800018310547,70.891513061668,149.26595719382837,1679100,3776900,8168400,3693900,2984200,10307000,1877600,68267800,1400300,3970300
2025-07-29,119.3864517211914,188.33604431152344,126.80097198486328,278.8999938964844,370.70001220703125,13.083915710449219,99.75254821777344,177.44000244140625,70.91130065917969,150.44541931152344,120.05392182583732,189.58689453329475,126.89013344442638,278.9599914550781,376.1600036621094,13.23979243938853,100.99920983480655,182.30999755859375,70.99048873767684,151.74382787817456,118.41016487048975,185.0267188236131,124.28496830282681,276.5400085449219,369.7099914550781,12.889068870176486,99.5249800663926,174.67999267578125,69.98085961631512,149.8110891132654,119.2967959820643,186.29725658717197,124.81986904417421,277.45001220703125,370.45001220703125,13.142369019252165,100.45503004799377,175.2100067138672,70.63414993623046,151.05001646327133,1212200,6715500,5834100,3492600,4234200,11333500,2002800,108154800,1382700,3918100
2025-07-30,117.60324096679688,186.45484924316406,127.33588409423828,274.0,364.0,12.742934226989746,97.54615020751953,179.50999450683594,70.10954284667969,145.3212127685547,120.00411633179051,189.79372111090933,128.47501661882373,278.69000244140625,370.7200012207031,13.05468767405295,99.65360313336699,180.3699951171875,70.95089542186594,151.14913166851358,116.78634457365717,185.1744526652911,125.87976662543919,272.3900146484375,363.4800109863281,12.587057503458144,97.07123655424152,173.8000030517578,69.60472828085157,145.20228058647368,119.78494770915188,188.87775446151795,126.76136021885658,278.5,370.67999267578125,13.03520354816078,99.65360313336699,175.61000061035156,70.89150813828294,151.1293045969586,979100,5008400,5359700,4272700,3295200,9419600,2508700,64820300,1453900,3529500
2025-07-31,114.37549591064453,186.16921997070312,124.9981689453125,267.1000061035156,357.69000244140625,12.811129570007324,98.30799865722656,176.30999755859375,70.40792083740234,147.898193359375,117.89213531079778,195.83126394550578,127.9302040100581,273.8800048828125,362.5,12.898810455906297,99.16879000502632,182.5,70.75603023901876,148.23517797076403,114.03678629840718,184.79032563942692,124.6217531150339,266.1300048828125,354.2699890136719,12.6357687273079,97.01187106624316,173.0,69.51277695594882,144.27061042889335,116.12883726954857,194.0879547332497,126.33541701631128,271.0,362.260009765625,12.76241879259547,97.3185864384933,182.02000427246094,69.55256197159297,144.89503465629798,2339500,10347900,6722600,4794100,4513100,15200000,3106200,71765300,2465000,4390400
2025-08-01,113.0704574584961,192.2757110595703,126.08777618408203,255.3699951171875,347.79998779296875,13.063916206359863,97.05145263671875,171.6999969482422,70.02997589111328,143.13079833984375,113.88735385153223,194.0879567413791,126.56323846256393,265.1099853515625,356.2900085449219,13.587263507888169,98.35748416989613,174.39999389648438,70.40792216453282,145.42033359599003,110.76920212212426,186.92759800685974,124.28496596705341,254.1999969482422,347.4599914550781,12.836803972706027,95.9235231749902,166.82000732421875,69.1746170091811,142.97221201400583,113.02064364407691,187.05564216794818,124.28496596705341,264.6300048828125,355.95001220703125,12.994795255543883,98.35748416989613,170.16000366210938,70.11948648683791,145.20228117886901,1888600,8082000,5453300,6042400,4307900,19650900,2768300,75396100,1263000,4074400
2025-08-04,114.40538024902344,194.2159881591797,128.7028350830078,258.7799987792969,338.8500061035156,13.261406898498535,97.51647186279297,176.77999877929688,69.9603500366211,146.5601348876953,114.59466361936916,194.39326619029416,128.90095822275404,259.1400146484375,351.2099914550781,13.38977505749165,97.65498897804903,177.86000061035156,70.20900071077152,146.86738642960785,111.58609626201553,190.79832140301303,126.24626231982378,256.6099853515625,338.0400085449219,13.004670580512304,96.59631814081112,173.55999755859375,69.51278185843687,143.71556272707085,112.741702248101,191.87187844562334,126.24626231982378,258.0799865722656,351.1600036621094,13.17253656214158,97.02176572298804,174.61000061035156,70.05981637685436,144.10210742877112,1343200,4217500,5671400,3470600,6449300,9850700,2033500,52951000,1111300,3641300
2025-08-05,114.4552001953125,195.55548095703125,129.45567321777344,247.07000732421875,338.739990234375,12.57019329071045,97.8726577758789,174.30999755859375,69.94046020507812,148.76048278808594,114.99315748681461,196.87526753124024,130.23820524611045,255.8000030517578,342.739990234375,13.310778153793377,98.54545840656932,177.99000549316406,70.4377615454408,149.8804779644576,113.81762287216657,193.51669338891094,128.02927118238392,245.74000549316406,337.3500061035156,12.510947029017132,97.58572731807982,171.8000030517578,69.36358882908551,146.68899986559984,114.37550112978894,194.57056291144426,128.68304130104983,255.74000549316406,339.30999755859375,13.300904404646058,98.05075228249156,177.57000732421875,70.12943714264514,147.1449317898474,1271000,4153400,5355400,10175900,3909000,9892100,2985500,88808500,1132600,3743900
2025-08-06,112.80148315429688,193.3394317626953,129.69338989257812,247.5399932861328,345.6199951171875,12.678812980651855,101.22676849365234,163.1199951171875,70.17916107177734,149.48402404785156,114.64448028868905,195.06303848875078,130.4759369938274,248.08999633789062,345.6600036621094,12.945423041129754,101.51369896222381,166.17999267578125,70.8753874848261,150.04896704929706,112.13401300032655,191.73401040297023,128.5839728641141,244.0,339.19000244140625,12.530695443317601,96.43801665612847,157.8000030517578,69.98024357560116,147.32332690761555,114.64448028868905,194.2553984090718,128.85142701014504,247.6999969482422,341.6499938964844,12.609692028250613,100.42534695811536,165.0500030517578,70.15927235744616,148.9388929947903,1058700,4057200,5170100,8064700,3347200,8651300,3640300,133641800,1020600,2636900
2025-08-07,113.54864501953125,195.86080932617188,130.81272888183594,241.72000122070312,338.2699890136719,12.688687324523926,101.19709014892578,172.39999389648438,70.23884582519531,150.3958740234375,114.48508241280868,196.8161810628267,131.24857562679352,251.3300018310547,347.3800048828125,13.08366552987702,102.68120861817742,175.75,71.18371536055112,151.12930933409228,112.73174862085207,193.53640206410304,129.49528853536836,239.82000732421875,332.6499938964844,12.659063252845701,100.41545351595256,166.6999969482422,70.00013571225402,148.65145463890755,114.06667373067275,194.07811001199863,129.92123516873116,248.1999969482422,344.0400085449219,12.93554893829519,101.38508090392173,166.83999633789062,70.88533151348274,150.63373839505533,1157400,4683300,4690600,7246300,4661800,6860200,3676000,95448300,861200,2293900
2025-08-08,114.18622589111328,195.0630340576172,133.0117645263672,239.1999969482422,341.04998779296875,12.955297470092773,102.42395782470703,172.75999450683594,70.44770812988281,151.94204711914062,114.56478505336283,197.30864613883026,133.4377111651629,242.9199981689453,341.57000732421875,12.965172160722595,102.70099960913967,176.47999572753906,70.5471668780997,152.3285918318527,112.96087745457405,194.16675497355067,130.50566082557003,238.02999877929688,336.3699951171875,12.639314903557102,100.41545206642525,170.52000427246094,69.90067363236581,150.07869562010598,113.87739391087585,196.07749850532932,130.5551916135241,242.66000366210938,338.67999267578125,12.698561163931375,101.48401916052939,174.0399932861328,70.12943558265913,151.05001038883447,1129700,4101700,4985400,3810900,3507800,6522000,2014600,68866700,1357300,2376400
2025-08-11,113.69806671142578,195.6441192626953,130.1193389892578,238.61000061035156,333.6499938964844,12.639315605163574,103.06707000732422,172.27999877929688,70.14932250976562,153.93423461914062,115.23223941836537,196.42219790327022,133.08110464499046,241.82000732421875,343.3999938964844,13.113289481277297,103.24516451035764,178.82000732421875,70.74608257207889,154.23158019174824,113.29958661135478,193.92051268918684,129.31699165051376,236.9600067138672,332.4700012207031,12.550445267966655,102.18649372805231,169.3800048828125,69.15471987650488,151.80328574209693,114.60462642028492,195.19105035076416,132.8136504938512,238.0,334.5299987792969,12.984921321070901,102.84939810932599,170.0399932861328,70.47754319991348,152.38805578992998,1082300,6067800,7125600,4675000,4366200,6236900,2013000,70651000,1100700,3354500
2025-08-12,116.87599182128906,195.6441192626953,129.78256225585938,237.8699951171875,338.42999267578125,12.747934341430664,102.45364379882812,174.9499969482422,70.94500732421875,156.45175170898438,116.92580563209273,197.0033109698321,130.64434054754588,242.4199981689453,338.760009765625,12.896051883509834,103.69040913899448,175.16000366210938,71.03451791845545,157.05634886034886,113.96704464263604,194.0781031827852,128.3957757390829,236.6699981689453,330.0400085449219,12.599817741053872,102.41406640210882,168.5,69.97029340930695,154.2315884546767,114.0766289459878,195.1024113338613,130.49576329541878,238.92999267578125,333.5199890136719,12.708436518550027,103.40347867424191,173.32000732421875,70.34824726465979,154.4099867336245,917400,3049800,5657500,4832300,3569400,5914900,3231300,52243500,946100,2748200
2025-08-13,119.83475494384766,198.43145751953125,128.17784118652344,245.67999267578125,351.07000732421875,12.886177062988281,104.58087158203125,184.4199981689453,73.24253845214844,158.78091430664062,119.94433924915005,198.67768705285786,130.40659046220262,246.72999572753906,351.760009765625,13.113289306846163,104.72928492893733,186.64999389648438,73.41161908127623,159.0485268288924,117.41395114579376,196.2055479485757,127.11795494616395,237.30999755859375,337.54998779296875,12.678813259521256,102.70099434994226,179.3800048828125,70.91517189625011,155.2326248260986,117.61319119151419,196.7472408989678,129.88159739754983,238.75,339.5400085449219,12.767683595536035,102.98791725904658,179.91000366210938,71.11408939072798,156.98695005744557,983500,3558500,6723700,5278400,4375100,6164500,2447500,108305100,1250200,3132000
2025-08-14,118.42013549804688,201.59303283691406,128.05899047851562,246.16000366210938,348.5799865722656,12.777557373046875,104.18511962890625,180.9499969482422,72.12858581542969,155.2623748779297,118.95809276319596,201.96730653029041,128.91086865775773,246.6699981689453,351.55999755859375,12.866427709257557,104.79855043214913,185.44000244140625,72.78502725206212,158.65209353476752,117.70285914451473,197.83065344743093,127.31607398899081,242.35000610351562,346.1000061035156,12.471449483546051,103.83881928029469,179.55999755859375,71.8202614008871,155.2425629286473,118.77877367481294,198.7564788813675,127.8806977760735,244.5399932861328,349.5,12.668938596401803,104.79855043214913,179.8300018310547,72.10869709987259,158.18625562499963,926300,4635400,9688300,4928200,3745600,5770600,2575000,66308800,908700,6344900
2025-08-15,118.74888610839844,203.57272338867188,130.5056610107422,247.00999450683594,354.8500061035156,13.142912864685059,104.26426696777344,177.50999450683594,71.82025909423828,151.04010009765625,119.50601202641805,203.72045509140705,131.10000023768555,249.39999389648438,357.2900085449219,13.370025099638434,105.03601491379777,180.13999938964844,72.33745674071056,155.97598208588397,118.0415740062369,201.2384723135117,128.4453041692595,245.74000549316406,348.0,12.649189632140505,104.03670636270043,176.25,71.49203838646352,150.26701069432988,119.1573381169752,202.80448847713416,128.6929429947068,245.74000549316406,348.3299865722656,12.817054664839507,104.66992963998943,180.05999755859375,72.20815353498435,155.97598208588397,1238500,4430900,6784500,4223400,3718700,13878400,2645900,51543100,1251600,3921100
2025-08-18,117.7028579711914,203.45452880859375,129.0396270751953,249.1300048828125,357.239990234375,13.19228458404541,104.64025115966797,176.13999938964844,71.76058197021484,151.5059356689453,119.14736734616784,205.1978229365152,131.05045287432324,250.99000549316406,358.3900146484375,13.330527429737007,104.69961348449215,178.8000030517578,72.0490176463066,154.05316222252367,117.7028579711914,202.85372819692876,128.93066540119304,245.10000610351562,353.0,13.123163632050783,103.87839943087789,174.36000061035156,71.4423094290474,150.84187247990155,118.66918818226038,203.48407514780214,130.38678271982673,247.0,355.67999267578125,13.182410834976423,104.32363951291052,176.75999450683594,71.9197144466906,151.01036477052844,1021100,6083500,3831400,3776000,2923000,9581000,1771700,35937500,1066600,2585500
2025-08-19,119.65543365478516,203.08026123046875,130.0103759765625,255.8800048828125,361.0299987792969,13.133038520812988,105.7582778930664,166.5500030517578,72.42696380615234,152.9728240966797,120.13361279589974,204.66597993971763,130.47593815113817,257.6199951171875,364.239990234375,13.409523274662066,105.8374326870504,173.1699981689453,72.98393885528415,154.3406046409326,117.70285236077302,202.00670413061866,127.46464174049241,250.39999389648438,358.1199951171875,13.103415389754748,104.4126765898052,166.10000610351562,71.69095997862588,150.70311599473533,118.05152623461083,203.41512977064374,128.69293568623917,250.52999877929688,359.2200012207031,13.251531986748308,104.59077110196085,173.10000610351562,71.90977377313222,151.48611137418698,1313500,3975500,4845700,4555700,2808000,12492300,2275400,64455000,764200,2146200
2025-08-20,118.65922546386719,205.99560546875,131.18914794921875,255.0500030517578,353.42999267578125,13.034293174743652,107.34003448486328,165.1999969482422,71.46220397949219,153.3791961669922,120.00411483080326,208.4973057478614,132.5462038900621,260.3900146484375,363.0,13.28115479146873,108.07619199267107,166.64999389648438,72.64578364560028,153.9639662093,117.83236479808039,203.53331032793943,130.47594691535264,254.99000549316406,353.20001220703125,12.84667876038162,105.94729852618343,158.25,71.46220397949219,151.81319028143778,119.4163513506431,203.53331032793943,130.80283198209747,257.0400085449219,361.67999267578125,13.192284458775328,106.07662113477927,164.10000610351562,72.24794103959435,152.75477198277855,1431900,5782100,3639800,5069900,3727900,6568600,2684900,60233200,847700,3258200
2025-08-21,116.7066421508789,206.34033203125,130.75328063964844,253.99000549316406,353.42999267578125,12.807181358337402,107.62852478027344,163.7100067138672,71.36273956298828,153.01248168945312,118.25077154684219,209.24583728085128,131.94194380434718,255.0,353.82000732421875,13.024418910136323,107.97670685435557,165.8800048828125,71.82025586771908,153.83513122928744,116.58709356001204,205.71982884890707,130.5056418505582,250.72999572753906,347.0,12.728185713737364,106.98189659137805,162.25999450683594,70.85549009087146,151.79336634050478,118.0415672132157,205.98576093114787,130.87214242171666,255.0,349.9100036621094,12.994795778836899,107.30023557193886,165.86000061035156,71.08425203734484,153.00256059196013,744700,5323900,3980000,2670200,2363200,6464600,3395500,37880500,723300,2236900
2025-08-22,121.16968536376953,207.4237518310547,131.33770751953125,259.2200012207031,362.0899963378906,13.320652961730957,107.89712524414062,167.75999450683594,73.21270751953125,157.3140411376953,121.94673981791,208.28062574393115,132.35797814444345,262.1700134277344,362.6499938964844,13.35027703454036,109.08095194103412,168.52999877929688,73.45141004989097,157.70058586775437,117.02543294429148,203.9962261222346,130.0995135461259,254.47000122070312,354.0,12.86642753737938,107.75785240801201,161.8000030517578,71.52188591480696,153.62699211699737,117.82240076316143,207.66012254983048,131.51601531133133,254.69000244140625,355.79998779296875,12.905925359422893,108.10603449833353,162.1699981689453,71.74069214117699,154.3703485304667,1291000,5516900,4130200,3102600,3058600,6481500,2231000,43998600,674100,1958200
2025-08-25,118.6990737915039,204.4197540283203,130.62451171875,256.04998779296875,363.2099914550781,13.320652961730957,106.82272338867188,163.36000061035156,72.14847564697266,155.18319702148438,121.22946197649426,208.11319689189395,131.70422839317266,259.7300109863281,364.6499938964844,13.449021118797964,108.14582286100548,165.58999633789062,73.02372322908344,157.24433256169812,118.03161125623453,203.92729497984382,130.24811101400937,255.0399932861328,361.3999938964844,13.142913233386329,106.78293006734606,161.72000122070312,71.96944687015274,155.13340790933347,121.04017860658891,207.128278794941,131.46648969964716,259.2200012207031,362.55999755859375,13.24165731764393,107.69816127823997,165.5500030517578,73.0137826663049,156.91574265370673,1482500,2796200,4705800,2358600,2259500,6339600,1719700,36134700,625000,1606300
2025-08-26,117.852294921875,205.21754455566406,130.34715270996094,255.4199981689453,354.9100036621094,13.17253589630127,107.59868621826172,166.6199951171875,71.98934173583984,155.90011596679688,119.17725574059838,205.43422774907782,131.09998432131388,256.69000244140625,363.2300109863281,13.370024999499469,107.65837240781805,169.77000427246094,72.64578316968162,156.04946810809048,117.66301154754838,203.45454769506102,130.13914458605635,253.16000366210938,353.70001220703125,13.17253589630127,105.82791750015399,164.91000366210938,71.80037238009284,153.91862479578094,118.77877562699432,204.390216923716,130.61460684108226,255.33999633789062,363.0299987792969,13.320652488274337,106.38501643194755,168.64999389648438,72.02912675500146,155.0935688233004,1898200,3702900,6076500,4884400,4067400,6535900,4624400,52138600,1132900,2960600
2025-08-27,118.24081420898438,204.9220428466797,130.21839904785156,257.1199951171875,356.3500061035156,13.19228458404541,106.85257720947266,167.1300048828125,72.02912139892578,155.8602752685547,118.74887861617958,207.24644999782586,130.5056534182019,258.2900085449219,360.3699951171875,13.310778048194347,107.84738750242832,167.67999267578125,72.67561463284989,156.5473254908267,117.06527967380133,204.67581333926444,129.32689025930262,255.44000244140625,355.1600036621094,13.054042680056154,106.85257720947266,164.64999389648438,71.51193136471608,155.083613763422,118.05153084129164,205.67059016756215,130.2282991590107,256.1199951171875,355.9800109863281,13.123163632050783,107.23060238846773,166.0399932861328,71.6909601435225,155.37236629491866,1698600,3459100,4759200,2239000,2353800,7315000,3554800,37031000,1111900,2155000
2025-08-28,124.4870834350586,204.78416442871094,130.1292266845703,256.1700134277344,353.9599914550781,13.310778617858887,105.54936981201172,168.5800018310547,71.23344421386719,156.8858642578125,124.94534163630976,204.87280344861705,130.39668081019107,258.1300048828125,358.260009765625,13.389775205708023,106.66356006450536,170.99000549316406,72.43691250452886,157.79197439503,117.75266477212932,202.390820719303,128.91084806845478,253.9600067138672,349.1099853515625,13.133038884879884,105.24098105213051,166.64999389648438,70.93506038488304,155.9100615219261,118.3504001307812,204.51823234033546,129.68347988498388,258.0,357.6300048828125,13.27128079478551,106.57402319208168,168.5,72.27777243887972,157.08500550279908,3886400,4523100,4674700,2984900,3803100,7638700,2439600,36285200,1081400,2982200
2025-08-29,125.18444061279297,207.2267608642578,131.4070587158203,259.9700012207031,356.70001220703125,13.370025634765625,106.30542755126953,162.6300048828125,70.90522766113281,154.86456298828125,125.82201791066653,207.81771773183024,131.59526662539955,260.3800048828125,357.25,13.488519102314667,106.62376653854508,168.57000732421875,71.68101655594548,157.56297492637879,123.64030358169616,204.76446563046835,129.93112600119588,256.0899963378906,352.4599914550781,13.261406858271261,105.74833622098735,161.89999389648438,70.63668068171832,154.65546998257696,124.52693474906785,204.8629634512829,130.76318875596115,256.9200134277344,354.0,13.291029989732928,105.83786550343979,166.80999755859375,71.66112784068564,156.9257137769634,1781200,4264700,4430700,2805800,2639300,8383900,2399000,37516800,886400,3279100
2025-09-02,124.73613739013672,208.72384643554688,130.21839904785156,256.1700134277344,345.6300048828125,13.241657257080078,105.07186126708984,162.32000732421875,70.00013732910156,153.60995483398438,125.04496175194564,208.96023219494523,132.140063525198,260.3999938964844,352.7099914550781,13.251531947971381,106.24573766489712,162.38999938964844,70.57700873304279,153.82901477201318,121.33904660867621,205.8380435542657,129.6042445184938,251.97999572753906,341.2799987792969,12.994795635011613,104.42523308706213,156.6199951171875,69.7017610633578,151.05094337314964,124.4073844627474,206.97069338215152,131.4367777660609,257.8500061035156,350.239990234375,13.182410995136964,106.07661415426227,158.4199981689453,70.28857303107218,153.29131667194108,2412700,4335500,5779200,3537800,4229400,7490700,2980000,38656100,1311500,2745100
2025-09-03,124.74610137939453,208.6647491455078,130.93157958984375,254.14999389648438,348.5,13.063916206359863,106.18605041503906,162.1300048828125,70.40792083740234,151.3496551513672,125.35379341931305,210.20121897602695,130.9414948152729,254.80999755859375,348.510009765625,13.27128000051013,106.26563706142922,164.75,70.77592654094875,153.43070926325777,123.25177818625473,208.2904754585556,128.98019974375842,251.32000732421875,343.3599853515625,13.0244183856504,104.20638002233639,160.5800018310547,69.62218385191625,149.78636523619858,124.48708323110446,209.21630087660108,129.91130893905213,253.2100067138672,345.7200012207031,13.182410610190582,104.54461188479398,161.80999755859375,69.62218385191625,152.84323727457146,2497300,3973500,4806500,2934800,3035300,6474600,2169100,30752800,1337100,3964400
2025-09-04,127.99375915527344,209.7875518798828,131.55563354492188,252.94000244140625,344.30999755859375,12.649189949035645,107.98665618896484,161.7899932861328,72.24794006347656,154.85459899902344,128.34244064971602,210.95960680436028,132.57590419059457,254.6999969482422,344.4100036621094,13.152786943153734,108.20550806957777,162.0500030517578,72.24794006347656,154.93425853558992,123.33147805851283,208.46776525427677,130.45611666957802,247.88999938964844,331.5,12.185089835140195,106.14625114583856,157.7899932861328,70.40792657230257,151.36957404013103,124.52693358067901,209.04886331692546,130.9315789329321,253.27000427246094,342.239990234375,13.152786943153734,106.59392031435573,159.94000244140625,70.83560604004282,151.5487966022783,2715400,3531600,5073800,4165400,4918300,14742500,2429700,32103500,1185900,2741200
2025-09-05,128.26272583007812,209.35418701171875,131.68441772460938,254.9499969482422,348.9700012207031,12.767683029174805,106.37506103515625,151.13999938964844,73.2823257446289,154.6355438232422,130.50421035914746,211.10734001135043,133.05138881015887,258.6499938964844,354.6700134277344,12.935549002711387,108.3845744138502,157.13999938964844,73.69010889743794,156.88586882475323,127.90408769738544,207.8177171943928,131.19904020945845,250.19000244140625,345.1000061035156,12.510946723565642,105.74833330586554,150.17999267578125,72.54632188634338,153.61990369269137,128.23284058577372,209.34434324112573,131.25847110627822,252.92999267578125,345.80999755859375,12.718310517834222,107.94686306203762,157.1199951171875,72.64578063667122,155.13340454695287,1633200,4465400,3286900,4235900,4662600,12318500,2547800,78256000,1445100,2053300
2025-09-08,127.64509582519531,206.62596130371094,130.95140075683594,255.57000732421875,358.6600036621094,12.560319900512695,105.78812408447266,151.41000366210938,73.5608139038086,153.3411102294922,127.93399162935094,208.8026369143424,131.83299432292975,256.0,358.82000732421875,12.826929969156526,105.99704092733734,152.63999938964844,73.69010952150815,154.31691304040777,125.80209108499862,204.478847062404,130.36697678806362,249.47000122070312,343.5899963378906,12.471449563730626,104.11685005995751,149.22000122070312,72.2777755255297,151.34966723949879,126.99755423543871,207.80787504502004,131.01083165336553,255.27999877929688,348.8599853515625,12.826929969156526,105.75828098972065,151.8000030517578,73.01378697826465,153.94850094918033,2136200,5525500,5070200,4707800,5043300,7808200,2971300,41849000,1165600,2715500
2025-09-09,125.77220153808594,207.2464599609375,130.70376586914062,251.99000549316406,354.05999755859375,12.560319900512695,105.72843933105469,155.82000732421875,71.61138916015625,152.425048828125,127.77458913574308,207.54193838977184,131.91224451710448,255.9600067138672,362.75,12.649190237294764,106.40491065055645,156.66000366210938,73.16296683039724,153.49046293099929,125.37371383489082,205.9660634550935,130.4065962628968,249.83999633789062,353.0299987792969,12.402328609212296,104.93259563092346,151.92999267578125,70.87538534071064,150.90159615075518,127.61520621529827,206.36988347354517,131.05046626220408,255.0,362.75,12.599817723337795,105.66875314073995,151.99000549316406,73.08340438726333,153.49046293099929,1470300,3097100,4641400,3456400,4324900,6095100,1833300,42802500,1200300,1669200
2025-09-10,123.65026092529297,208.44805908203125,128.13821411132812,243.11000061035156,350.1600036621094,12.57019329071045,106.67350769042969,159.5399932861328,72.09874725341797,152.91294860839844,126.2404195026081,209.06856227336178,130.60470186268878,252.0399932861328,359.19000244140625,12.718310828348445,106.73319387738945,164.52999877929688,72.2578873270006,154.54593115985247,123.54067662082205,205.2963242736152,126.24625015760186,240.66000366210938,348.1199951171875,12.491197647317792,105.11165588331629,158.0,71.3030696501539,151.80769720388665,125.44344412473245,207.05932100079482,130.60470186268878,252.0399932861328,356.2900085449219,12.599817363259458,105.31061489971546,163.5399932861328,71.34285466854955,152.5046991721591,1669500,4520600,7397200,5117500,4552500,8260800,2093200,52465300,1105000,2811600
2025-09-11,126.2503890991211,216.89865112304688,131.39715576171875,244.14999389648438,350.54998779296875,12.688687324523926,108.12593078613281,155.6699981689453,73.89897918701172,158.78770446777344,126.56917774358575,218.42527708480927,131.42687121183033,244.55999755859375,355.25,12.826929225546348,108.18561697365813,160.2100067138672,74.31671047463834,158.81757489647427,124.39742772800756,213.48098433531698,128.17785100578462,242.35000610351562,347.1600036621094,12.619565432310392,106.37506258398983,154.99000549316406,72.108691399732,152.7436678355712,125.03500501693686,217.02669527691634,128.4651205097626,243.2100067138672,354.69000244140625,12.639314813429209,106.62376515174536,158.6199951171875,72.33745334574616,153.13199860218603,1474100,7647700,5578300,4644500,11804200,10472000,1927200,48817700,1673100,3663900
2025-09-12,122.77359008789062,215.04701232910156,132.46694946289062,238.5399932861328,349.3599853515625,12.718311309814453,108.56364440917969,158.57000732421875,72.17831420898438,157.19454956054688,126.05113983467204,217.05625365029488,133.68534330399038,245.25,366.5,12.846679470612631,108.94167717752667,160.41000366210938,73.7597363727828,161.40646247749117,122.66400578020792,214.93867073797196,130.1589539146697,238.00999450683594,341.6099853515625,12.540570634601226,107.55889147914213,154.9199981689453,72.13852919228711,157.13480870104488,125.97144077444447,215.81524723759978,130.57500042093582,244.5,361.1000061035156,12.639315663431328,107.94686688575074,157.0,73.41161937373568,158.42924969977116,1250800,4418800,5700300,5637500,14146600,12349600,1800000,42232800,766700,2865100
2025-09-15,125.15454864501953,214.32803344726562,130.08963012695312,237.8699951171875,347.1000061035156,12.866427421569824,107.8473892211914,161.16000366210938,72.85464477539062,155.98973083496094,125.93160310776122,216.28802592326775,133.08111138263496,242.25,358.0,13.034293399169396,108.72281956061605,162.3000030517578,73.03367355754821,157.70237299748743,123.23185245493859,211.07780063411622,129.723129500496,235.9199981689453,345.04998779296875,12.708436134817838,107.63847237731703,157.60000610351562,72.07885591544643,154.58575990053444,123.52075585765263,216.28802592326775,132.61554917972614,240.6699981689453,350.5,12.767683338201008,108.47411698341357,160.00999450683594,72.43691347976161,157.32399397284664,2084900,5162100,4057700,5385900,6768600,14860600,1836500,36808700,799600,3219500
2025-09-16,126.70864868164062,212.99838256835938,131.506103515625,236.80999755859375,352.7300109863281,12.540570259094238,107.07142639160156,160.4600067138672,73.21270751953125,155.83041381835938,127.09717210880058,215.41144393257716,132.3976122685295,238.75,356.94000244140625,12.876302217020774,107.54893865966032,161.9499969482422,73.31216627482975,156.8062166283443,124.5468553247639,212.584718770434,129.9608398148647,235.8300018310547,348.32000732421875,12.530695568166433,106.40490533372375,159.22000122070312,72.38718543294215,152.97269799236577,125.15454737247991,215.0371702459819,130.5155483110686,237.50999450683594,350.1600036621094,12.846679085939714,107.44945915083976,161.3699951171875,72.90438310164093,156.2286963385765,1721100,4251000,5401600,6464100,6697000,8826000,2874500,27946500,640100,2208600
2025-09-17,126.24042510986328,217.47976684570312,132.90280151367188,241.24000549316406,362.07000732421875,12.35295581817627,108.66313171386719,159.16000366210938,72.72534942626953,154.4961395263672,129.5877096847855,218.2086116620487,132.95233230113212,245.1999969482422,365.0,12.688687775510278,109.41918207237784,161.6300048828125,74.7941171975812,157.86166760206882,125.90170789903907,214.02270966796453,131.45659925374804,236.99000549316406,353.17999267578125,12.175215148598886,106.54418093094071,155.75999450683594,72.25788496069953,152.8830604907023,127.23664057619678,215.79556528295527,131.45659925374804,237.72999572753906,353.17999267578125,12.560319618782431,107.42956148509677,159.27999877929688,73.58070832322397,155.83040258577267,1921700,5258400,5113300,5248200,6449900,12631800,2354400,41823800,1083200,2757300
2025-09-18,127.13702392578125,218.6419677734375,133.2990264892578,239.5500030517578,367.4599914550781,12.787431716918945,107.43951416015625,157.9199981689453,72.67562103271484,154.735107421875,128.05353275450005,218.72076302247774,133.50703462635732,243.33999633789062,370.8599853515625,12.817054847617406,108.77255634089104,158.77000427246094,73.1231892250361,156.24860828171174,126.28027799394197,216.6031801547465,130.85235382650208,237.92999267578125,365.8500061035156,12.362830371233178,107.41962129334247,149.85000610351562,72.29767472782615,153.64977468662855,127.27649348672988,217.73584495246052,132.82354908939763,241.97999572753906,366.8599853515625,12.45169976332856,108.12593570713781,150.9600067138672,72.8645979792675,154.4861770591027,1513200,4445600,5891700,5698200,4752400,7340100,3167900,84549500,915800,1795000
2025-09-19,125.84193420410156,219.11473083496094,134.755126953125,239.6999969482422,365.8999938964844,12.886177062988281,107.47930145263672,157.38999938964844,72.69550323486328,155.92999267578125,128.06349798177834,220.11935150464424,135.43861248075288,240.97000122070312,370.30999755859375,12.925674885472363,108.00654967632117,159.83999633789062,72.99388706181968,156.73652465826046,125.54306653159094,218.24799809808457,132.4570466772045,234.17999267578125,362.5400085449219,12.589942923506479,107.24054911526639,155.89999389648438,72.07885445520343,154.028160968019,127.79451555641465,219.06548192424614,133.42778657131996,239.52000427246094,368.94000244140625,12.866427680895056,107.80759066014589,157.3800048828125,72.48663759128019,155.24294241114956,2844300,14415100,11547400,11522600,7693000,13127500,6940700,55448100,2025700,6507100
2025-09-22,125.8519058227539,219.23291015625,135.32965087890625,239.99000549316406,364.0799865722656,12.96517276763916,106.8426284790039,159.7899932861328,71.8699951171875,153.2017059326172,126.14080922954929,221.76415681639222,136.19144420821317,242.49000549316406,365.3800048828125,13.014545281397131,107.60862907580466,162.67999267578125,72.42697021560907,155.04379672892568,124.69629219557234,218.0904015852444,133.67542545620785,238.58999633789062,359.3599853515625,12.738059581033436,106.67351254838302,157.4199981689453,71.7009068866953,152.9826459938074,125.02504513439342,219.1048810263087,134.05184128084014,239.86000061035156,364.1600036621094,12.915800253881187,107.21070343508465,157.4199981689453,72.38718519597658,154.9342667595208,976700,5990700,4837000,6070400,4709600,6105000,2673800,46505500,769400,2484800
2025-09-23,125.46337890625,219.2526092529297,134.60655212402344,235.5,361.7799987792969,12.97504711151123,107.66831970214844,160.89999389648438,71.78047180175781,155.62130737304688,126.50940059095723,221.01560596221407,135.5872072613934,241.1999969482422,368.7300109863281,13.33052750599149,108.85213877162616,163.38999938964844,72.93421452408765,157.4633982351927,125.4235293753296,218.58285715931999,133.76457411686678,234.10000610351562,361.29998779296875,12.955297729855596,106.295476661359,159.2100067138672,71.35279235651018,153.18179272384347,125.6925042083912,218.66165240731272,134.99286806638003,240.50999450683594,364.17999267578125,13.024418682245615,106.79288180024211,160.52000427246094,72.09874434788051,153.18179272384347,1281500,4629900,5136400,6777800,3831100,7183300,2539900,39448300,622300,2254000
2025-09-24,123.9092788696289,216.67213439941406,132.6254425048828,239.0800018310547,353.2699890136719,13.19228458404541,108.74270629882812,160.8800048828125,71.57160949707031,153.93853759765625,125.48330115473793,218.88820008524283,135.5376773733153,240.07000732421875,355.6000061035156,13.281154917582699,108.79244984738534,165.10000610351562,72.30761337155907,155.83040221811066,123.61041878545085,215.24399115673194,132.52638093350023,235.75,347.79998779296875,12.905925143593228,107.34997801682495,158.42999267578125,71.34285512510185,153.799137206607,124.69629001218343,218.65181433510446,134.03202915340776,236.6699981689453,355.6000061035156,12.994795477130515,107.62852367322557,162.97999572753906,71.44231387761928,155.33254150814864,1239900,5074500,3932400,6855400,6140000,10851800,2134300,38464100,820900,1739300
2025-09-25,121.42870330810547,215.24400329589844,132.05091857910156,232.55999755859375,354.1600036621094,12.866427421569824,108.91183471679688,161.27000427246094,71.01463317871094,152.37525939941406,123.19200895033185,218.90789997206153,133.16033562761447,242.0,357.0,13.192284685921383,109.53856247193397,161.6300048828125,71.76058519195745,153.34111046653427,120.32290352583355,214.74170045576537,129.94103105000056,229.39999389648438,351.5,12.807181159889005,108.05629725370798,154.77999877929688,70.70630118658198,151.17044489696798,123.19200895033185,216.7804882154653,133.16033562761447,238.49000549316406,351.9100036621094,13.152786864233386,109.0013640004735,157.13999938964844,71.58155640524964,153.34111046653427,1411800,6666000,4963400,10401100,3336700,7644900,1913100,36809900,682400,2949300
2025-09-26,122.92302703857422,217.2827911376953,132.28866577148438,238.97000122070312,360.3699951171875,13.07379150390625,110.78207397460938,159.4600067138672,72.0589599609375,152.15618896484375,123.5805329013211,218.13966510902785,132.93252068245883,241.3000030517578,360.7200012207031,13.251532176201511,110.86166061898284,162.11000061035156,72.1584262978958,153.83896060893764,121.08999421004515,214.38712940589252,131.8429189012194,231.0500030517578,352.7799987792969,12.94542334521549,109.3694451910811,157.0500030517578,70.90522481673922,151.71806910561182,121.58810194830033,217.30249370848978,132.714597303276,232.60000610351562,353.7099914550781,12.94542334521549,109.72757750096153,160.52000427246094,71.23344551698291,153.36101857773156,1167100,4185600,4182100,8163200,3073000,5898400,1878500,30316900,637200,2104000
2025-09-29,123.28166198730469,219.7943115234375,131.85279846191406,247.0,359.4200134277344,12.994795799255371,110.77212524414062,161.36000061035156,72.35734558105469,153.42076110839844,123.75984874772698,219.8731067693988,132.2391143712206,249.1300048828125,363.1700134277344,13.202159602081887,111.08052159780696,164.3000030517578,73.0635125792323,153.73938406818203,122.10612745180894,216.47512753769007,130.46602727842185,237.25,358.79998779296875,12.935549536563432,110.12549703201475,159.89999389648438,72.13853177549221,151.8873415843358,123.2916262699545,217.42065546056912,131.74383678930593,240.5,362.0400085449219,13.133038648373837,110.87160475605225,160.1199951171875,72.79497319217964,152.84324085069332,1486100,4958400,4351900,7837500,4075900,9288700,2286200,39828800,671800,2043400
2025-09-30,128.1210174560547,228.0479278564453,132.6749725341797,246.60000610351562,352.75,12.994795799255371,111.12030792236328,161.7899932861328,73.01378631591797,154.51605224609375,128.16093939035218,228.84572413310426,133.22968105554273,252.10000610351562,362.0,13.103415517027868,111.26953098592533,162.27999877929688,73.1629706472117,154.5558896137263,122.79054056494994,219.21322641897913,130.93158562169745,245.3800048828125,349.8999938964844,12.807181378461078,110.02601810590873,159.3300018310547,72.47669995861182,151.77781817126333,123.19980512565441,219.69582666454892,131.60517105097657,246.58999633789062,360.5400085449219,12.95529797689329,110.79202629028713,160.7899932861328,72.58610686037137,153.19175604564117,2417900,9187300,7538300,8966400,5360700,6187500,2523100,29669300,751300,2177100
2025-10-01,138.332763671875,240.6942901611328,132.20941162109375,243.7100067138672,343.7200012207031,15.17705249786377,110.17523956298828,164.00999450683594,72.70545196533203,155.33255004882812,138.7320439462397,241.11779773050733,134.17070680170409,248.99000549316406,349.8299865722656,15.315295346019203,110.76217399069378,164.17999267578125,73.16296827228604,155.87023296000925,127.96130089854229,228.50099927021554,127.8608746388947,239.7100067138672,340.04998779296875,14.554961093717855,109.5982477735217,160.49000549316406,72.0390700131305,153.59998921323745,128.11102719353752,230.1162643535656,133.52685192925674,245.25999450683594,347.1600036621094,14.732701763960218,110.42394213536522,160.92999267578125,72.88448074528934,153.78917872438578,4333300,12243100,10613900,6545100,6505700,58988500,1708900,39895200,1053400,2297900
2025-10-02,138.45254516601562,232.99221801757812,131.73394775390625,244.33999633789062,351.4800109863281,14.110610008239746,110.02601623535156,169.72999572753906,73.14308166503906,158.12057495117188,140.3890864893814,239.01006807247575,132.1301638068792,248.17999267578125,351.7300109863281,15.13755429861533,110.61295825143692,171.05999755859375,73.57076111902208,158.89723649445557,136.65575346229653,230.9829917520117,129.27735985851845,243.25,342.4200134277344,13.94274403312719,109.09089972654124,166.1199951171875,72.39712965843259,155.87023466988475,137.3046029497439,237.2569150967524,131.16932400801252,244.91000366210938,343.760009765625,15.13755429861533,109.72757770310152,168.67999267578125,72.75518722866099,156.58715535499343,2228800,8107700,5916700,4323200,3955400,29422700,1704200,55475200,831500,2167500
2025-10-03,141.38729858398438,230.3822021484375,133.31883239746094,245.32000732421875,346.739990234375,14.39696979522705,111.73709106445312,164.6699981689453,72.9541015625,157.98117065429688,142.83470858363427,235.2378412893048,134.09146431184362,246.4600067138672,352.5899963378906,14.456216999166884,111.83657057513274,170.67999267578125,73.5011360455584,159.70376452770685,138.6022829422616,230.1852215292351,131.5358298586262,242.66000366210938,346.30999755859375,14.071112527813865,109.48881769205319,163.13999938964844,72.86459096793547,157.0352383050141,138.75200923370045,233.32709772285975,131.9914919409239,244.8800048828125,352.0,14.317974151108846,109.9961730632594,170.67999267578125,72.99388657837842,158.2400527645047,2346000,6547300,5362200,3384000,3122100,14296000,1621300,42699100,649600,3411600
2025-10-06,141.35736083984375,226.71829223632812,132.47686767578125,248.1699981689453,350.1400146484375,14.090862274169922,112.48320007324219,203.7100067138672,72.02912139892578,155.26283264160156,141.6867739300856,229.43666069079987,133.96270058554458,248.41000366210938,357.3399963378906,14.495715196173268,112.80153906495916,226.7100067138672,72.75518466525628,158.52881285437778,139.65040486887534,224.48252401632251,132.18959818234293,242.0500030517578,342.0400085449219,13.982242554421054,110.7920256028333,203.00999450683594,71.81030760391616,153.968406959459,141.25753315253414,228.21537190611954,133.05139154798394,246.0,346.92999267578125,14.416719550011756,111.80672876711859,226.4499969482422,72.48663770293867,158.0209852098882,1538400,11940300,6745900,3400900,5340200,14574500,1607000,248859600,704300,2421400
2025-10-07,138.3127899169922,229.31846618652344,131.763671875,251.22999572753906,348.30999755859375,14.219228744506836,112.34392547607422,211.50999450683594,71.01463317871094,154.66542053222656,142.0161775342498,230.54961372111458,132.82355819953622,252.8300018310547,353.3299865722656,14.396969409866431,113.30889266420746,218.89999389648438,72.20815336461884,157.2642542232765,138.19300888547477,224.15749031120106,130.68395509743422,248.2100067138672,344.239990234375,14.071112151175397,111.96590030115402,209.27999877929688,70.98479631229569,154.51605319294535,141.6069053678112,227.80168400785956,132.82355819953622,249.1300048828125,352.5899963378906,14.090861532527502,112.74185110692711,214.85000610351562,72.11864276537308,156.1590027640138,1444600,4901000,4816100,5930400,3275500,10747400,1719400,115748100,808600,1696700
2025-10-08,140.55877685546875,227.75245666503906,133.00186157226562,252.97999572753906,348.7699890136719,14.545085906982422,111.31927490234375,235.55999755859375,70.68640899658203,155.33255004882812,142.18587362820486,229.48590703317058,133.44760842497743,253.6699981689453,354.04998779296875,14.663580310906537,112.70206062227584,235.8699951171875,71.15387344934933,155.42216133510766,138.72206327577547,226.2159718737066,130.92168944004516,247.64999389648438,347.5199890136719,14.140233008965739,111.16010161007516,210.6999969482422,70.30846272687582,152.12632568490403,140.10958275185197,227.98882738012338,131.5556442141556,251.7100067138672,350.0,14.327848363760312,112.41356472238925,212.9499969482422,71.06435526628825,155.04379750631497,1698700,5412800,6654800,5672000,3285000,13480200,1756700,159983500,806300,2084200
2025-10-09,139.8600311279297,227.21075439453125,132.05091857910156,252.0399932861328,347.4700012207031,14.38709545135498,110.59305572509766,232.88999938964844,69.35364532470703,152.2259063720703,140.68855215727706,230.26399142687885,133.8537363976087,254.1699981689453,350.6000061035156,14.703078977152813,112.7716926417995,240.10000610351562,70.68640921801655,155.92999153324502,138.2329343278745,227.14180291514094,131.7438488685077,249.61000061035156,344.29998779296875,14.337723878866852,110.17523723388909,229.52999877929688,69.16466839515398,150.72235719715277,140.02972600407563,229.7518448456534,133.30892798461625,253.50999450683594,349.7699890136719,14.614208639950373,111.81667569483706,236.3000030517578,70.64662420188876,155.43213078785598,1149900,4607600,3237600,4427400,2895500,8210800,1622200,94290700,1093700,2512200
2025-10-10,136.37625122070312,227.0236053466797,131.3179168701172,240.94000244140625,337.510009765625,13.89337158203125,110.37419891357422,214.89999389648438,67.38433074951172,148.1135711669922,140.31921620623743,231.1405554880184,133.22968124935832,252.9499969482422,348.7200012207031,14.584584866904367,111.74704197465431,234.22000122070312,69.77137867008967,153.59003934459525,136.04683814630943,227.0236053466797,130.7929086816274,240.7100067138672,336.94000244140625,13.873623142244718,110.06581015164474,213.1999969482422,67.30476071490868,147.8248186209513,139.41083608274863,228.01836714417314,132.92261153991947,251.64999389648438,347.9100036621094,14.466090461375808,111.55802559034903,232.77000427246094,69.37353608529067,152.58436611255146,1968200,6156900,5654100,4548800,4282400,9074500,1480800,118656600,1337900,3504400
2025-10-13,137.98338317871094,226.82662963867188,130.13914489746094,243.55999755859375,339.32000732421875,14.258727073669434,109.68778228759766,216.4199981689453,67.31471252441406,150.45352172851562,139.59051142874705,230.28368657955656,131.5061007732654,243.9600067138672,340.2799987792969,14.456217127419396,111.01087417594373,224.19000244140625,68.34910026581744,151.77781792683552,136.51600454904465,225.76291634255577,129.63395208028155,239.8699951171875,335.6099853515625,14.06123796162184,109.12074073836362,214.89999389648438,67.17546875039982,149.7764232213895,137.60407148431642,226.53115121830794,130.75328427478362,242.22999572753906,339.25,14.258727073669434,109.99617104197756,220.1999969482422,67.72249569453676,149.92579055951487,1481500,5411900,4008100,3572500,3020100,11563700,1961900,63104000,1028300,2724800
2025-10-14,137.79371643066406,225.67428588867188,132.0113067626953,244.1999969482422,335.94000244140625,14.209355354309082,110.9312973022461,218.08999633789062,68.44855499267578,151.8773956298828,139.67036720080398,227.1713505589863,132.08063777285648,246.07000732421875,338.82000732421875,14.347597260454979,110.99098349076972,224.97999572753906,68.736990675652,153.05235487304424,135.2981766752933,224.07870836962223,129.99056552169085,239.5500030517578,332.7200012207031,14.080987197386209,109.31970190390687,215.89999389648438,66.87708096330857,148.63134908541008,136.02688525058898,224.63027512193827,130.21840411928613,242.05999755859375,335.2200012207031,14.120485019385374,109.66788398662827,219.1999969482422,67.0958947633744,148.63134908541008,1142100,5527600,8147900,3788600,3036900,7653000,1788000,71216300,927500,2604800
2025-10-15,139.40084838867188,224.41441345214844,128.79757690429688,239.7100067138672,330.6300048828125,14.564835548400879,109.2401123046875,238.60000610351562,68.8364486694336,152.81336975097656,139.9698387793392,227.1226195639716,130.81734461426953,247.30999755859375,335.6000061035156,14.8116971678653,111.41874920447529,239.24000549316406,69.204454382619,154.9940021232464,137.1049639372834,223.52160290798702,125.10627598763257,239.05999755859375,329.2099914550781,14.436467393275098,108.8222938167227,220.75999450683594,68.23968859557252,152.05662693050303,138.43257771904123,225.38658728821312,127.36483198686321,243.91000366210938,335.4200134277344,14.505588345380385,110.43388917147257,222.7100067138672,68.44855424201309,153.03242968202215,1692500,5459400,14906400,4118100,3929900,11038300,1548600,108481000,1072600,2381500
2025-10-16,140.8482666015625,225.05921936035156,126.98674011230469,234.02000427246094,329.2300109863281,14.633956909179688,106.17610168457031,234.55999755859375,68.98564147949219,150.76219177246094,143.0643070711851,226.28932767921452,130.49895523462587,240.08999633789062,336.6499938964844,14.811697581502477,108.46416071350339,241.1999969482422,69.16467026279359,153.80909704684092,140.00975368731963,223.66048485958822,126.23057598942432,233.75,327.5,14.515463441531953,105.90749866586518,232.24000549316406,68.37893324653834,149.96561155589333,140.58872072485366,224.41441342708478,128.87716560139015,239.80999755859375,333.8599853515625,14.673454731728933,108.46416071350339,236.2899932861328,69.13483339694605,153.80909704684092,2180200,4737500,9768100,4800800,4570900,6478000,2025000,69726400,1012100,4279200
2025-10-17,141.6667938232422,227.73768615722656,127.89215087890625,238.38999938964844,333.260009765625,14.39696979522705,107.15101623535156,233.0800018310547,69.33375549316406,151.98692321777344,141.986230211397,228.86858660125768,128.60852328874591,239.1199951171875,335.1000061035156,14.525337952344723,107.47930545508598,235.3800048828125,69.48294742051277,152.41509134667743,138.77197390552456,224.99970550757192,126.56885985672488,233.60000610351562,327.70001220703125,14.278476329049743,106.40490851220983,227.91000366210938,68.65742533230431,150.62278967795882,139.51064389789323,225.7040452776354,127.21558537066026,234.35000610351562,327.75,14.505588570463992,106.53423111855965,233.25999450683594,69.06521609450968,150.80201224807882,1506500,7150000,6806800,4436100,4035000,8815100,1501400,55804200,989400,4494000
2025-10-20,142.744873046875,230.20779418945312,128.85726928710938,242.17999267578125,343.3999938964844,14.219228744506836,108.20551300048828,240.55999755859375,69.43321228027344,154.11776733398438,144.37196983053133,230.40619484783386,129.16571965222653,244.19000244140625,344.20001220703125,14.604333205551846,108.53380222106765,242.8800048828125,69.81116616393766,155.40225653383644,142.01617970804756,228.16423864783167,127.48423475588778,239.74000549316406,334.25,14.189605614181016,106.99185080981955,234.39999389648438,68.87623719472585,152.37525476800968,142.744873046875,229.15625707673527,127.79266993911955,240.10000610351562,334.6400146484375,14.515462872872048,107.27039647947468,236.47000122070312,69.45310858373809,152.57439602256318,1580500,5246700,5810000,3495200,3903200,6856300,1108900,56741700,1074600,4230400
2025-10-21,145.4200897216797,229.54315185546875,126.89720153808594,250.50999450683594,357.54998779296875,14.140233039855957,107.61857604980469,238.02999877929688,70.61679077148438,165.92701721191406,149.23328189462052,230.951816258375,128.64833329428393,252.08999633789062,358.3699951171875,14.317973704428086,108.4741134950525,242.25999450683594,70.64662763797743,166.1062549685579,144.01261683297838,227.9956054730365,126.86735395211286,242.52000427246094,343.32000732421875,14.011864886743012,107.1311211393077,234.02000427246094,69.09504987460784,152.1462363730931,145.04077802483073,230.29708043903815,128.34984225266814,242.52000427246094,343.5899963378906,14.298224323163481,107.92696480688235,239.38999938964844,69.49289246702003,157.32398473058907,1658400,3298100,4934700,4475500,4389700,4900900,2172400,47122400,1151500,7302200
2025-10-22,145.60975646972656,226.85476684570312,127.30513000488281,249.13999938964844,354.0899963378906,14.110610008239746,107.29029083251953,230.22999572753906,67.83190155029297,166.51449584960938,147.4764306628878,230.30700187372864,128.290145878418,251.0500030517578,360.19000244140625,14.248852852950774,108.2552580513379,240.1300048828125,70.45765208848388,168.45614966196638,144.20228354928346,226.60676223870703,126.46936724169925,247.1699981689453,352.8699951171875,13.80450118841616,106.51434000207189,224.8800048828125,67.7523391008148,164.82177240277258,145.0208127119012,229.82090739469632,126.97679897131351,248.61000061035156,355.4800109863281,14.169857210745139,107.62853028593027,236.85000610351562,70.4477115249344,166.44480324788566,1495400,3523500,6186800,3899900,3436000,9979700,1824600,59668800,1554500,5275800
2025-10-23,147.19692993164062,226.42820739746094,125.7032470703125,249.80999755859375,354.1199951171875,14.021739959716797,106.99185180664062,234.99000549316406,68.66737365722656,170.86581420898438,148.06537292957162,228.0253576805309,128.12100784786685,250.08999633789062,354.3500061035156,14.268601582041748,107.73795953865402,235.89999389648438,68.98564622853748,170.8956846382823,145.3402476649296,225.43618896417524,125.43461120110794,245.44000244140625,348.7099914550781,13.952619006810565,106.46459596725222,228.5399932861328,67.6329859034119,165.99673671787,146.0389957800216,227.16230648741237,127.59368024432047,246.05999755859375,352.510009765625,14.248853141940977,107.73795953865402,230.16000366210938,67.7921259831757,166.5045492094387,1210000,5818000,6700600,2885700,2408100,5771900,1513800,39024400,868700,4779100
2025-10-24,147.76589965820312,226.1702880859375,126.21067810058594,247.64999389648438,353.5199890136719,14.36734676361084,106.62376403808594,252.9199981689453,68.52812957763672,167.77906799316406,148.85395134246133,227.211895331434,127.46432986199511,251.08999633789062,358.1000061035156,14.545086493256576,107.32012818460807,253.38999938964844,69.81116800922985,172.11046247276303,147.2667917041508,224.4441705624576,124.37000356599769,247.11000061035156,353.2900085449219,14.189606092262737,106.1562020012211,241.9499969482422,68.50823327364616,167.0322768893369,147.8557354343567,226.95397598806343,126.33007603674862,250.00999450683594,357.2099914550781,14.308099559260684,106.9222101521954,243.36000061035156,69.49289543933038,171.2640931443574,1135500,3554700,5071100,2793900,2016900,7043600,1673000,71221100,1294900,3612300
2025-10-27,146.32846069335938,226.2099609375,126.53901672363281,250.77000427246094,357.79998779296875,14.308099746704102,106.99185180664062,259.6700134277344,68.23969268798828,167.6794891357422,148.384782948026,226.77541870724903,127.01660087731007,252.25,358.55999755859375,14.47596572924258,107.18086060435313,260.4200134277344,69.16467351382077,169.8999589487307,146.2585935028898,225.30722053509365,124.51924908040262,247.19000244140625,352.4100036621094,14.209355660430065,106.21589338991441,249.8000030517578,68.07061204809395,166.68376766773065,148.01544795031364,226.13059764681594,125.42465875901429,249.44000244140625,355.57000732421875,14.426593215254373,106.86252160895276,257.8800048828125,68.65742400592129,169.2527308784209,1187900,2784400,6254200,3033200,2828200,7837400,1715300,65613100,1527800,2922300
2025-10-28,145.5897979736328,225.723876953125,125.97188568115234,253.35000610351562,359.9100036621094,14.27847671508789,106.12635803222656,258.010009765625,66.47924041748047,166.1162109375,147.0072627517484,226.57701344639412,127.80260842985396,254.67999267578125,363.70001220703125,14.387095493261489,106.80282930746715,264.5799865722656,69.2740791473076,167.7790639318834,144.37197333313406,222.51966151990524,125.5540043047238,249.19000244140625,357.79998779296875,14.051363525830965,105.62895290601436,257.0,65.14647645000737,165.63826889680084,145.47999361320862,225.18819363735167,126.33007188693176,250.0,360.0,14.337723920629552,106.30542418125495,259.1400146484375,67.90152257327645,167.59984136418504,1470100,3724200,4763000,3425100,3005600,6781600,1589700,47448700,3248700,2448100
2025-10-29,142.94451904296875,223.34303283691406,123.80287170410156,247.75,337.8599853515625,14.189605712890625,105.15144348144531,264.3299865722656,65.22604370117188,163.92562866210938,145.78944055427166,226.18020620443212,125.91218961299592,255.44000244140625,355.5199890136719,14.387094819273816,106.28552659261321,267.0799865722656,66.55880761172845,167.28120511712092,142.61510595617614,222.25180648902239,123.49443653668985,247.5,337.04998779296875,14.100735379592605,104.88284804555822,257.3999938964844,64.70884607303347,162.90998851971725,145.26038732651682,225.80323435025133,125.54405168441829,253.14999389648438,355.5199890136719,14.367346379486667,105.80802190885836,264.19000244140625,65.82280377437954,166.43483579954352,1902500,5469300,5182000,5780700,6746500,5900100,1668700,49335600,1841300,3163400
2025-10-30,143.10423278808594,226.3786163330078,124.04166412353516,249.25,339.239990234375,13.843999862670898,106.28553009033203,254.83999633789062,66.33999633789062,165.7378387451172,145.01082882271837,227.8170401157417,125.79279588775607,251.8800048828125,344.70001220703125,14.219228689896417,106.94210853935222,263.8800048828125,66.9367640220155,168.53581369722968,141.9562905896573,224.60290989663994,123.70338135970043,245.47999572753906,333.1000061035156,13.814375790756518,105.23103358835453,252.30999755859375,65.1962093158227,163.89576310723913,142.67499202840762,225.2378011245984,124.50929654843584,245.80999755859375,338.20001220703125,14.100735227345885,105.4200499763695,259.9200134277344,65.22604618238567,164.3039973705176,1519600,5020700,4877400,3982200,4373200,7956700,1503000,45162500,1859300,2143700
2025-10-31,146.098876953125,216.29969787597656,122.99695587158203,250.10000610351562,340.30999755859375,13.869999885559082,106.63372039794922,256.1199951171875,65.98999786376953,165.78762817382812,146.72775783225902,222.08316730132498,123.7033765488309,250.8800048828125,341.260009765625,13.960000038146973,107.07143177673431,262.1300048828125,66.87000274658203,166.62403057943527,142.34559072391056,214.2759868823677,121.99204416295827,248.05999755859375,336.79998779296875,13.550000190734863,105.20119111152425,253.41000366210938,65.63999938964844,164.50315413618173,142.52526227133995,221.22011608688888,123.2158406915224,249.66000366210938,338.70001220703125,13.770000457763672,105.30067062534812,259.6000061035156,65.94999694824219,164.7819549380508,1487200,10825300,7044900,3847800,3763400,14090300,2608900,34449200,2236100,2096600
2025-11-03,144.43186950683594,210.2682342529297,123.2158432006836,248.44000244140625,337.4700012207031,13.619999885559082,106.41485595703125,259.6499938964844,65.66000366210938,161.49606323242188,145.32028110085,217.2520373787048,123.43473561602373,249.52999877929688,342.4599914550781,13.890000343322754,107.46935241608828,260.9100036621094,66.0199966430664,165.5685602868749,142.27571938038608,210.00038503697948,121.82290526841435,242.94000244140625,332.8800048828125,13.4399995803833,104.93259077763597,253.88999938964844,65.20999908447266,160.79906126118962,144.8111964452577,214.95054734254026,123.08650113295643,249.52999877929688,340.30999755859375,13.890000343322754,106.48449237244445,259.3299865722656,65.66999816894531,165.29971124314838,1785800,8874300,5833000,4196300,3916600,9559400,1852700,36351400,1331200,3141200
2025-11-04,145.8193817138672,214.1668701171875,125.16596984863281,242.89999389648438,335.3500061035156,13.4399995803833,108.24530792236328,250.0500030517578,65.1500015258789,159.9029083251953,148.44469442682637,215.34737453623566,125.21571329359534,248.57000732421875,340.54998779296875,13.739999771118164,108.25525815065517,257.3800048828125,66.31999969482422,161.53589093953303,143.24398284263674,210.6749608116922,123.21584158710897,241.07000732421875,332.80999755859375,13.210000038146973,106.31538107275634,247.38999938964844,64.91999816894531,158.6682234177107,143.24398284263674,210.6749608116922,123.67352986279509,246.97000122070312,335.0199890136719,13.279999732971191,107.3101913875353,250.35000610351562,65.7300033569336,161.1276566810766,2176600,6184000,5607700,3688300,3694300,10859400,2365400,56491800,1303400,3520900
2025-11-05,146.50814819335938,215.0398406982422,123.91232299804688,247.82000732421875,335.5299987792969,14.220000267028809,110.6626968383789,256.3299865722656,66.02999877929688,163.61695861816406,147.22686484166272,215.69456136215058,126.0713844404657,248.99000549316406,336.8399963378906,14.430000305175781,113.24920212826817,259.6499938964844,66.19000244140625,164.1247710962625,142.20584021048802,210.90312563486623,123.2954450469518,242.75999450683594,331.239990234375,13.369999885559082,108.58354693209648,242.80999755859375,65.11000061035156,159.4548349888439,142.8945963695104,214.01806291970328,125.25551751982648,243.3800048828125,332.6099853515625,13.479999542236328,110.16529168302326,243.24000549316406,65.1500015258789,160.00248483395234,1664700,4928200,4597100,3631800,2646700,15497800,2965900,67366600,1418300,2656200
2025-11-06,147.22686767578125,217.29171752929688,124.32025146484375,241.33999633789062,327.3500061035156,14.1899995803833,113.10992431640625,237.6999969482422,65.58000183105469,163.1489715576172,147.7459289738858,217.9266087402948,124.37000250222165,248.6699981689453,333.20001220703125,14.600000381469727,113.30889092367646,253.50999450683594,66.80999755859375,164.78195418690817,144.84113229860495,213.92877554437027,122.72831695100382,240.17999267578125,324.54998779296875,13.920000076293945,110.45378272519915,235.74000549316406,65.56999969482422,158.88728481304062,145.52988847088588,214.16686542486966,123.2257969610127,247.72999572753906,333.0,14.350000381469727,110.77212170703146,253.47000122070312,66.37000274658203,163.49746496161282,1286000,6615300,4714700,3512400,3888700,11561800,2769000,66049700,1092700,5193100
2025-11-07,146.47821044921875,217.4107666015625,125.72314453125,245.75999450683594,326.95001220703125,14.130000114440918,113.4979019165039,233.5399932861328,66.26000213623047,164.1347198486328,146.85752214359385,219.2261621770493,125.98183625326523,246.5500030517578,331.010009765625,14.149999618530273,114.18432344276059,235.8699951171875,66.38999938964844,164.5728397167314,144.3220603937093,215.35728114933966,124.02176386484433,239.44000244140625,323.0299987792969,13.720000267028809,112.71200846938123,224.63999938964844,65.33000183105469,161.96405438478521,146.25860172699652,217.5595633138974,125.00677212624923,240.0,325.8299865722656,14.0,113.40837263384442,230.94000244140625,65.33000183105469,163.20870619483642,1027200,4647900,5458500,4047400,4112600,12468900,2337700,52162600,1172800,2506400
2025-11-10,146.098876953125,216.96437072753906,125.2555160522461,244.5500030517578,328.8500061035156,14.210000038146973,112.99055480957031,243.97999572753906,66.16999816894531,166.95262145996094,147.61616935709066,218.10518593686632,125.51420778237657,248.25999450683594,329.9599914550781,14.34000015258789,113.60733233326187,248.89999389648438,66.37000274658203,168.44620370439804,144.84113042642255,214.42479067666122,123.92227327184767,240.39999389648438,325.0,13.890000343322754,111.80672813311685,240.5,65.4000015258789,163.26845496238354,146.66785208488363,215.26801244842545,124.78788362925955,247.33999633789062,328.0,14.329999923706055,112.71200914212248,242.13999938964844,66.12000274658203,164.2940468880834,1310500,4530800,4251600,2818600,3087000,6632800,1784500,43361600,1062900,2754900
2025-11-11,149.15342712402344,223.37278747558594,126.35992431640625,242.55999755859375,333.2200012207031,14.270000457763672,113.199462890625,237.52000427246094,65.79000091552734,167.94833374023438,149.7124256253546,223.6207920824297,126.5091698396929,244.88999938964844,334.0,14.369999885559082,114.48276906507976,248.4600067138672,66.62999725341797,169.45186764746776,146.5181375952003,217.25203559512227,125.13612013458693,238.52999877929688,329.1300048828125,14.020000457763672,112.45335517918387,234.63999938964844,65.44999694824219,165.28975931424375,146.64791054428318,217.25203559512227,125.96193878462275,244.88999938964844,329.5,14.350000381469727,113.52775210521114,241.66000366210938,66.41999816894531,166.95261229858232,1218600,4802400,5293900,3766700,2827200,7805000,1985100,61336800,1056400,2365800
2025-11-12,151.2496795654297,231.3684539794922,128.17076110839844,246.52999877929688,337.04998779296875,14.069999694824219,114.01520538330078,258.8900146484375,66.37000274658203,170.3480224609375,152.3976217739891,232.13231240825542,128.42944525628312,246.97000122070312,338.3999938964844,14.270000457763672,114.28380081605604,263.510009765625,66.73999786376953,171.0450244166629,148.51456247750136,223.49182523055705,125.91219754079697,242.30999755859375,333.17999267578125,13.960000038146973,113.11987462444988,250.0,66.0199966430664,167.9383784462851,149.64255133450686,223.6009478632375,126.30023135356677,244.0,333.6099853515625,14.270000457763672,113.16961817375271,253.1300048828125,66.33000183105469,167.9383784462851,2064500,8583200,4979700,3230700,2990200,7859200,1825100,108942000,1149900,2694300
2025-11-13,146.6279296875,230.4359588623047,128.6085205078125,247.57000732421875,333.6000061035156,13.670000076293945,114.41313171386719,247.9600067138672,66.08999633789062,169.88998413085938,151.8286411129652,237.38008800543653,128.93685912037967,248.5800018310547,340.0,14.140000343322754,114.85084307327126,259.6300048828125,67.37000274658203,171.82168612017173,146.25859468679803,230.30700675709244,127.35487640864328,244.32000732421875,332.79998779296875,13.619999885559082,113.6869168744876,246.05999755859375,65.8499984741211,168.52585064487212,149.17338322231976,231.87439772298222,127.8623005288556,245.42999267578125,335.010009765625,14.010000228881836,114.10473536792787,251.89999389648438,66.51000213623047,169.69084288519383,1940700,7968500,5182400,3703500,3084600,9732800,2911800,63178600,1323300,3878900
2025-11-14,146.55807495117188,230.5054168701172,129.93182373046875,245.2100067138672,331.1099853515625,13.819999694824219,113.7466049194336,246.80999755859375,64.73999786376953,167.5800018310547,147.73596247597692,233.1243450774218,130.29996925691046,249.14999389648438,333.75,14.029999732971191,115.23882035448524,253.44000244140625,66.2699966430664,169.33999633789062,144.2422066066126,228.48170581142762,128.1210044114728,244.08999633789062,328.5899963378906,13.359999656677246,112.72195153506615,235.0800018310547,64.6500015258789,166.99000549316406,145.0607510071586,231.74543998223112,128.63837268439457,245.77000427246094,332.9100036621094,13.479999542236328,114.50266286500381,240.11000061035156,65.8499984741211,168.91000366210938,1302600,5461500,6998900,2845000,2761400,7612600,1925900,47655600,1168800,2748800
2025-11-17,144.2621612548828,232.13232421875,129.37464904785156,241.3300018310547,325.07000732421875,13.920000076293945,111.68734741210938,240.52000427246094,63.310001373291016,165.38999938964844,146.7776542710987,233.47155522096617,131.26506699646623,244.97999572753906,332.3800048828125,14.180000305175781,113.8460914998642,248.77000427246094,64.79000091552734,167.82000732421875,143.7929985792214,227.40039183285376,129.29505042512565,240.58999633789062,324.42999267578125,13.800000190734863,111.36900842434555,237.14999389648438,63.22999954223633,164.97000122070312,146.10885146850092,231.39822509454993,130.02136698240793,243.92999267578125,331.1099853515625,13.84000015258789,113.74660439947539,242.75,64.62000274658203,166.91000366210938,1445600,5023100,5816600,3187800,3300000,7689500,2633400,37942200,964200,2908400
2025-11-18,143.5833740234375,232.00335693359375,129.3448028564453,240.0,324.4700012207031,13.720000267028809,111.18000030517578,230.2899932861328,63.380001068115234,165.7899932861328,145.03078405856596,235.29686555096433,131.364570486499,241.75,326.6400146484375,14.140000343322754,112.03553776306512,238.0,63.810001373291016,166.58999633789062,139.9898058567289,230.25740985916886,128.63837456081527,237.42999267578125,320.79998779296875,13.609999656677246,110.9810336929921,224.7100067138672,62.959999084472656,163.30999755859375,142.9844536114358,233.12434265915675,130.08107873818372,241.05999755859375,323.7799987792969,14.050000190734863,111.27947981636751,236.77999877929688,63.189998626708984,163.99000549316406,2330800,6232600,6775000,3375300,3286400,7941600,2253600,45619900,1257600,2325700
2025-11-19,144.14236450195312,231.051025390625,125.51420593261719,241.0800018310547,318.1099853515625,13.770000457763672,109.4000015258789,223.5500030517578,63.61000061035156,166.5800018310547,145.230431368442,236.24919248372083,130.82729629745023,244.3800048828125,323.3599853515625,13.989999771118164,111.1500015258789,235.27999877929688,64.0,167.30999755859375,142.50529109615263,228.52137526570976,123.95211903109711,240.0,315.17999267578125,13.6899995803833,108.30999755859375,219.7100067138672,63.11000061035156,164.55999755859375,145.230431368442,231.67598673332128,129.23535421943998,240.0,323.17999267578125,13.800000190734863,110.81999969482422,230.25999450683594,63.650001525878906,165.58999633789062,1848300,7618400,10296100,2554600,3738400,9155100,2596800,52093400,1270100,2219100
2025-11-20,144.8011932373047,227.61863708496094,123.3451919555664,240.7899932861328,312.3999938964844,13.510000228881836,110.55000305175781,206.02000427246094,63.25,164.61000061035156,147.09709280954513,233.07473872199728,125.08637194908724,244.75,323.17999267578125,14.109999656677246,110.91000366210938,234.25,64.69999694824219,169.75,143.69317300031193,226.18021331714243,121.48461402975062,239.5399932861328,312.0899963378906,13.449999809265137,109.37999725341797,204.52999877929688,62.970001220703125,163.9600067138672,146.89745267969064,231.3982250697878,121.88259954645814,242.7899932861328,318.8699951171875,13.989999771118164,109.86000061035156,232.6999969482422,64.23999786376953,168.72999572753906,1443700,4283600,11654000,2905500,3884800,10222500,2368700,66342900,1375300,3303500
2025-11-21,150.98016357421875,234.3941192626953,127.46432495117188,251.85000610351562,324.19000244140625,13.75,110.9800033569336,203.77999877929688,65.0999984741211,168.08999633789062,151.48924822918764,236.11030695094527,128.0712511524663,253.97000122070312,327.75,13.760000228881836,111.75,208.8300018310547,66.0999984741211,169.3800048828125,144.21226060078902,228.30312655639167,123.26559257799771,241.2899932861328,311.5899963378906,13.279999732971191,110.45999908447266,195.0,63.529998779296875,165.1699981689453,144.21226060078902,228.7098577556938,124.05161188116493,241.8800048828125,313.57000732421875,13.520000457763672,110.98999786376953,208.80999755859375,63.529998779296875,165.36000061035156,2469000,8017600,9401000,5959400,4825400,9306300,2411100,67421100,2023500,3183500
2025-11-24,153.3259735107422,227.6781463623047,126.54896545410156,243.6199951171875,318.7300109863281,13.880000114440918,110.37999725341797,215.0500030517578,64.0999984741211,169.55999755859375,153.3259735107422,235.72341650371897,128.86722408737714,251.3300018310547,325.7699890136719,13.989999771118164,111.0,217.1300048828125,65.01000213623047,170.75999450683594,150.20155276412336,226.65636858164788,126.08133303724124,243.24000549316406,318.3399963378906,13.720000267028809,109.41999816894531,205.85000610351562,64.0199966430664,166.63999938964844,151.62899423817922,234.11635147724908,126.81760131541365,250.99000549316406,325.0,13.789999961853027,110.88999938964844,207.16000366210938,64.72000122070312,168.24000549316406,3984500,10225900,14041300,5596900,5414400,5428400,6647200,46749600,1644400,7138100
2025-11-25,156.91954040527344,229.9498748779297,127.40463256835938,249.22999572753906,319.54998779296875,13.8100004196167,111.62999725341797,206.1300048828125,65.41000366210938,171.5399932861328,159.9840706069874,232.21167568517163,128.1607967119734,251.67999267578125,321.5199890136719,14.029999732971191,112.45999908447266,206.5800018310547,65.62999725341797,172.16000366210938,147.73595693915286,228.47176196934618,125.5938056502227,245.0,315.57000732421875,13.770000457763672,110.68000030517578,194.27999877929688,64.2699966430664,170.22000122070312,150.510995992863,228.4816918413165,126.6484608338029,245.0,317.7699890136719,13.9399995803833,111.12000274658203,201.47999572753906,64.72000122070312,170.2899932861328,3698000,7134100,8035500,3664500,3765000,4853900,2085500,69773500,1435300,2605800
2025-11-26,154.09458923339844,225.84292602539062,127.89215087890625,247.85000610351562,317.5199890136719,13.90999984741211,110.55000305175781,214.24000549316406,66.33000183105469,170.8000030517578,157.83789899503037,230.62444712688125,128.36974260672247,251.94000244140625,321.6700134277344,14.020000457763672,111.62000274658203,215.58999633789062,66.48999786376953,172.3699951171875,153.74522279458597,224.83106295877627,126.37981502886656,246.88999938964844,316.1000061035156,13.829999923706055,110.54000091552734,207.0,65.18000030517578,170.67999267578125,155.4621554237798,230.18795658296915,127.43447778377154,250.27999877929688,319.20001220703125,13.859999656677246,111.45999908447266,210.0500030517578,65.18000030517578,171.11000061035156,3294300,5920800,5473800,2389100,3025000,4373200,1825300,43270200,2339100,2031600
2025-11-28,153.22613525390625,225.88259887695312,128.25033569335938,250.0,320.1300048828125,14.0600004196167,110.30999755859375,217.52999877929688,65.9800033569336,172.0500030517578,154.28424163359287,226.26948546841075,128.73787155034591,251.4499969482422,322.30999755859375,14.079999923706055,111.55999755859375,218.3000030517578,66.70999908447266,172.24000549316406,152.9466360302745,223.71007604146024,127.35487778171053,245.1300048828125,317.5199890136719,13.90999984741211,110.0999984741211,214.02000427246094,65.97000122070312,170.00999450683594,153.8350475407251,225.03939227352004,127.51407502258995,247.49000549316406,317.79998779296875,13.970000267028809,110.47000122070312,216.13999938964844,66.56999969482422,170.66000366210938,1531600,2655600,2572400,1493700,1802200,2200700,1140400,18658000,772900,1596300
2025-12-01,149.83221435546875,223.3132781982422,127.36482238769531,257.42999267578125,322.8500061035156,13.989999771118164,109.55000305175781,219.75999450683594,66.0199966430664,170.47999572753906,153.67533647443682,227.65832393700617,129.19556030081893,258.8999938964844,326.1400146484375,14.0600004196167,110.9800033569336,220.97999572753906,66.4800033569336,171.97999572753906,148.92383422075108,222.19229248425043,127.31507894294299,251.02000427246094,316.1099853515625,13.850000381469727,109.33999633789062,213.5,65.05000305175781,169.61000061035156,152.26784838414673,225.3766784305365,128.0015961716865,253.1300048828125,316.3900146484375,13.989999771118164,110.30999755859375,213.8800048828125,65.37000274658203,170.67999267578125,2043900,5208300,5766900,5025100,3651300,7534600,2485600,30768700,1559400,2244600
2025-12-02,148.5445098876953,222.5791778564453,125.683349609375,261.0199890136719,322.80999755859375,13.960000038146973,108.83000183105469,215.24000549316406,65.95999908447266,171.55999755859375,151.18979123724307,224.82114927208676,128.33989863583574,262.9599914550781,325.9599914550781,14.140000343322754,109.79000091552734,225.97999572753906,66.37000274658203,171.92999267578125,148.48461936903402,221.32924004150394,125.00677649113274,257.0,318.0799865722656,13.9399995803833,108.55000305175781,214.38999938964844,65.2300033569336,169.64999389648438,150.69068327297742,223.02559827471052,127.80261172238234,257.79998779296875,321.6199951171875,14.0600004196167,109.58999633789062,221.7899932861328,66.01000213623047,170.8800048828125,1653000,5096700,5479700,4966400,3959500,4755400,1623800,42002500,1164000,1928500
2025-12-03,148.9936981201172,228.40232849121094,124.65853881835938,272.8500061035156,326.7799987792969,13.710000038146973,109.04000091552734,217.60000610351562,67.31999969482422,173.08999633789062,151.1598247716242,228.947926517439,126.92704639484522,274.05999755859375,326.989990234375,14.109999656677246,109.51000213623047,218.1999969482422,67.44999694824219,174.69000244140625,148.83399515385494,222.72798186763967,124.57894019684773,261.75,320.6300048828125,13.699999809265137,108.29000091552734,211.77000427246094,65.7699966430664,171.16000366210938,149.50279797174798,223.04541989360874,125.64354708900352,261.9800109863281,321.9800109863281,14.020000457763672,108.83000183105469,216.25999450683594,65.83999633789062,172.0500030517578,2163100,4872900,4918800,6961900,3082200,8534500,1721200,28545200,1187900,2883300
2025-12-04,148.05538940429688,226.88455200195312,124.76799011230469,269.3399963378906,328.7300109863281,13.930000305175781,109.23999786376953,215.97999572753906,67.19999694824219,169.27000427246094,149.5327446695141,229.09674896210603,124.93713149670651,280.7099914550781,330.8900146484375,14.039999961853027,110.13999938964844,219.1199951171875,68.91000366210938,172.00999450683594,143.96269812705688,225.7734810171628,123.43473971592267,269.1700134277344,324.1199951171875,13.699999809265137,109.01000213623047,214.13999938964844,66.80999755859375,168.74000549316406,148.99369955454665,228.27337181169025,124.55904941552431,276.29998779296875,328.57000732421875,13.699999809265137,109.04000091552734,216.8800048828125,67.69000244140625,171.89999389648438,2865100,3732900,5226900,4119400,3592300,10009200,2192500,24478200,1728700,2860400
2025-12-05,145.23043823242188,224.27552795410156,124.44960021972656,266.5899963378906,346.260009765625,13.920000076293945,109.27999877929688,217.97000122070312,68.02999877929688,167.47999572753906,148.7341705932343,227.42022455351608,125.41471264666913,271.0,348.5899963378906,14.170000076293945,109.45999908447266,223.63999938964844,68.4000015258789,169.33999633789062,144.5017296513785,223.25375018451578,124.01181538500396,266.07000732421875,329.7099914550781,13.899999618530273,108.5,216.24000549316406,67.26000213623047,165.66000366210938,148.5245385502407,227.1027713908875,125.02667884896226,268.1000061035156,330.6000061035156,14.09000015258789,108.94000244140625,217.1699981689453,67.51000213623047,169.1999969482422,2142100,3985200,4361100,3785400,7650400,5815800,2061500,33292400,1931200,3021400
2025-12-08,142.18588256835938,221.3391571044922,121.47466278076172,266.5,339.1199951171875,13.859999656677246,108.05999755859375,221.11000061035156,67.1500015258789,163.9600067138672,144.56164140702484,224.3152125268882,123.99191795765924,268.6300048828125,348.4800109863281,14.109999656677246,108.91999816894531,223.7100067138672,67.87000274658203,165.82000732421875,141.92633667276738,220.614987856736,121.096580713425,265.010009765625,338.05999755859375,13.819999694824219,107.8499984741211,218.36000061035156,66.5999984741211,162.2899932861328,144.56164140702484,224.2755384482032,123.99191795765924,265.7300109863281,347.45001220703125,13.970000267028809,108.5199966430664,219.08999633789062,67.87000274658203,165.77000427246094,2195300,4006100,6391900,3218800,4293600,4816400,2170600,30943200,1934500,3254000
2025-12-09,140.3890838623047,221.210205078125,120.63890075683594,269.5299987792969,344.32000732421875,13.960000038146973,108.0199966430664,221.6199951171875,66.43000030517578,165.08999633789062,142.51528860788216,223.02560070290048,122.60892490920966,272.3999938964844,347.7799987792969,14.199999809265137,109.43000030517578,224.83999633789062,67.23999786376953,165.74000549316406,139.96983501120994,218.47222440082396,120.4498559265484,267.25,338.4800109863281,13.890000343322754,107.58999633789062,217.91000366210938,66.18000030517578,163.39999389648438,142.04612591536915,222.10301565037494,122.2109393885244,267.92999267578125,341.3999938964844,13.920000076293945,108.61000061035156,221.0399932861328,66.91000366210938,163.39999389648438,2324500,4267900,5229100,3515000,4267700,7054000,2219600,25166100,1142600,2335000
2025-12-10,143.2140350341797,223.38270568847656,121.9323501586914,272.2200012207031,343.1300048828125,13.800000190734863,107.19000244140625,221.4199981689453,67.91999816894531,165.66000366210938,143.67320581415092,224.1763234701327,122.46962187479475,273.6400146484375,347.9200134277344,14.100000381469727,108.30999755859375,222.61000061035156,68.22000122070312,166.72999572753906,140.80833108240452,219.2360758632485,120.09166809918698,268.04998779296875,340.57000732421875,13.75,107.01000213623047,218.6699981689453,66.5999984741211,163.41000366210938,141.25752518683402,223.20414963452902,120.64885085701712,268.3800048828125,342.1300048828125,13.989999771118164,108.04000091552734,222.0,66.66000366210938,164.5800018310547,1864000,8735200,6716200,3580500,6789900,11788000,2751900,23279400,1146000,3382000
2025-12-11,142.61509704589844,222.19229125976562,122.6586685180664,270.3699951171875,350.42999267578125,14.0,108.8499984741211,221.42999267578125,68.58000183105469,168.60000610351562,143.62330482685178,224.1564987165196,123.61382921441574,277.6499938964844,357.0,14.119999885559082,109.91999816894531,221.5,69.12999725341797,170.0,141.8864037227085,220.4661888206188,122.01194299496065,269.7099914550781,333.7900085449219,13.65999984741211,107.66000366210938,210.19000244140625,68.01000213623047,166.22000122070312,143.31386034295875,223.7398376412078,122.40992851617516,273.1700134277344,341.6499938964844,13.800000190734863,107.69999694824219,217.80999755859375,68.70999908447266,166.55999755859375,1226100,4170600,5390000,4063100,10158700,7595500,2293900,30694600,1095400,2525200
2025-12-12,139.4307861328125,221.53756713867188,124.82768249511719,271.55999755859375,356.42999267578125,13.829999923706055,110.05000305175781,210.77999877929688,68.72000122070312,168.89999389648438,142.59514386088398,222.03357636281862,124.94708042958392,273.44000244140625,362.7099914550781,14.119999885559082,110.19000244140625,222.49000549316406,69.5,169.83999633789062,138.9017329374968,219.3352849725002,122.29053901297475,270.29998779296875,349.0899963378906,13.760000228881836,109.19000244140625,209.05999755859375,68.19000244140625,167.8000030517578,142.33559798513747,221.9046091207004,122.8477141919345,271.9599914550781,351.5400085449219,14.079999923706055,109.37999725341797,218.3699951171875,68.88999938964844,168.47000122070312,1961800,5467600,4765300,2983800,5483900,7114500,2185600,37073900,1289700,2423500
2025-12-15,140.3491668701172,225.6345977783203,127.82251739501953,274.6600036621094,351.1499938964844,13.859999656677246,111.5,207.5800018310547,68.81999969482422,165.6999969482422,143.11421404957463,226.4778195318889,128.98661881855134,276.3999938964844,355.0,13.899999618530273,111.94999694824219,215.36000061035156,69.3499984741211,170.36000061035156,139.47073197123504,221.7756465388487,124.56899381732171,271.0199890136719,343.8800048828125,13.649999618530273,110.05000305175781,206.5800018310547,68.0999984741211,165.19000244140625,141.5669915320887,222.45022696910368,125.08637728840874,276.0,352.6000061035156,13.819999694824219,110.97000122070312,212.27999877929688,68.87999725341797,169.55999755859375,2712100,5971900,7716000,4041700,5480100,7835200,4213700,27222200,1195300,2576400
2025-12-16,138.94168090820312,221.884765625,126.22062683105469,272.0400085449219,347.8900146484375,13.619999885559082,109.48999786376953,209.1699981689453,67.94000244140625,163.1999969482422,140.2593180454932,225.02946230540516,127.95186270508893,281.1300048828125,355.8599853515625,13.850000381469727,112.0,210.22000122070312,68.98999786376953,167.0,137.79372342353554,220.1388185965764,125.6634516574027,270.8299865722656,345.42999267578125,13.520000457763672,109.16000366210938,205.11000061035156,67.61000061035156,162.83999633789062,140.22937278543432,224.60290163626203,127.76281787505312,281.1300048828125,350.0,13.850000381469727,111.0,206.9199981689453,68.91999816894531,166.0,1798800,6405900,5764200,5503300,4118200,5183500,3608900,23467600,1146700,2786500
2025-12-17,136.4161834716797,222.5196533203125,126.07138061523438,273.739990234375,354.6600036621094,13.479999542236328,110.5,198.11000061035156,68.08000183105469,162.1699981689453,139.06144941558713,224.60289809411165,127.02654130376176,279.3800048828125,357.79998779296875,13.760000228881836,110.80999755859375,211.5,68.79000091552734,164.22999572753906,136.0268798944336,221.08122961316553,125.30526475569782,272.0,347.79998779296875,13.359999656677246,108.88999938964844,197.52999877929688,67.18000030517578,161.00999450683594,138.4225918726303,222.09309265789653,126.11117992612415,272.6499938964844,347.8900146484375,13.670000076293945,108.9800033569336,210.0399932861328,67.48999786376953,162.19000244140625,2242000,5243400,8048900,5586800,4371600,6537200,3867900,31595400,1185800,2638500
2025-12-18,136.65574645996094,221.04156494140625,124.4894027709961,269.9599914550781,355.80999755859375,13.680000305175781,110.45999908447266,201.05999755859375,68.19000244140625,161.75999450683594,138.73203729658283,224.45409579693967,126.93700355520855,272.3699951171875,358.3399963378906,13.75,110.7699966430664,206.36000061035156,69.13999938964844,164.22999572753906,135.9869436550955,221.01179046097067,124.30035793454734,261.5,351.3599853515625,13.539999961853027,109.52999877929688,200.5,68.0199966430664,161.42999267578125,136.84540991224142,222.2121394818449,125.94204351653961,265.0,355.8699951171875,13.600000381469727,109.93000030517578,203.82000732421875,68.30999755859375,163.3699951171875,2693900,4760400,5891700,6923200,3352700,6758200,3268800,29720100,984700,2606000
2025-12-19,136.9951629638672,225.00962829589844,124.81773376464844,272.25,355.8599853515625,13.529999732971191,110.36000061035156,213.42999267578125,68.01000213623047,161.9600067138672,138.0233241776132,227.6384710892153,125.49430689431004,276.80999755859375,357.54998779296875,13.890000343322754,111.27999877929688,215.17999267578125,68.5,163.94000244140625,136.18659524688536,220.5753046883036,123.13625646181244,270.0,351.5899963378906,13.5,108.87999725341797,204.1999969482422,67.70999908447266,161.67999267578125,136.96521770378268,221.17050666605456,124.40980409624775,270.0,355.5299987792969,13.720000267028809,110.29000091552734,204.60000610351562,68.41999816894531,161.67999267578125,4959100,18968800,14795700,8375700,8706300,11204100,6832600,58445500,2287800,3715700
2025-12-22,138.2728729248047,226.09092712402344,124.5689926147461,270.6700134277344,357.5299987792969,13.859999656677246,110.05000305175781,214.9499969482422,68.11000061035156,160.0,138.94167576061898,226.82501108464066,126.59871198515036,272.79998779296875,359.57000732421875,13.880000114440918,110.7699966430664,220.1699981689453,68.51000213623047,162.63999938964844,136.9652125121256,222.4601359874025,124.1411594985686,267.8500061035156,354.70001220703125,13.520000457763672,109.7699966430664,213.30999755859375,67.73999786376953,159.07000732421875,137.37446946162328,224.3052908980623,124.5292008936091,271.6099853515625,355.5899963378906,13.579999923706055,110.23999786376953,220.0,67.80000305175781,162.17999267578125,2038300,4828100,5058000,3289500,2960800,7903900,2142300,24950700,883700,2334600
2025-12-23,138.1131591796875,226.96389770507812,123.91232299804688,270.7699890136719,352.4200134277344,13.899999618530273,110.72000122070312,214.89999389648438,67.73999786376953,160.14999389648438,138.67215767353767,228.9479346329627,124.54909680971932,271.6700134277344,359.6700134277344,14.020000457763672,111.08000183105469,217.02999877929688,68.37999725341797,160.49000549316406,137.3944424785754,226.09093174996923,123.22579814851709,268.7799987792969,350.5799865722656,13.8100004196167,109.75,212.27999877929688,67.3499984741211,158.4499969482422,137.92349571250978,226.39845505187125,124.37000370075253,269.82000732421875,357.4700012207031,13.920000076293945,110.22000122070312,212.86000061035156,68.20999908447266,159.97999572753906,1208700,3612100,7534900,2598800,3052500,4812100,1659300,20272300,747600,1828900
2025-12-24,138.07322692871094,228.0551300048828,124.18095397949219,269.9800109863281,352.9800109863281,13.960000038146973,110.62000274658203,215.0399932861328,67.95999908447266,160.33999633789062,138.32278089707697,228.9578704634424,124.69833742545607,271.9200134277344,354.75,13.989999771118164,110.95999908447266,216.5399932861328,68.25,160.67999267578125,137.52420515199256,227.15238954632323,123.37503881632578,269.739990234375,351.1099853515625,13.819999694824219,110.19999694824219,213.97000122070312,67.48999786376953,159.07000732421875,138.10317218638963,227.6285693200475,123.38499054169418,270.0299987792969,352.2099914550781,13.869999885559082,110.2699966430664,214.97999572753906,67.80000305175781,160.11000061035156,509000,1744900,1632200,1062700,1166500,2488300,891400,7956800,562100,854400
2025-12-26,138.14309692382812,228.14439392089844,124.21080780029297,271.0899963378906,353.79998779296875,14.069999694824219,109.9000015258789,214.99000549316406,67.76000213623047,162.0800018310547,138.38267422168664,228.76937037461897,124.55904988718827,271.75,356.2300109863281,14.079999923706055,110.86000061035156,216.8300018310547,68.01000213623047,162.17999267578125,137.62402039425086,226.85476693660203,123.63373674597551,269.5,352.2799987792969,13.920000076293945,109.66000366210938,213.02999877929688,67.5,160.0,138.25290128140088,227.98568247647728,123.95212365526686,269.8999938964844,352.5,14.010000228881836,110.55000305175781,215.42999267578125,67.87000274658203,160.32000732421875,739300,1593900,2120700,1411900,1455100,3090600,978800,15792600,543200,1245700
2025-12-29,137.6839141845703,228.99754333496094,123.94216918945312,271.3399963378906,353.1600036621094,14.130000114440918,109.95999908447266,215.61000061035156,68.08000183105469,161.72000122070312,138.82189495278203,230.1681330179413,124.85753058456233,273.2699890136719,356.67999267578125,14.199999809265137,110.55000305175781,216.0500030517578,68.12999725341797,162.6999969482422,137.37446968720724,227.90633208418348,123.86257056615428,269.95001220703125,351.1600036621094,14.010000228881836,109.30000305175781,209.24000549316406,67.41999816894531,160.82000732421875,138.15307688430337,228.3130481587183,124.39984988700772,270.9800109863281,353.3699951171875,14.0600004196167,110.16000366210938,211.5800018310547,67.55000305175781,161.8699951171875,1640800,3803000,4468700,2753800,2794000,5289300,1550000,20326900,1059700,2185100
2025-12-30,137.3744659423828,227.9063262939453,125.14607238769531,270.0,352.510009765625,14.5,110.80000305175781,215.33999633789062,67.73999786376953,161.1699981689453,137.9135110527957,229.36459464010863,125.56395378190456,272.4200134277344,355.2699890136719,14.5600004196167,110.83000183105469,216.82000732421875,68.25,161.67999267578125,136.58588209097263,226.79525532634446,123.73323095530635,269.5199890136719,350.010009765625,14.100000381469727,109.33000183105469,214.3300018310547,67.62999725341797,160.63999938964844,137.3245673331228,228.9281040960869,123.80287785434122,270.42999267578125,352.0299987792969,14.1899995803833,110.08000183105469,215.8699951171875,67.88999938964844,161.47999572753906,2423100,2348000,5271100,1784800,2252600,8104100,1153000,16409600,695200,1293600
2025-12-31,135.82723999023438,226.6663055419922,124.65853881835938,268.29998779296875,349.989990234375,14.34000015258789,110.2699966430664,214.16000366210938,66.87999725341797,160.10000610351562,137.72384404011032,228.41225259896592,125.6037477782477,270.92999267578125,352.8800048828125,14.5600004196167,111.02999877929688,217.63999938964844,67.75,161.33999633789062,135.79727950126005,226.6067717187426,124.60878778217901,268.29998779296875,349.69000244140625,14.319999694824219,110.22000122070312,213.8000030517578,66.83999633789062,160.0399932861328,137.3644857196368,227.90632862884868,125.24556157238757,269.739990234375,351.010009765625,14.529999732971191,110.7300033569336,215.82000732421875,67.54000091552734,161.1699981689453,950000,3196900,3157100,1973000,2116200,5820800,1434000,17591600,666900,1201700
2026-01-02,137.70388793945312,227.47975158691406,123.5640869140625,259.95001220703125,333.29998779296875,14.819999694824219,110.23999786376953,223.47000122070312,68.31999969482422,161.82000732421875,137.70388793945312,228.89834586185512,124.61874210275667,269.8399963378906,351.1199951171875,14.869999885559082,110.3499984741211,227.14999389648438,68.52999877929688,161.88999938964844,135.0286764913311,223.90849419825918,123.01685586845183,258.0,331.6400146484375,14.380000114440918,108.95999908447266,218.89999389648438,66.6500015258789,159.05999755859375,135.99694718616084,226.91430893360226,124.07151105714601,268.7900085449219,350.67999267578125,14.510000228881836,110.13999938964844,218.89999389648438,67.05999755859375,160.10000610351562,1650600,3336800,5014200,4899900,5643500,7290500,1659300,36446200,1318800,1961200
2026-01-05,142.67498779296875,218.42262268066406,125.81269073486328,263.9800109863281,331.55999755859375,14.729999542236328,112.19000244140625,221.0800018310547,68.51000213623047,163.5500030517578,142.71492495767072,225.4262858972515,125.92213694367949,266.75,334.4700012207031,15.020000457763672,112.93000030517578,234.02000427246094,69.0,164.39999389648438,137.41440109511385,216.12114766755664,121.88260171591091,259.4800109863281,327.44000244140625,14.460000038146973,108.58999633789062,220.47999572753906,67.66000366210938,160.8000030517578,137.4243777705066,225.18819601161937,123.00690379900001,260.8299865722656,330.1099853515625,14.970000267028809,109.30000305175781,230.25,67.79000091552734,160.97999572753906,2981500,9341300,6548500,3538200,5012100,7642300,1961800,31941100,1493700,2894500
2026-01-06,147.60000610351562,222.14268493652344,127.135986328125,275.92999267578125,335.989990234375,14.899999618530273,111.95999908447266,214.35000610351562,68.6500015258789,166.2100067138672,148.55999755859375,222.41053415722004,128.8075270061742,275.989990234375,336.3999938964844,14.989999771118164,112.72000122070312,222.9199981689453,69.04000091552734,166.52999877929688,142.1699981689453,217.79765440511346,125.9121897911556,262.0899963378906,329.5,14.6899995803833,111.01000213623047,211.25,67.38999938964844,161.82000732421875,142.17999267578125,217.99605506833305,126.20072150827284,263.0299987792969,330.0,14.770000457763672,111.5,222.7100067138672,67.7699966430664,162.8800048828125,2627700,9151700,8327500,4080100,3187400,6892900,2211900,40033200,1066000,2854800
2026-01-07,147.80999755859375,231.55694580078125,126.39971923828125,273.9800109863281,338.1000061035156,14.449999809265137,110.19000244140625,210.02000427246094,67.12000274658203,162.91000366210938,149.38999938964844,235.14804776173224,127.95186199923018,281.8699951171875,342.7799987792969,14.920000076293945,111.61000061035156,212.1300048828125,69.01000213623047,165.8699951171875,145.5500030517578,222.94623288267763,125.63359578779374,271.8900146484375,334.6199951171875,14.430000305175781,110.11000061035156,207.1699981689453,67.11000061035156,161.77000427246094,147.63999938964844,223.44224210985874,127.80260889018508,276.010009765625,336.239990234375,14.850000381469727,111.26000213623047,212.1300048828125,68.80999755859375,165.85000610351562,2279000,10285400,6632300,4303300,3183100,7656500,1339600,29715500,1110800,2734400
2026-01-08,145.75999450683594,222.34109497070312,125.54405212402344,281.82000732421875,339.0400085449219,14.220000267028809,110.26000213623047,204.67999267578125,70.4000015258789,165.24000549316406,148.74000549316406,229.69194001340892,127.45438107823344,286.57000732421875,343.95001220703125,14.5600004196167,111.55999755859375,210.94000244140625,70.81999969482422,165.7899932861328,145.3699951171875,221.33914667137753,125.42465419221583,272.1199951171875,334.67999267578125,14.199999809265137,109.9800033569336,203.3300018310547,66.69000244140625,161.0500030517578,146.74000549316406,229.2852239623064,126.45941349505475,272.25,337.3800048828125,14.399999618530273,110.13999938964844,210.89999389648438,66.69000244140625,161.77000427246094,1728700,9365900,4344600,5268900,3107700,7339400,2004700,27505000,1859400,2526900
2026-01-09,148.52000427246094,218.32342529296875,125.28536224365234,280.6700134277344,333.95001220703125,14.319999694824219,109.23999786376953,203.1699981689453,70.5199966430664,165.24000549316406,150.02999877929688,223.32319168940293,126.49921466658849,284.3999938964844,335.8800048828125,14.729999542236328,110.75,207.3000030517578,71.68000030517578,166.25,147.14999389648438,217.25204353580418,124.59884500075066,277.3299865722656,328.0,14.289999961853027,109.2300033569336,203.07000732421875,69.54000091552734,163.9499969482422,147.47999572753906,221.9641312380648,125.78284224708896,281.9599914550781,335.8800048828125,14.329999923706055,109.87000274658203,205.72000122070312,70.97000122070312,165.49000549316406,1818800,6714200,4317600,3135900,3250100,7743800,1721000,24217300,1478000,2306800
2026-01-12,147.99000549316406,218.2837371826172,124.0118179321289,280.9599914550781,327.6499938964844,14.039999961853027,108.87999725341797,207.69000244140625,71.01000213623047,167.94000244140625,150.0,220.71419454042294,125.97189041210517,281.3900146484375,330.6700134277344,14.25,110.05000305175781,209.8800048828125,71.61000061035156,168.27000427246094,146.91000366210938,216.64691276413626,122.82781306350631,276.6099853515625,323.5,13.899999618530273,108.58999633789062,199.8000030517578,69.86000061035156,163.11000061035156,148.60000610351562,219.42456750377104,125.76294971604399,279.5400085449219,327.7699890136719,14.25,109.56999969482422,201.17999267578125,69.86000061035156,164.3000030517578,1127900,6546100,5524300,4086400,3541400,8247800,1486000,27287300,1285200,3247700
2026-01-13,146.32000732421875,218.9880828857422,123.67353057861328,276.79998779296875,309.92999267578125,13.970000267028809,107.95999908447266,220.97000122070312,70.56999969482422,169.4199981689453,150.10000610351562,218.9880828857422,124.04166091904756,280.5,323.0,14.15999984741211,109.43000030517578,223.11000061035156,71.56999969482422,170.39999389648438,143.13999938964844,214.1271983125012,121.58410851359314,273.0,307.9100036621094,13.90999984741211,107.36000061035156,214.97999572753906,69.97000122070312,167.7899932861328,148.57000732421875,217.77781911024937,123.9222705776926,278.8999938964844,322.489990234375,14.050000190734863,108.87999725341797,215.10000610351562,71.45999908447266,168.0,2593400,4872600,5169800,3622800,7217300,8807100,1942600,56894900,990800,2827900
2026-01-14,145.9199981689453,220.1189727783203,124.37000274658203,288.5400085449219,304.44000244140625,14.0,110.18000030517578,223.60000610351562,71.18000030517578,169.99000549316406,148.3699951171875,221.55739650023978,124.45954550490714,291.0899963378906,309.7300109863281,14.199999809265137,110.4000015258789,224.08999633789062,71.6500015258789,170.85000610351562,145.52000427246094,215.26800317402618,122.37013097695308,276.17999267578125,302.4700012207031,13.890000343322754,108.11000061035156,215.11000061035156,70.5,168.1300048828125,146.41000366210938,219.23607696525247,123.05665582121583,276.6099853515625,308.57000732421875,13.899999618530273,108.11000061035156,217.5399932861328,70.5,169.39999389648438,1684100,8426400,7187800,6421700,5712600,9524200,2173600,40466500,996100,3121900
2026-01-15,144.8300018310547,215.02000427246094,123.52999877929688,287.7699890136719,304.0899963378906,14.4399995803833,109.61000061035156,227.9199981689453,71.98999786376953,171.10000610351562,146.89999389648438,221.24987907917588,124.41999816894531,290.6700134277344,305.82000732421875,14.619999885559082,110.80999755859375,238.35000610351562,72.08000183105469,173.05999755859375,144.67999267578125,214.10734909268112,123.0,285.2099914550781,301.3999938964844,14.029999732971191,109.4800033569336,227.22000122070312,71.31999969482422,169.92999267578125,146.58999633789062,220.74395510667856,124.4000015258789,287.92999267578125,304.9700012207031,14.079999923706055,110.30999755859375,227.89999389648438,71.94000244140625,170.5,1675000,6954200,7079500,5743500,4774300,14606000,2138100,55270200,1055000,2909200
2026-01-16,139.63999938964844,214.35000610351562,121.76000213623047,286.2099914550781,296.1199951171875,14.1899995803833,109.51000213623047,231.8300018310547,72.4800033569336,167.8000030517578,144.8800048828125,217.35000610351562,123.48999786376953,289.1600036621094,304.8800048828125,14.800000190734863,109.91000366210938,234.49000549316406,72.55000305175781,171.42999267578125,139.49000549316406,213.8800048828125,121.54000091552734,280.739990234375,295.4200134277344,14.140000343322754,108.98999786376953,228.86000061035156,71.62999725341797,167.0,144.1999969482422,215.61000061035156,123.2300033569336,285.42999267578125,304.55999755859375,14.319999694824219,109.27999877929688,234.3000030517578,71.91999816894531,168.80999755859375,2603400,8649700,10418200,5702500,8534400,10519600,6139900,42545600,1153800,7328100
2026-01-20,135.8300018310547,214.0399932861328,121.13999938964844,272.7099914550781,290.3699951171875,13.770000457763672,109.26000213623047,231.9199981689453,70.55999755859375,156.1199951171875,138.77000427246094,214.0399932861328,121.5,287.2699890136719,295.0,14.020000457763672,110.2300033569336,239.5,71.91000366210938,163.72999572753906,134.6300048828125,209.9600067138672,120.25,272.2200012207031,288.3299865722656,13.630000114440918,108.87999725341797,225.41000366210938,70.1500015258789,153.07000732421875,138.0,211.6999969482422,121.37000274658203,282.44000244140625,294.32000732421875,13.949999809265137,109.33999633789062,226.0800018310547,71.4000015258789,159.4499969482422,3300700,8251400,12634000,5656100,6962000,14383000,2398300,44327700,1179700,11902100
2026-01-21,139.77000427246094,216.14999389648438,120.7300033569336,280.7200012207031,294.2300109863281,14.239999771118164,108.55999755859375,249.8000030517578,72.23999786376953,155.8800048828125,140.47000122070312,218.0,122.48999786376953,285.5400085449219,294.510009765625,14.40999984741211,109.69999694824219,252.89999389648438,72.77999877929688,158.63999938964844,136.02000427246094,211.57000732421875,120.33000183105469,274.95001220703125,288.3299865722656,13.989999771118164,107.27999877929688,235.77999877929688,70.98999786376953,154.33999633789062,136.22000122070312,212.47000122070312,121.70999908447266,275.0,290.7699890136719,14.039999961853027,109.05000305175781,235.99000549316406,71.27999877929688,157.1199951171875,1988100,10721800,12546500,4230800,5640100,10915300,2493200,62182900,910400,6969100
