,Open,Open,Open,Open,Open,Open,Open,Open,Open,Open,High,High,High,High,High,High,High,High,High,High,Low,Low,Low,Low,Low,Low,Low,Low,Low,Low,Close,Close,Close,Close,Close,Close,Close,Close,Close,Close,Volume,Volume,Volume,Volume,Volume,Volume,Volume,Volume,Volume,Volume,r_cc,r_cc,r_cc,r_cc,r_cc,r_cc,r_cc,r_cc,r_cc,r_cc,r_on,r_on,r_on,r_on,r_on,r_on,r_on,r_on,r_on,r_on,r_oo,r_oo,r_oo,r_oo,r_oo,r_oo,r_oo,r_oo,r_oo,r_oo,r_oc,r_oc,r_oc,r_oc,r_oc,r_oc,r_oc,r_oc,r_oc,r_oc,r_ho,r_ho,r_ho,r_ho,r_ho,r_ho,r_ho,r_ho,r_ho,r_ho,r_hc,r_hc,r_hc,r_hc,r_hc,r_hc,r_hc,r_hc,r_hc,r_hc,r_lo,r_lo,r_lo,r_lo,r_lo,r_lo,r_lo,r_lo,r_lo,r_lo,r_lc,r_lc,r_lc,r_lc,r_lc,r_lc,r_lc,r_lc,r_lc,r_lc,r_hl,r_hl,r_hl,r_hl,r_hl,r_hl,r_hl,r_hl,r_hl,r_hl,vol_norm,vol_norm,vol_norm,vol_norm,vol_norm,vol_norm,vol_norm,vol_norm,vol_norm,vol_norm
,A,ABBV,ABT,ACN,ADBE,AES,AFL,AMD,AOS,MMM,A,ABBV,ABT,ACN,ADBE,AES,AFL,AMD,AOS,MMM,A,ABBV,ABT,ACN,ADBE,AES,AFL,AMD,AOS,MMM,A,ABBV,ABT,ACN,ADBE,AES,AFL,AMD,AOS,MMM,A,ABBV,ABT,ACN,ADBE,AES,AFL,AMD,AOS,MMM,A,ABBV,ABT,ACN,ADBE,AES,AFL,AMD,AOS,MMM,A,ABBV,ABT,ACN,ADBE,AES,AFL,AMD,AOS,MMM,A,ABBV,ABT,ACN,ADBE,AES,AFL,AMD,AOS,MMM,A,ABBV,ABT,ACN,ADBE,AES,AFL,AMD,AOS,MMM,A,ABBV,ABT,ACN,ADBE,AES,AFL,AMD,AOS,MMM,A,ABBV,ABT,ACN,ADBE,AES,AFL,AMD,AOS,MMM,A,ABBV,ABT,ACN,ADBE,AES,AFL,AMD,AOS,MMM,A,ABBV,ABT,ACN,ADBE,AES,AFL,AMD,AOS,MMM,A,ABBV,ABT,ACN,ADBE,AES,AFL,AMD,AOS,MMM,A,ABBV,ABT,ACN,ADBE,AES,AFL,AMD,AOS,MMM
Date,,,,,,,,,,,,,,,,,,,,,,,,,,,,,,,,,,,,,,,,,,,,,,,,,,,,,,,,,,,,,,,,,,,,,,,,,,,,,,,,,,,,,,,,,,,,,,,,,,,,,,,,,,,,,,,,,,,,,,,,,,,,,,,,,,,,,,,,,,,,,,,,,,,,,,
2025-05-15,110.62588432532847,173.83370282601172,127.06269528904619,318.6264517155044,399.3500061035156,12.099942743117865,102.3042970566352,117.0199966430664,67.57558583309631,144.32693511675413,111.73930358886719,177.8275191999974,131.57915171662435,322.3876396298914,404.8500061035156,12.343500365275473,104.27225504173646,117.5,68.77328491867053,147.1379133070305,108.28969936653438,172.4178038677487,127.06269528904619,318.168749371515,399.3500061035156,12.002519322615383,102.3042970566352,114.01000213623047,67.14995929201731,143.37021194657865,111.73930358886719,177.40762329101562,131.50027465820312,321.6015625,404.69000244140625,12.08045768737793,104.08529663085938,114.98999786376953,68.7138900756836,146.70394897460938,1873900.0,12073300.0,8406400.0,3050400.0,2763800.0,14632400.0,1521900.0,43843200.0,1468000.0,4472100.0,,,,,,,,,,,,,,,,,,,,,,,,,,,,,,,0.010014414389492516,0.02035092995278257,0.034328311931139964,0.009293976938686145,0.013283107300812074,-0.0016116408008593805,0.017259046367019873,-0.017499682190212553,0.016704601798411232,0.0163354945889481,0.010014414389492516,0.02271497592860456,0.03492795639495564,0.011735252406344371,0.013678402561093116,0.019928917706506864,0.01905363897527637,0.00409350191096034,0.017568607429252762,0.019289223812974425,0.0,0.0023640459758220633,0.0005996444638157075,0.0024412754676582916,0.00039529526028104085,0.021540558507366293,0.0017945926082562872,0.021593184101172936,0.0008640056308416756,0.0029537292240264536,-0.021344059749602077,-0.00817848773543328,0.0,-0.0014375184424339773,0.0,-0.008084149313550544,0.0,-0.026058649090404874,-0.006318444756675529,-0.006650929330710177,-0.031358474139094615,-0.028529417688215743,-0.03432831193114,-0.010731495381120143,-0.013283107300811945,-0.00647250851269115,-0.017259046367019904,-0.008558966900192333,-0.023023046555086687,-0.022986423919658223,0.03135847413909452,0.030893463664037765,0.03492795639495564,0.013172770848778336,0.013678402561093116,0.028013067020057333,0.01905363897527637,0.030152151001365333,0.02388705218592839,0.025940153143684516,,,,,,,,,,
2025-05-16,111.6200025994932,177.03657369948698,131.3030390320422,315.84039387531044,414.6199951171875,12.18762360254768,104.02626711675829,118.06999969482422,68.77328132605919,147.38446630297435,113.1608945352556,179.74143888026376,133.41335398711465,316.47719316777403,421.7699890136719,12.18762360254768,105.28575910868787,118.23999786376953,69.82249702525257,151.18177020876388,110.16858557619568,176.27491727890168,130.92832033341642,308.1886602187973,412.05999755859375,11.827158434228265,103.6818759482095,116.01000213623047,68.59511190998943,146.91104117014612,113.10124206542969,179.69261169433594,132.93016052246094,316.1090393066406,417.1300048828125,11.895354270935059,105.108642578125,117.16999816894531,69.80269622802734,151.01409912109375,1812000.0,6152800.0,7128700.0,3968000.0,5391500.0,13460500.0,3427200.0,43419700.0,1580100.0,4204500.0,0.012114853485736037,0.012797636996903783,0.010814941178964001,-0.017226180648921802,0.030276587572099303,-0.015441153324745941,0.009783783547631274,0.01878070656968965,0.01572127363145188,0.02895660062330676,-0.001068242937845876,-0.002093698981237619,-0.0015010135178514289,-0.018076392496285284,0.024241078380534808,0.008831898203130375,-0.0005672872244208409,0.026432516851275453,0.0008639533923680538,0.004627986058863781,0.008946171451646712,0.01825723097154482,0.03282729841328863,-0.008782415557599102,0.0375241856813468,0.007220257402270965,0.016691759142598968,0.008932834661063063,0.01756855519077918,0.020963480647811842,0.013183096423581937,0.014891335978141391,0.012315954696815385,0.0008502118473634914,0.00603550919156439,-0.024273051527876278,0.010351070772052079,-0.007651810281585828,0.014857320239083864,0.024328614564442942,0.013710382801269436,0.015163025241582714,0.01594430656897783,0.002014176169692347,0.01709768938340602,0.0,0.012034733179250273,0.0014387727986734172,0.015140948098735998,0.025438299519752152,0.0005272863776875139,0.00027168926344130456,0.0036283518721624687,0.0011639643223290946,0.011062180191841657,0.024273051527876316,0.0016836624071979451,0.009090583080259342,0.0002836278596520794,0.001109684955309288,-0.013088479936320023,-0.004311535967124992,-0.0028579263333185934,-0.024524874687011665,-0.006193462438937145,-0.03002252886308516,-0.00331610960514773,-0.01760125363280858,-0.0025940394552435076,-0.00321734806810116,-0.026271576359902047,-0.019202871945266323,-0.015173881030134045,-0.025375086534375,-0.01222897163050145,-0.005749477335208907,-0.013667180377199934,-0.009949443351222657,-0.017451359694327314,-0.027545962632544038,0.026798862737589524,0.019474561208707712,0.018802232902296424,0.02653905085670407,0.023291151822343162,0.03002252886308525,0.0153508427843979,0.01904002643148198,0.017734987553979512,0.028655647587853262,,,,,,,,,,
2025-05-19,111.83871632480559,179.88789834754897,133.1273802106287,314.2185071568698,413.5299987792969,11.710251232992968,105.14800295871053,115.0199966430664,69.02074352335575,149.8699749709926,112.80301580353388,181.43074498141257,133.80781145035724,319.293133525581,421.2699890136719,11.749220416418128,105.63999248874113,115.52999877929688,69.86209622453445,152.14835130032822,111.37147780752089,178.21810401534051,132.66389849797682,313.5020889593375,413.20001220703125,11.06725831282992,104.32145664453363,114.05999755859375,68.95145583153614,149.04147722394575,112.773193359375,181.34286499023438,133.6697540283203,317.80059814453125,420.67999267578125,11.408239364624023,104.72489166259766,114.73999786376953,69.79280853271484,152.02999877929688,2086300.0,5216700.0,8012800.0,2247300.0,3008000.0,19366800.0,1690000.0,37737400.0,1194200.0,2613600.0,-0.0029047017746055112,0.00914184281350102,0.005548354390308485,0.0053369210782390555,0.008474496721465769,-0.041812080867834,-0.003657674115366705,-0.02095717549701557,-0.00014166208784420142,0.006704657644453159,-0.011225564435512163,0.001086191642536035,0.001482534370173471,-0.005998588604616307,-0.008667875249253982,-0.015683294544539792,0.00037440320561407794,-0.018519858952773863,-0.011265546740834569,-0.007605119466830629,0.001957531988069923,0.015977527620677476,0.013798489066989088,-0.0051483767572528955,-0.0026323660576896752,-0.039956346072416146,0.010725473977666166,-0.02617166923435965,0.003591773498249258,0.016723495097612305,0.008320862660906711,0.008055651170965062,0.004065820020135,0.011335509682855478,0.017142371970719876,-0.02612878632329417,-0.00403207732098082,-0.0024373165442417247,0.011123884652990218,0.014309777111283808,0.008585273916360265,0.008540140618276624,0.005098111711960802,0.01602096815588128,0.018543871934599887,0.003322258902565665,0.00466810666714578,0.004424228828856751,0.012116154815289359,0.015087955617234933,0.00026441125545365214,0.00048448944731165457,0.0010322916918258098,0.0046854584730258424,0.0014014999638800067,0.029451045225859868,0.00870018398812664,0.006861545373098631,0.0009922701622989793,0.0007781785059512255,-0.004186539970059322,-0.009325766242373853,-0.003487565014813684,-0.0022826031614265434,-0.0007982934825268962,-0.05647358411962943,-0.007891848344869855,-0.008381392776142705,-0.001004371865754772,-0.00554344681405155,-0.012507402630965904,-0.017381417413338887,-0.007553385034948629,-0.01361811284428196,-0.017940665453246744,-0.030344797796335178,-0.003859771023889103,-0.005944076231901006,-0.012128256518745073,-0.019853223925335353,0.012771813886419753,0.017865906860650406,0.008585676726774573,0.018303571317307813,0.01934216541712687,0.05979584302219506,0.012559955012015688,0.01280562160499955,0.013120526681044211,0.02063140243128638,,,,,,,,,,
2025-05-20,112.78312773533027,180.51285701149993,133.12739272094802,316.87519764900276,417.8699951171875,10.989319944834673,104.64617221861917,114.3499984741211,69.59482637738762,151.1620548165853,113.46907428077014,181.6260483245875,133.94588145962894,318.73588686667813,419.1300048828125,11.213393446329956,104.99056339045396,114.51000213623047,70.00065961120072,152.61193353946666,111.99777810027811,179.3215451799543,132.6737668361238,315.8105455068767,414.2900085449219,10.872412394571377,103.62283308862118,112.08000183105469,68.75347382040304,151.15219712218138,112.81295776367188,180.5030975341797,133.32461547851562,318.5866394042969,417.6099853515625,10.950350761413574,103.92787170410156,113.51000213623047,68.91184997558594,152.0398712158203,2245800.0,5505100.0,6455300.0,2930500.0,2453000.0,25909700.0,1868400.0,29030800.0,947600.0,2529700.0,0.0003525429598472646,-0.004641582610889208,-0.0025853634493291718,0.002470325025776084,-0.007324484676363673,-0.040964356869060074,-0.007639715114760456,-0.010777722968711271,-0.012702823577149884,6.493531586706223e-05,8.808776374316082e-05,-0.004587515873950092,-0.004065726047589952,-0.002916138152586017,-0.006702064558353783,-0.03741195857430641,-0.0007519610993852236,-0.0034047734308591776,-0.00284074392387852,-0.005725389721506653,0.008408950424649937,0.0034681352970148843,9.397254510428549e-08,0.008419371530269441,0.010440307412365995,-0.06354074489760059,-0.004784038420366008,-0.0058420899751009565,0.008283140729111843,0.008584387389777159,0.0002644551961039038,-5.406673693913005e-05,0.001480362598260602,0.0053864631783622574,-0.0006224201180098709,-0.0035523982947536976,-0.0068877540153753055,-0.007372949537852009,-0.009862079653271431,0.005790325037373772,0.006063575434901705,0.006147888574873313,0.006129338876457874,0.00585482090606625,0.0030107782973352332,0.020185020222121847,0.003285602407879192,0.0013982669557976491,0.005814434102848964,0.009545845189085148,0.0057991202387977555,0.006201955311812441,0.004648976278197211,0.00046835772770420476,0.00363319841534502,0.023737418516875643,0.010173356423254306,0.008771216493649734,0.01567651375612032,0.0037555201517112595,-0.006987718353846096,-0.006621469080937414,-0.003413275743358299,-0.0033655038336225297,-0.008604135364255083,-0.010695279116731009,-0.00982716908907386,-0.020050988759070902,-0.012162967352325966,-6.521488381190402e-05,-0.007252173549950111,-0.006567402343998252,-0.004893638341618901,-0.00875196701198476,-0.007981715246245153,-0.007142880821977399,-0.0029394150736986382,-0.012678039221218835,-0.002300887699054572,-0.005855539921185739,0.01305129378874767,0.012769357655810856,0.009542614619816078,0.009220324739688979,0.01161491366159026,0.030880299338852845,0.013112771496952898,0.02144925571486862,0.017977401455174864,0.009611060072896919,,,,,,,,,,
2025-05-21,111.34164639120053,179.60472721121994,133.22601975921745,315.4622767675849,414.8599853515625,10.969835188374129,103.65083266464373,113.8499984741211,68.03091073988483,150.23493089630648,111.94806132205929,180.46403805347438,134.28116985256324,321.2532907868684,422.95001220703125,10.969835188374129,103.8487121013846,116.0999984741211,68.19917975912817,151.07328639577923,108.06104127621214,177.270930628248,131.1748698515633,314.8453670212396,412.5899963378906,9.859212130937264,102.37448991640012,111.08999633789062,66.31850424771525,147.2858549571954,108.26981353759766,177.5248260498047,131.20445251464844,316.1388854980469,414.0299987792969,9.8689546585083,102.4437484741211,112.05999755859375,66.43728637695312,147.35488891601562,2859800.0,5140900.0,7209100.0,2788000.0,2495800.0,44831900.0,2380700.0,43594600.0,1385600.0,2661800.0,-0.041104821134793024,-0.01663747427528509,-0.016030059607517053,-0.007712833168021385,-0.008609515545322344,-0.10397755191091163,-0.014383264662893715,-0.012856537236464032,-0.03656971056763406,-0.03129890951134413,-0.013127836552390661,-0.004989462182990504,-0.0007397898242256108,-0.009855352940656804,-0.006606868956388617,0.0017777615697963831,-0.0026692449477338483,0.0029908215202072864,-0.01286597967120892,-0.011942522229068662,-0.012863381356286691,-0.005043528919929682,0.0007405727740351954,-0.004468889762294722,-0.0072292890743985184,-0.0017746367249573316,-0.009556998963109109,-0.0043821280176446304,-0.022728059324480302,-0.00615219719169475,-0.02797698458240243,-0.011648012092294619,-0.015290269783291439,0.002142519772635562,-0.0020026465889337636,-0.105755313480708,-0.011714019715159774,-0.015847358756671412,-0.023703730896425128,-0.019356387282275442,0.005431655833887257,0.004773046465287216,0.007888801545740877,0.018190771524149465,0.01931291900301722,0.0,0.0019072764419753622,0.019570096453836238,0.0024703661900493845,0.005564784594594239,0.033408640416289756,0.016421058557581875,0.023179071329032352,0.016048251751513892,0.021315565591950882,0.10575531348070803,0.013621296157135145,0.03541745521050777,0.02617409708647456,0.02492117187686978,-0.029907105242979987,-0.013079232506392351,-0.015515765168702952,-0.0019574883770235104,-0.005486723689825713,-0.10674299048759947,-0.012390312616660711,-0.024541128478828184,-0.025493214584880197,-0.01982498479649542,-0.0019301206605775293,-0.0014312204140977602,-0.00022549538541154714,-0.004100008149658884,-0.0034840771008920112,-0.000987677006891541,-0.0006762929015009513,-0.008693769722156798,-0.0017894836884550206,-0.00046859751421999955,0.03533876107686738,0.017852278971679698,0.0234045667144438,0.020148259901172763,0.024799642692842752,0.10674299048759951,0.01429758905863603,0.04411122493266458,0.027963580774929664,0.02538976939108975,,,,,,,,,,
2025-05-22,107.72304539738919,177.14398907420653,130.62262408208358,315.929936153706,412.510009765625,9.596170720647594,102.40417372202612,111.9000015258789,66.16012279410064,147.67052954033295,109.54229022217352,179.24342398749732,131.03679636168957,317.6015684250478,417.8999938964844,9.635139903175054,102.79004391766904,112.63999938964844,66.9123944489733,148.50890016813995,107.33533847860537,176.01126391077244,129.35050953667215,314.4672503248547,412.510009765625,9.216220494180911,100.88047786419287,110.61000061035156,65.64541537873997,145.65844605356259,109.03528594970703,178.24740600585938,129.67593383789062,314.8752136230469,414.3299865722656,9.381839752197266,101.36528778076172,110.70999908447266,66.68473815917969,147.72970581054688,2379800.0,4689200.0,6277100.0,2996600.0,1889500.0,40712700.0,1700400.0,29252000.0,1383900.0,2862800.0,0.007045169027879887,0.004062042422131129,-0.011718291200248263,-0.004005214989813042,0.0007242933299244072,-0.05061805742959635,-0.010583149590085628,-0.012120258748763461,0.0037176728357793754,0.002540404364089311,-0.005062846159076365,-0.0021475647461952235,-0.004444379075238182,-0.0006611601293870883,-0.003677960440910151,-0.028029801211534713,-0.00038638178179258123,-0.0014287913965661961,-0.00418053396740713,0.0021397528823109964,-0.033039830741478725,-0.013795576838489799,-0.019734648858529588,0.0014813596432483003,-0.00568060702984386,-0.13378511469224272,-0.012100401496952318,-0.017276150153237583,-0.027884264863832324,-0.01721663439996454,0.012108015186956329,0.006209607168326552,-0.007273912125010142,-0.003344054860426025,0.004402253770834575,-0.022588256218061594,-0.010196767808293023,-0.010691467352197266,0.007898206803186503,0.0004006514817783712,0.016747147806495447,0.011781893086163245,0.003165738308239705,0.005277199756212354,0.012981683269860047,0.004052686436863196,0.003761028502037629,0.006591258037154902,0.011306311538742474,0.005661249788762732,0.004639132619539041,0.005572285917836767,0.010439650433249853,0.008621254616638242,0.008579429499025265,0.026640942654924685,0.013957796310330584,0.017282725389352025,0.00340810473555588,0.005260598306984504,-0.003605600784526021,-0.0064149069750937,-0.009786585875176517,-0.004640529764651081,0.0,-0.04039910681565152,-0.014991042176788656,-0.011595122521760008,-0.00781014271252788,-0.013719170030124928,-0.01571361597148229,-0.01262451414342017,-0.0025126737501663813,-0.001296474904225055,-0.004402253770834691,-0.017810850597589856,-0.004794274368495601,-0.0009036551695627544,-0.015708349515714405,-0.01411982151190338,0.020352748591021343,0.018196800061257033,0.012952324183416153,0.009917729520863418,0.012981683269860047,0.044451793252514624,0.01875207067882625,0.018186380558914913,0.019116454251270194,0.019380419818887724,,,,,,,,,,
2025-05-23,107.14645267366049,178.08141490642396,129.85343269987675,309.5617524453449,409.1099853515625,9.294158544272687,100.92005543347135,108.08999633789062,65.70480542119779,146.14387036246575,108.41892743875225,179.7902622191959,130.3366412271267,310.17869253436896,411.45001220703125,9.810500427538233,101.82042425724332,111.0199966430664,66.466977505996,147.37289176492348,106.44062706441578,177.44670615023796,128.62077170425763,306.3378859605532,407.1499938964844,9.28441601669633,100.59354756010678,107.66999816894531,65.5761304499032,145.70776550599285,107.89204406738281,178.9504852294922,129.4787139892578,308.03936767578125,407.69000244140625,9.732562065124512,101.44444274902344,110.30999755859375,66.33829498291016,146.31236267089844,1691000.0,4027000.0,6145000.0,2947200.0,2087700.0,22740500.0,1641500.0,30867300.0,1270500.0,2369800.0,-0.010540418920659171,0.003936642118339972,-0.001522024693433056,-0.021948821175347074,-0.016155637675951306,0.03670129816725097,0.0007805835752961362,-0.003619599752715578,-0.005208781537705064,-0.009640485282603235,-0.01747493895150012,-0.0009316737894922286,0.0013678520625958583,-0.017018817639346276,-0.012678692617407323,-0.009389790120555436,-0.004402029916618597,-0.023949982053851696,-0.014804048843155854,-0.010792741983219925,-0.005366923764543727,0.005277933378834171,-0.005906060062414261,-0.020362872499772238,-0.008276438846572701,-0.03197804633861709,-0.014598797724911622,-0.03464144940604904,-0.006905842039969266,-0.010392090501441444,0.006934520030840909,0.004868315907832329,-0.0028898767560288853,-0.00493000353600084,-0.0034769450585440706,0.04609108828780634,0.005182613491914683,0.02033038230113605,0.009595267305450864,0.0011522567006165823,0.011806065932542764,0.00955012877477975,0.0037142776085179233,0.00199096346805904,0.005703502987813001,0.05406719496346966,0.008882042149282737,0.026746155476893706,0.011533180777507463,0.00837450356418439,0.004871545901701914,0.004681812866947516,0.00660415436454689,0.0069209670040598975,0.00918044804635706,0.00797610667566322,0.003699428657368266,0.0064157731757574585,0.001937913472056649,0.0072222468635676105,-0.0066092778595394485,-0.0035705160458342827,-0.009538053079625403,-0.010468900216137902,-0.004802379809918645,-0.0010487918152623963,-0.0032405570069849693,-0.0038932027264723095,-0.0019603000488461596,-0.0029885402544324743,-0.013543797890380202,-0.00843883195366654,-0.0066481763235965285,-0.005538896680137065,-0.0013254347513745703,-0.04713988010306879,-0.008423170498899556,-0.024223585027608425,-0.011555567354296869,-0.004140796955049151,0.018415343792082095,0.013120644820614197,0.013252330688143422,0.012459863684196855,0.010505882797731703,0.05511598677873211,0.012122599156267833,0.030639358203365823,0.013493480826353425,0.011363043818616823,,,,,,,,,,
2025-05-27,110.09899852369915,179.93674677137113,130.0211008983553,311.9597614524663,412.760009765625,9.810501098632812,101.89956562929962,113.18000030517578,67.07077708719463,148.67127890572775,111.11299950698717,181.6163007786446,131.98348777035343,314.1289357928353,414.95001220703125,9.84947028250539,102.35469435898112,115.4000015258789,67.97151703902846,148.67127890572775,109.3235846686175,179.57543748727065,129.70553242915256,310.45729659368396,411.6000061035156,9.605912651027127,101.27623862859554,112.2699966430664,66.32840575854173,145.36086872509676,110.60600280761719,181.35264587402344,131.09597778320312,313.8602600097656,413.1000061035156,9.810501098632812,102.31512451171875,114.55999755859375,67.8725357055664,148.16580200195312,2103900.0,5726700.0,5591000.0,3248900.0,2680400.0,13960900.0,1683300.0,37885000.0,1739400.0,3155300.0,0.02484322731833631,0.013334306753482902,0.012413212884310774,0.01872026310135065,0.013182621503942664,0.007976175081404748,0.008546220173018567,0.037804120052116925,0.02286413923490944,0.012588123862077914,0.020248812396088504,0.0054962335615902835,0.004180254996805544,0.012646617853720189,0.01235924623315634,0.007976175081404748,0.004476390958236641,0.025684912561692818,0.010981104259431352,0.015993880250881144,0.027183332426929354,0.010364549469422673,0.0012903782407764968,0.007716614317719292,0.008882301174612393,0.05406726336921124,0.0096590044501513,0.046015294862828876,0.02057637156488221,0.01714613695149766,0.004594414922247722,0.007838073191892659,0.008232957887505244,0.006073645247630487,0.0008233752707862733,0.0,0.004069829214782027,0.012119207490424038,0.011883034975477868,-0.0034057563888031687,0.0091677494379759,0.009290841829120057,0.014980070226069701,0.0069293153809975,0.0052917265556908216,0.003964322648619786,0.004456499296122851,0.0194248928857666,0.013340314097811832,0.0,0.004573334515727966,0.0014527686372275289,0.006747112338564466,0.0008556701333670752,0.0044683512849046205,0.003964322648619786,0.0003866700813409216,0.007305685395342707,0.001457279122333841,0.0034057563888031384,-0.007067796502073446,-0.0020099981116863505,-0.002430005890762082,-0.004827848972523212,-0.0028143151181936337,-0.02107454263023892,-0.006135858141212975,-0.008072819840605356,-0.011130188005864577,-0.0225182864605401,-0.011662211424321197,-0.00984807130357888,-0.01066296377826738,-0.010901494220153792,-0.003637690388979873,-0.02107454263023892,-0.01020568735599501,-0.020192027331029396,-0.023013222981342594,-0.019112530071736914,0.016235545940049164,0.01130083994080642,0.01741007611683179,0.011757164353520849,0.008106041673884434,0.025038865278858784,0.010592357437335852,0.027497712726371987,0.024470502103676513,0.022518286460540177,,,,,,,,,,
2025-05-28,110.17852416726885,180.99133319797087,131.25375693351913,313.18366098918716,413.80999755859375,9.742304413437685,102.04798188089359,114.91999816894531,67.55578998913735,148.32437568528937,110.92411553928214,181.72369627015047,131.7468213621993,315.8105377252086,416.3699951171875,9.791016121324583,102.78014485394701,114.94999694824219,67.80324709532466,148.67128139131904,109.49257767796136,178.08139986320256,130.01122494308044,312.48713236095784,411.4200134277344,9.333127553745419,100.80132029539004,112.66000366210938,62.962986702444084,146.87731701564377,110.22822570800781,178.7844696044922,130.18873596191406,314.41748046875,412.2300109863281,9.450035095214844,100.91015625,112.86000061035156,63.576683044433594,147.34315490722656,2733100.0,4787800.0,3622100.0,3437600.0,2246500.0,17583000.0,1745500.0,27483700.0,3501900.0,2297500.0,-0.0034213669743350084,-0.014262455566869245,-0.00694449709161197,0.001773803428598962,-0.0021082365148701334,-0.03743489738531379,-0.013826927834252226,-0.014950563952141817,-0.06538468690458421,-0.005567677057472764,-0.003872365336313809,-0.0019943082632748435,0.001202815543219927,-0.002158060258649731,0.0017172162058850737,-0.006975670237217042,-0.002614393446076285,0.003137536276612607,-0.004677696373477531,0.0010696725246898864,0.0007220495859340284,0.0058437649286175826,0.009435773430725282,0.00391558498898066,0.002540591476671435,-0.006975670237217042,0.0014554357687055846,0.015256743767036634,0.007205338602000411,-0.0023360838641132663,0.00045099836197885534,-0.012268147303594372,-0.008147312634831903,0.003931863687248693,-0.0038254527207552172,-0.030459227148096752,-0.01121253438817594,-0.0180881002287545,-0.06070699053110674,-0.006637349582162753,0.00674432651877045,0.004038233918754076,0.003749535529860251,0.00835267483819067,0.0061673509252438185,0.004987560489632167,0.007149077649484058,0.000261006482832871,0.003656311203110479,0.002336100582818415,0.006293328156791855,0.016306381222348423,0.011896848164692258,0.00442081115094204,0.009992803645998992,0.03544678763772893,0.01836161203765999,0.0183491067115874,0.06436330173421705,0.008973450164981129,-0.006245234016114858,-0.016208398871886357,-0.009511732873441727,-0.0022265028937738752,-0.005792302221652709,-0.04290750897515387,-0.012291659552848331,-0.019861752205369853,-0.07040673377914229,-0.009803942836512201,-0.006696232378093593,-0.003940251568291978,-0.0013644202386098115,-0.0061583665810225055,-0.0019668495008974916,-0.012448281827057076,-0.0010791251646724404,-0.0017736519766153437,-0.009699743248035617,-0.0031665932543496044,0.012989560534885477,0.02024663279064061,0.013261268403302011,0.010579177731964618,0.011959653146896522,0.04789506946478616,0.019440737202332383,0.020122758688202746,0.07406304498225279,0.012140043419330672,,,,,,,,,,
2025-05-29,116.2625536815162,179.14579510871994,129.90274291657747,315.939857425816,414.0,9.54745802701044,101.13772407426418,115.48999786376953,64.01220702269825,148.54242980350895,116.30231946783654,182.35842152089407,131.21429602932045,316.8354028871961,415.4200134277344,9.82998480351439,101.89956820549656,115.54000091552734,64.33885223880227,149.02809477276944,112.33577519309885,178.39389811439426,129.52802420374474,313.2135026955653,410.4700012207031,9.498746321592828,100.84089737197714,112.12999725341797,63.388617788875024,146.86739759426618,112.61412811279297,181.25498962402344,131.00721740722656,316.1488342285156,413.3599853515625,9.791015625,101.72147369384766,113.02999877929688,64.07160186767578,148.3045654296875,3837400.0,4925900.0,3078200.0,2557800.0,1780400.0,11828100.0,1854700.0,30501400.0,2027600.0,2621400.0,0.021414183954790514,0.013723822384327925,0.006267203712527929,0.0054914386331339675,0.002737375878687266,0.03544673694589182,0.008007849313450615,0.0015051414537889667,0.007754452848304005,0.006503780311700716,0.053298031720997875,0.0020189721998221067,-0.002199173627937871,0.004830212406267762,0.004284501162555105,0.010256488601480972,0.0022526137876558022,0.02303580968085697,0.006827015575015386,0.008106386560380747,0.05374903008297674,-0.010249175103772231,-0.010346486262769896,0.00876207609351659,0.0004590484417997426,-0.02020273854661568,-0.008959920600520139,0.004947709452102539,-0.053879974956091356,0.001469036978217961,-0.031883847766207396,0.011704850184505797,0.008466377340465974,0.0006612262268661285,-0.001547125283867718,0.02519024834441059,0.005755235525794788,-0.021530668227068235,0.0009274372732885695,-0.0016026062486800224,0.0003419758639333471,0.017774127335608472,0.010045795157314904,0.002830534363360624,0.0034241151459212357,0.029162444348935345,0.007504510113540524,0.0004328706471263803,0.005089882750955347,0.003264203678660839,0.03222582363014069,0.006069277151102703,0.0015794178168489527,0.002169308136494452,0.0049712404297889345,0.003972196004524521,0.0017492745877458842,0.02196353887419453,0.0041624454776665884,0.004866809927340793,-0.03435864822329535,-0.004205955965184217,-0.0028887782091456633,-0.008666795628882241,-0.008563126237302042,-0.005115120129511448,-0.0029391914238082744,-0.029525039651726086,-0.009789484719988304,-0.011340517515924478,-0.002474800457087949,-0.015910806149690038,-0.011355155549611508,-0.009328021855748539,-0.007016000953434422,-0.03030536847392214,-0.008694426949603014,-0.007994371424657955,-0.010716921993276842,-0.00973791126724448,0.03470062408722871,0.021980083300792732,0.012934573366460641,0.011497329992243108,0.011987241383223223,0.0342775644784467,0.010443701537348964,0.029957910298852388,0.014879367470943558,0.014604721194585408,,,,,,,,,,
2025-05-30,111.37147712552198,180.64956150761196,131.03679417765673,316.5767056379404,414.1400146484375,9.752047255100083,101.5235947509044,111.58000183105469,63.67566169754409,147.41252756095616,112.24630926641647,182.29982204808132,132.26945512515235,317.40256184785744,417.8599853515625,9.946893163828147,102.90877345394047,112.11000061035156,64.17057588909636,148.12615092436468,110.1387680723641,178.70635275227235,129.91260799542593,312.52695238236834,411.5299987792969,9.664366363897807,101.01899237401351,108.62000274658203,63.20054075086577,146.29254752074894,111.26212310791016,181.73345947265625,131.72708129882812,315.2433776855469,415.0899963378906,9.829985618591309,102.4437484741211,110.7300033569336,63.655860900878906,147.03590393066406,4753600.0,11609000.0,14236800.0,4012700.0,4231300.0,11261000.0,3415400.0,36088500.0,10261000.0,5339800.0,-0.012078292663251854,0.0026362829282132157,0.005479799908103163,-0.0028681290221386447,0.004176506824333998,0.003972278921935015,0.007075424362572594,-0.02055842337642034,-0.006509836271269213,-0.008591232383494143,-0.011095924985673359,-0.0033457920288548397,0.00022573895413124386,0.0013524710089501705,0.0018852677411694515,-0.003987954373820184,-0.0019471961310563834,-0.012911420575201301,-0.00619882456857808,-0.006033067384780319,-0.04297977275188077,0.008359058155650929,0.008692116294597202,0.0020136972358163257,0.0003381424573017644,0.0212022939705904,0.003808039394738367,-0.03444208880226942,-0.005271387295289484,-0.007635673633460266,-0.0009823676775784498,0.005982074957067923,0.005254060953971885,-0.004220600031088751,0.00229123908316455,0.00796023329575511,0.009022620493628971,-0.0076470028012191535,-0.00031101170269112017,-0.0025581649987139335,0.007824391951894742,0.00909367524823876,0.009363013266511486,0.0026053113071889114,0.008942296855637976,0.019783019720363174,0.013551669081360527,0.0047386987820994915,0.007742373544471504,0.004829315431804053,0.008806759629473214,0.0031116002911707507,0.004108952312539631,0.006825911338277644,0.006651057772473536,0.01182278642460816,0.0045290485877316055,0.012385701583318828,0.008053385247162564,0.007387480430518039,-0.011130155878206085,-0.010815058936784102,-0.008616177141513418,-0.01287485502593251,-0.006322197779394906,-0.009031687204744053,-0.004982689596709187,-0.026886260934770343,-0.007489555305693861,-0.007626599360114233,-0.010147788200627545,-0.01679713389385217,-0.013870238095485337,-0.008654254994843735,-0.008613436862559335,-0.016991920500499184,-0.014005310090338263,-0.01923925813355121,-0.007178543603002733,-0.005068434361400306,0.01895454783010077,0.019908734185022682,0.017979190408025057,0.015480166333121385,0.01526449463503277,0.028814706925107257,0.018534358678069785,0.03162495971686989,0.0152319288501652,0.012455914791918364,,,,,,,,,,
2025-06-02,110.48670701519687,181.3623938936467,131.01706608912687,312.0692436687753,408.8800048828125,9.761789709430985,101.5829557053949,111.05999755859375,63.06196786993311,146.56014444122368,110.75512417470804,182.5927734375,131.88486420263388,313.3727221018131,410.0,10.01508892432411,102.74056624684822,114.86000061035156,63.546981682292454,146.98634331241152,109.38323110286908,178.85283741921614,130.05066412907718,309.6612732950748,396.7300109863281,9.703335472702681,101.09814580787126,111.01000213623047,61.99295513746045,142.6352310794405,110.3972396850586,182.5927734375,131.71722412109375,312.9050598144531,403.3999938964844,9.9176664352417,102.70099639892578,114.62999725341797,62.36908721923828,145.10316467285156,1757000.0,4435600.0,4464000.0,2340400.0,4153700.0,12773400.0,1809900.0,34078400.0,2434100.0,2825700.0,-0.007803756188166595,0.004717286216203528,-7.483310541304111e-05,-0.007445146823930124,-0.028566744975851904,0.00888018409506936,0.0025079663610434936,0.03461469014010196,-0.020421645405703716,-0.013231831441474703,-0.00699367164949856,-0.0020438994538071555,-0.005404626097694935,-0.010119870054358047,-0.01507362896383601,-0.006961715663566587,-0.008438090294604688,0.002975737804288476,-0.009373540963398807,-0.003240914913590141,-0.007976039327076983,0.003938175503260847,-0.00015056514372307903,-0.014340470085446743,-0.012782389880671577,0.0009985176321886857,0.0005845301990243,-0.0046712649969305,-0.009684552666089948,-0.005799079912304056,-0.0008100845386680637,0.006761185670010539,0.005329792992281846,0.0026747232304278196,-0.013493116012015865,0.015841899758635918,0.01094605665564813,0.031638952335813424,-0.011048104442305,-0.00999091652788455,0.002426460581748141,0.006761185670010539,0.006601710868247851,0.004168189509412051,0.002735433296408804,0.02561709270973886,0.011331274212428433,0.033643426919331726,0.007661641402579068,0.002903793357744442,0.003236545120416259,0.0,0.0012719178759660456,0.0014934662789840814,0.016228549308424715,0.009775192951102817,0.0003852175567803193,0.0020044745835183435,0.018709745844884183,0.012894709885628807,-0.01003761757249314,-0.013933875412697711,-0.007403491602848127,-0.007746064727863752,-0.030165750151647824,-0.006006065915190596,-0.0047839765872031625,-0.00045026724255115154,-0.017097108166474827,-0.027145346735112773,-0.009227533033825083,-0.020695061082708334,-0.012733284595130073,-0.010420787958291614,-0.01667263413963182,-0.02184796567382659,-0.015730033242851355,-0.032089219578364504,-0.006049003724169915,-0.01715443020722833,0.012464078154241335,0.020695061082708403,0.014005202471096014,0.011914254237275788,0.03290118344805661,0.03162315862492944,0.01611525079963159,0.034093694161882945,0.024758749569053995,0.030049140092857106,,,,,,,,,,
2025-06-03,110.23817261607815,182.50487377223507,131.27344303771577,311.44237341910116,403.4599914550781,10.044316433056968,102.42395226493183,114.5,62.26020835874124,145.01397030105366,112.32582700833953,184.29184147735214,132.11165842161313,312.4274370237513,412.6400146484375,10.083285614221847,103.12644160155398,117.68000030517578,63.566781554918634,147.0458142394395,109.10487430072061,180.4737999401539,129.78439417089533,309.05432295484417,402.4800109863281,9.800758818501837,101.04866984848701,113.27999877929688,62.01275125680013,143.92372327521574,112.09718322753906,182.84664916992188,131.8552703857422,311.3428649902344,412.489990234375,10.00534725189209,102.96813201904297,117.30999755859375,63.34901809692383,146.81785583496094,1491200.0,5335600.0,5914900.0,3678200.0,2737500.0,10549000.0,1757100.0,37161500.0,2228600.0,2343300.0,0.01528107176572038,0.0013894273992275832,0.0010475013906852545,-0.005005056559426534,0.022283328991895418,0.00880202002768526,0.0025977235610907057,0.023110456539544567,0.015589651495010097,0.01174777259603616,-0.001441899964115573,-0.00048151319316915985,-0.0033748840549257908,-0.0046854971878275845,0.00014871863717019955,0.012689290243158983,-0.0027012248315535685,-0.001134703172211616,-0.0017472438994610533,-0.0006148852574058795,-0.0022519845027835932,0.00627967247684142,0.0019549089373560374,-0.0020107739573996964,-0.013344397374845635,0.02853119000179495,0.008244831824094492,0.030504249163601872,-0.012795348341766016,-0.010605801785290489,0.01672297172983597,0.0018709405923967094,0.004422385445611045,-0.0003195593715988714,0.02213461035472528,-0.0038872702154737577,0.005298948392644288,0.024245159711756135,0.017336895394471107,0.012362657853442007,0.01876058685378,0.009743717807162008,0.0063649630075428044,0.003157916625503965,0.022498248605250414,0.0038722178395172455,0.006835229633495892,0.027394255892155713,0.020768519704312833,0.01391411503183961,0.0020376151239441414,0.007872777214765373,0.001942577561931732,0.003477475997102948,0.000363638250524997,0.00775948805499114,0.0015362812408518782,0.0031490961803995964,0.003431624309841663,0.001551457178397471,-0.010333661505726349,-0.011191263716109113,-0.011407931909306635,-0.007697260174840165,-0.0024318955474547355,-0.024547132345844744,-0.013518313627707402,-0.010712203824865759,-0.0039824822675146405,-0.007546624925325069,-0.02705663323556227,-0.01306220430850573,-0.015830317354917814,-0.007377700803241261,-0.024566505902180097,-0.020659862130371052,-0.018817262020351513,-0.03495736353662185,-0.021319377661985807,-0.019909282778767155,0.02909424835950635,0.020934981523271223,0.01777289491684939,0.010855176800344205,0.024930144152705117,0.02841935018536205,0.020353543261203262,0.03810645971702147,0.02475100197182753,0.021460739957164535,,,,,,,,,,
2025-06-04,112.69365183020165,183.97936965694242,132.54557589218936,313.5418505944407,411.5400085449219,10.063800420945098,103.14622793852621,117.41000366210938,63.764743966189485,147.59094073718308,114.612307275267,185.7077357559053,132.9991867147297,315.21351320614684,415.94000244140625,10.063800420945098,103.25506389083986,119.30000305175781,64.22996452430459,147.6305797579228,112.22641335419152,182.86617839830333,131.0959653494345,312.8254628024774,410.0799865722656,9.82998533716539,101.74126434326172,115.7300033569336,63.45789957755671,145.41043162950237,114.26436614990234,182.9345245361328,131.11569213867188,314.825439453125,413.9100036621094,9.907923698425293,101.74126434326172,118.58000183105469,63.64596939086914,145.50953674316406,2692800.0,4382200.0,4057000.0,2337800.0,1843400.0,9996900.0,1568900.0,31025000.0,1452800.0,2346900.0,0.019148562532270038,0.0004804805398330075,-0.005624805034702454,0.011123560063292584,0.00343662835382576,-0.00978486467795755,-0.011986575966119156,0.010767871014684776,0.00467659143129485,-0.008951113446620812,0.005306888978585974,0.006175811033604747,0.0052216706916365235,0.007038081190047797,-0.0023056978792555657,0.005825193505590749,0.0017281276650729703,0.0008521311268487455,0.006541028205834451,0.005251790626593799,0.02202986070842189,0.008046751626001474,0.009644056137247713,0.006718521818448939,0.019828912475469695,0.0019379232901169541,0.007027076057717209,0.025097290838604847,0.023877923600305533,0.017614448480035825,0.013841673553684,-0.005695330493771765,-0.01084647572633908,0.004085478873244649,0.005742326233081341,-0.015610058183548261,-0.013714703631192171,0.009915739887836126,-0.0018644367745395483,-0.014202904073214638,0.016882100419331247,0.009350494872437437,0.003416457996054297,0.005317383029207903,0.010634783456817691,0.0,0.0010546054381369585,0.015969240851505802,0.007269403747781774,0.0002685374759363476,0.003040426865647334,0.015045825366209166,0.014262933722393425,0.0012319041559632662,0.004892457223736535,0.015610058183548138,0.01476930906932912,0.0060535009636698564,0.009133840522321407,0.014471441549150888,-0.004154712899761777,-0.00606901013996442,-0.010996940350708381,-0.0022874377031119396,-0.0035540116309907906,-0.02350742625767738,-0.013714703631192171,-0.014412192966315084,-0.0048237479598075405,-0.014884226280485432,-0.017996386453445787,-0.00037367964619260797,-0.0001504646243692832,-0.006372916576356663,-0.009296337864072067,-0.007897368074129111,0.0,-0.02432793285415115,-0.002959311185268018,-0.0006813222072708136,0.021036813319093087,0.015419505012401922,0.014413398346762717,0.0076048207323199234,0.014188795087808558,0.02350742625767737,0.01476930906932912,0.030381433817820956,0.012093151707589216,0.015152763756421824,,,,,,,,,,
2025-06-05,114.7415445348748,183.0907709924944,131.53971844227706,315.72097517640947,415.0,9.956635646418357,102.04797654957842,118.94999694824219,63.83403079784584,145.73749067667333,114.82107610484934,184.16490947563642,132.5159913594596,316.3776943943035,421.4800109863281,10.346327462108507,102.05787278546686,119.23999786376953,63.83403079784584,145.955543093125,112.97200881795546,180.6983878981855,130.35636690598778,311.8503491743151,413.9800109863281,9.781273864808503,100.58365067997268,114.70999908447266,62.41857967305522,143.6065417529063,113.27024841308594,183.0614776611328,132.08209228515625,313.810546875,415.20001220703125,10.23916244506836,101.12782287597656,115.69000244140625,63.15105056762695,144.9644012451172,1875900.0,4417900.0,5581500.0,3787400.0,2275500.0,16978500.0,1774300.0,34091000.0,2349400.0,3568300.0,-0.008738222659732134,0.0006937405290193073,0.007343560977074794,-0.003228874839934938,0.003111793516392771,0.03288501320165426,-0.006047676808528366,-0.02467363257693632,-0.007806513699339229,-0.003753425466122235,0.004167395279441412,0.0008537468189263163,0.0032287678448202715,0.002840508817881855,0.0026299524950482655,0.004904417438886628,0.0030100945129165656,0.0031153573724278516,0.00295044780551297,0.0015653651958360457,0.018009068833125443,-0.004841583674845486,-0.007617707881518823,0.006925987691126594,0.008372278728129517,-0.010705640744661493,-0.010704609118275692,0.013031097260263764,0.0010860110309732418,-0.012637538877378588,-0.012905617939173653,-0.0001600062899070838,0.004114793132254528,-0.006069383657816834,0.00048184102134439283,0.027980595762767634,-0.009057771321444898,-0.02778898994936412,-0.010756961504852188,-0.005318790661958192,0.0006928965433036184,0.005849557151115976,0.007394480250599921,0.002077901713135165,0.01549383256670037,0.03839239413419032,9.697160496316262e-05,0.0024350398013229563,0.0,0.0014950816908497033,0.013598514482477335,0.006009563441023129,0.0032796871183453477,0.008147285370952067,0.015011991545356113,0.010411798371422629,0.009154742926408065,0.03022402975068703,0.010756961504852055,0.006813872352807958,-0.01554208180347936,-0.0131527700867697,-0.009036863517034489,-0.012335410915322271,-0.0024608302127476574,-0.017769500439537612,-0.014453334663247164,-0.036296014781220576,-0.0224234640028535,-0.014729783327120327,-0.002636463864305671,-0.012992763796862579,-0.013151656649289098,-0.006266027257505485,-0.0029426712340921246,-0.04575009620230515,-0.005395563341802279,-0.008507024831856504,-0.011666502498001437,-0.009410992665162161,0.016234978346782978,0.019002327237885787,0.01643134376763446,0.014413312628457478,0.01795466277944809,0.05616189457372795,0.014550306268210189,0.038731054582543493,0.02242346400285353,0.01622486501797011,,,,,,,,,,
2025-06-06,114.73160917678254,184.05749691249292,132.9202886696107,316.8354014087616,417.5400085449219,10.336585029049997,101.94904449191435,117.69000244140625,63.497492246939935,146.6889904323722,115.3380165424442,186.01046515004933,133.34433186005717,318.5567726578402,419.6499938964844,10.667823539967662,102.691103718327,118.37999725341797,63.873624313640384,147.14492232729984,114.10530754173598,183.87196254593061,131.2537437081864,314.8055449331908,415.2799987792969,10.24890506654113,101.69179517981192,115.87999725341797,63.28962541693685,144.15166977440293,115.11931610107422,185.36598205566406,131.72708129882812,316.0692138671875,416.9200134277344,10.609370231628418,102.58226776123047,116.19000244140625,63.68555450439453,144.2111358642578,1556400.0,3607800.0,3867700.0,2309500.0,2146900.0,17205200.0,2035400.0,27042100.0,1316300.0,2297100.0,0.016192579497380403,0.01251011231009372,-0.0026914242276446397,0.0071717709125851915,0.004134027826058926,0.03551777095767352,0.014279799253912743,0.004312582063160517,0.008428278264620307,-0.005209756621336054,0.012819025168404828,0.0054261520878479096,0.006325974707659959,0.009592950652377983,0.005620007297688714,0.009469722753860354,0.00808783494771682,0.017139848490153233,0.005470928219577867,0.011826430531231847,-8.659277076874306e-05,0.005266145797940864,0.010440767839914421,0.0035235669945611627,0.006101848319033269,0.03745031851662788,-0.0009699363737280031,-0.010649141459210849,-0.005286033285274315,0.006507639869273669,0.0033735543289756306,0.0070839602222457785,-0.009017398935304555,-0.0024211797397929373,-0.001485979471629873,0.026048048203813255,0.00619196430619583,-0.012827266426992669,0.002957350045042568,-0.017036187152567852,0.005271523940210373,0.010554744361661874,0.0031851287497200857,0.0054183086625199306,0.005040647434804711,0.03154251857632164,0.007252364556948732,0.005845696427224155,0.0059060981831625505,0.0031033331486930616,0.001897969611234767,0.0034707841394162006,0.012202527685024793,0.007839488402312788,0.0065266269064343995,0.0054944703725083805,0.001060400250752913,0.018672962854216782,0.0029487481381198577,0.020139520301260917,-0.00547379511855214,-0.0010085323559660823,-0.012617190682664549,-0.006427270033928975,-0.005427379970227938,-0.008518669444259193,-0.002526501553979153,-0.01549892043475329,-0.003278992693866901,-0.017448626548599765,-0.008847349447527679,-0.008092492578211971,-0.0035997917473599267,-0.004006090294136076,-0.003941400498598109,-0.03456671764807248,-0.008718465860174997,-0.0026716540077606214,-0.006236342738909398,-0.0004124393960318967,0.010745319058762479,0.011563276717628098,0.01580231943238458,0.01184557869644878,0.010468027405032544,0.04006118802058098,0.009778866110927811,0.021344616861977358,0.00918509087702931,0.020551959697292708,,,,,,,,,,
2025-06-09,115.9245541162756,186.02999088423465,131.17485709398537,316.4274393093429,417.29998779296875,10.70679251071936,102.31512463642657,119.18000030517578,63.715257837917925,144.2606917522953,117.77362143710936,187.27988940982559,132.4272298351418,317.6413692183601,419.0,10.794473400597449,102.49321159517359,122.37000274658203,64.51701643807,144.73643558081523,115.08948778531126,184.565264652686,129.0053767449863,314.4672417603324,415.1499938964844,10.395039061462661,100.05925836028419,119.04000091552734,63.7053574392592,141.40619853392843,116.05378723144531,184.7117462158203,131.54957580566406,315.0443420410156,416.260009765625,10.599627494812012,101.42465209960938,121.7300033569336,64.17057800292969,142.95237731933594,2147800.0,4661500.0,6630100.0,2291300.0,3034200.0,11537500.0,2027600.0,55437700.0,1331800.0,3401900.0,0.00808464485498208,-0.0035356708681055574,-0.0013484334085093785,-0.0032478235254818815,-0.0015843005875992705,-0.0009187362483953659,-0.011348910000137139,0.04657870179142511,0.007587056102129883,-0.008766897947079149,0.006970462144750542,0.003575749789718583,-0.004200996161330062,0.0011327347857391192,0.0009109692669934131,0.009140759394498417,-0.0026075810243101163,0.02540815467250268,0.00046629740447474814,0.0003435752387636399,0.010344016473726124,0.010659710011964531,-0.013218395096634621,-0.0012884449540537888,-0.0005750102046363683,0.035188807598311764,0.0035843832818857426,0.012580888245509795,0.0034236474495173692,-0.016692611913804334,0.0011141827102316088,-0.007111420657824217,0.0028525627528206265,-0.004380558311221028,-0.002495269854592761,-0.010059495642893759,-0.00874132897582697,0.02117054711892253,0.007120758697655249,-0.009110473185842686,0.015824735504199782,0.0066963306470482955,0.009502065622583948,0.003829021001664089,0.004065561577042686,0.008155926844245558,0.0017390601076748829,0.026414306563011428,0.012504949358272278,0.0032923805344101725,0.014710552793968362,0.013807751304872506,0.006649502869763073,0.008209579312885228,0.0065608314316351855,0.018215422487139206,0.010480389083501842,0.005243759444088834,0.005384190660617095,0.012402853720252854,-0.007229603545307941,-0.007904763143307684,-0.01667713645515063,-0.0062140446431701545,-0.00516547233900821,-0.0295496751251722,-0.02229491385522254,-0.0011753791037583184,-0.0001553971256081403,-0.01998543286617991,-0.008343786255539457,-0.0007933424854835191,-0.01952969920797131,-0.001833486331949105,-0.002670202484415534,-0.019490179482278346,-0.01355358487939552,-0.02234592622268092,-0.007276155823263274,-0.010874959680337219,0.023054339049507704,0.014601093790355875,0.026179202077734543,0.010043065644834256,0.009231033916050816,0.03770560196941765,0.02403397396289753,0.027589685666769875,0.012660346483880279,0.023277813400589962,,,,,,,,,,
2025-06-10,117.20697466469397,184.59455768198714,131.70735434209254,315.98963260016586,416.6099853515625,10.78473062842072,101.25645338479673,121.11000061035156,64.62589222528898,142.96229601746322,120.44781421382785,187.3677839998028,132.9794688646749,320.0891247227498,419.82000732421875,11.106226597949352,101.69179722192519,124.08999633789062,65.26928214669627,144.0228098594538,116.44149654691613,184.36021102130252,131.4805489412399,315.4224618951081,414.4200134277344,10.628853907327873,100.74196229887698,120.80000305175781,64.07159078003508,141.88193998160344,119.81156921386719,185.0437469482422,132.2694549560547,319.3229675292969,416.05999755859375,10.999061584472656,101.18719482421875,123.23999786376953,65.0713119506836,143.7750244140625,3499500.0,4087500.0,3579400.0,2356100.0,2627400.0,18812700.0,2903100.0,41691900.0,1276100.0,3129200.0,0.03186648541769357,0.0017957857437184749,0.005457384442615884,0.013489630708812367,-0.0004806137281845039,0.03699110015507681,-0.0023439634721754586,0.012328151396177297,0.013938956355424695,0.005738198351616529,0.00988761949481069,-0.0006346414157010127,0.0011986659210169491,0.002996007518516966,0.0008404087278635401,0.017312444525058524,-0.001659737872679234,-0.005106276425779134,0.0070703198355074656,6.938222523168109e-05,0.01100180220504212,-0.00774606207352515,0.00405122867383767,-0.0013845507927041636,-0.001654861126729095,0.007252948882164722,-0.010401066848506176,0.016064270693143378,0.014191078533162631,-0.00904109096061088,0.021978865922882885,0.002430427159419637,0.004258718521598757,0.010493623190295643,-0.0013210224560481025,0.019678655630018194,-0.0006842255994962578,0.017434427821956505,0.006868636519916997,0.0056688161263848125,0.027275195898965075,0.014911604718021077,0.009612298051273602,0.012890066952942727,0.007675568213587127,0.029374602785468582,0.004290202094037736,0.024307850702202108,0.009906375447230522,0.007390757552678733,0.005296329976082207,0.012481177558601439,0.0053535795296747145,0.0023964437626471605,0.00899659066963525,0.009695947155450288,0.004974427693533867,0.006873422880245691,0.003037738927313381,0.0017219414262939678,-0.006552414852692897,-0.001270327487689833,-0.0017235249353613983,-0.0017965156592539804,-0.005270512488159903,-0.01455893329380236,-0.005094022116209868,-0.0025629178089953803,-0.008614074803045983,-0.0075856280716411805,-0.02853128077557575,-0.003700754647109338,-0.005982243456960195,-0.012290138849549557,-0.003949490032111836,-0.03423758892382061,-0.004409796516713564,-0.019997345630951867,-0.015482711322962958,-0.013254444198025872,0.03382761075165807,0.01618193220571073,0.011335822986634816,0.014686582612196675,0.01294608070174696,0.04393353607927089,0.009384224210247595,0.026870768511197393,0.018520450250276346,0.014976385624319919,,,,,,,,,,
2025-06-11,120.05016117092957,184.88749488139666,132.23987865172685,319.32296081861335,415.20001220703125,11.135455171733915,101.12782691630619,124.44000244140625,65.49693615230248,143.75520825215108,122.10799317317716,188.18801588888033,133.47253965688043,320.1687065165089,416.0400085449219,11.22313606743239,101.31581766261593,124.47000122070312,65.49693615230248,146.73855492016145,118.96656437037704,184.6140805269268,131.0860947094275,316.2582713777901,410.4200134277344,11.008805092291519,99.92074274264347,119.87999725341797,64.54670189989346,143.14070514051085,119.01627349853516,186.9967041015625,133.40350341796875,317.63140869140625,412.8399963378906,11.184165954589844,100.27693176269531,121.13999938964844,64.76446533203125,145.87625122070312,2752400.0,3908000.0,4100500.0,1859000.0,3385400.0,11586100.0,2282500.0,32261900.0,1170900.0,2904400.0,-0.006660016235656745,0.010498724459726239,0.008537228302827276,-0.005311409663748789,-0.007769374935114935,0.01668906529668038,-0.009036539370098776,-0.017186759880158997,-0.004726697006983832,0.014508920511142706,0.001989413112050179,-0.0008447628016753466,-0.00022363146167797213,-2.1015348904306534e-08,-0.0020691135102752435,0.012324218786407416,-0.0005868858289003483,0.009690035254018061,0.0065195897992031135,-0.00013783706679501898,0.023968279034932954,0.0015856643577441553,0.004035087059920874,0.010493602174946678,-0.0033901359663232673,0.03200287441642563,-0.001271111428396582,0.027124463075974457,0.013388226319120091,0.005530979059589683,-0.008649429347706914,0.011343487261401537,0.008760859764505215,-0.005311388648399833,-0.005700261424839661,0.004364846510272889,-0.00844965354119846,-0.02687679513417691,-0.011246286806186988,0.01464675757793777,0.016996177929707264,0.017694043281392673,0.00927822535233519,0.0026450577362889323,0.0020210687715921465,0.007843190497911937,0.0018572161229005542,0.00024104117151378356,0.0,0.02054055500378964,0.0256456072774143,0.006350556019991031,0.0005173655878299616,0.00795644638468862,0.0077213301964317565,0.003478343987639033,0.010306869664098862,0.027117836305690916,0.011246286806187097,0.0058937974258518495,-0.009067183243964138,-0.0014799092754547254,-0.008763217021096217,-0.009643812742351272,-0.01157930292236835,-0.011438761908776168,-0.012008030498093906,-0.037332472111212316,-0.014614342986557383,-0.0042838118124744785,-0.0004177538962572642,-0.012823396536856383,-0.017524076785601497,-0.004332424093951413,-0.005879041497528766,-0.01580360841904906,-0.0035583769568954824,-0.010455676977035326,-0.003368056180370296,-0.018930569390412082,0.02606336117367156,0.019173952556847514,0.018041442373431516,0.012288870478640175,0.013600371693960491,0.01928195240668798,0.013865246620994429,0.03757351328272623,0.014614342986557404,0.024824366816263998,,,,,,,,,,
2025-06-12,118.28062491051814,187.6802528588806,133.65987029579568,315.9199747920377,411.42999267578125,11.184164329121362,99.46561643532489,120.62000274658203,64.3091513388591,145.12298786637896,119.34433502135246,189.03756524735667,134.99114998911477,317.03439630129463,416.3900146484375,11.466692031576446,101.6027506078413,122.25,64.5566084349441,145.9654644883532,117.83326551268901,183.00290028131613,133.58099324544895,314.5368774922111,410.7699890136719,11.164680204630471,99.1589010405832,118.02999877929688,63.15105016571552,143.21009135516314,118.2110366821289,187.89508056640625,134.5572509765625,316.5468444824219,413.67999267578125,11.242618560791016,101.54338073730469,118.5,63.596473693847656,143.48760986328125,1361500.0,5781400.0,5089100.0,2194500.0,6313300.0,18362600.0,1800600.0,44718400.0,1763600.0,2069700.0,-0.006788762292076925,0.0047927333766622305,0.008611370653428778,-0.003420379872428304,0.0020326105557280554,0.00521276142119283,0.01255042748092845,-0.02203393593921701,-0.018199054696594892,-0.01650997886257468,-0.0062002575648572355,0.00364874061763054,0.0019198960382271458,-0.005402681161776457,-0.003421221338189599,-1.4533659521734864e-07,-0.008123655140060295,-0.004301765721026561,-0.007055134790764726,-0.0051770928275858144,-0.014849686912564199,0.014992227879032198,0.010680755802732297,-0.010714069810176205,-0.00912148276302927,0.004364701173677816,-0.016573308681258787,-0.031178560855203596,-0.018301421596951705,0.009469664750352021,-0.0005885047272197391,0.001143992759031853,0.006691474615201701,0.001982301289348095,0.005453831893917769,0.0052129067577880986,0.02067408262098886,-0.017732170218190405,-0.011143919905830158,-0.011332886034988915,0.008952908113957903,0.007206021040866968,0.009910928974967162,0.003521336487124643,0.01198347777319864,0.024947609148059758,0.02125858671007762,0.013422997561605133,0.003840545396712829,0.0057884740361441546,0.009541412841177587,0.006062028281835176,0.0032194543597654337,0.0015390351977765246,0.006529645879281046,0.019734702390271835,0.0005845040890886864,0.03115516777979548,0.014984465302542825,0.017121360071133112,-0.003789357181303149,-0.025237730943942088,-0.0005903068235298773,-0.004387610392885539,-0.0016054580845799517,-0.001743636401235724,-0.003088396562840401,-0.021706311694710993,-0.018172465288713757,-0.013268852689874475,-0.003200852454083452,-0.026381723702973845,-0.00728178143873164,-0.006369911682233694,-0.007059289978497713,-0.006956543159023713,-0.023762479183829153,-0.003974141476520657,-0.007028545382883553,-0.001935966654885514,0.012742265295261103,0.03244375198480896,0.01050123579849701,0.007908946880010264,0.013588935857778761,0.026691245549295584,0.02434698327291792,0.03512930925631607,0.02201301068542663,0.019057326726018592,-0.5027270033366733,0.10095718001662313,-0.09322142178165826,-0.24337498001589886,0.8142263738014162,0.10267164572550413,-0.0967115610533309,0.22498439420203908,0.010035217441460631,-0.3397034968558117
2025-06-13,115.99413442250551,187.05530184908963,133.8965537346229,312.7558102204379,392.5,11.106226780086248,101.16741072178567,116.05000305175781,63.34901573818157,141.86214871217888,118.20108607950633,188.92039015615882,135.15879726734642,315.73092092453817,399.8500061035156,11.223135251921672,101.96883229336413,117.87999725341797,63.774642239744125,143.17044819025267,115.76548306638617,185.8151628035556,133.37390672718877,309.73093011930143,383.75,10.794473332787943,99.94054154644964,115.05999755859375,62.903592216093365,140.47454094156208,116.39178466796875,186.5865936279297,133.73876953125,310.1587829589844,391.67999267578125,11.145195960998535,101.09815216064453,116.16000366210938,63.16094970703125,141.059326171875,1652000.0,4965700.0,3928900.0,3102600.0,10629700.0,16793900.0,2259300.0,39702700.0,2217100.0,2450400.0,-0.015509519205584318,-0.006988284627846305,-0.006101350164344011,-0.020386869034045026,-0.05464754919852123,-0.008703235829215958,-0.004394255084042941,-0.019944377972276786,-0.006871797942482442,-0.017068134177325594,-0.01893184905360144,-0.004479420002723499,-0.004922251533208464,-0.012048511457924403,-0.052556173160468095,-0.012205863162893143,-0.0037094270504325483,-0.020891801557818026,-0.0038986539846301398,-0.011392886687282895,-0.019520353780821186,-0.0033354272436916595,0.0017692230819932712,-0.010066210168576211,-0.047102341266550385,-0.006992956405105135,0.016964655570556146,-0.03862397177600848,-0.015042573890460263,-0.022725772722271758,0.003422329848017133,-0.0025088646251228866,-0.0011790986311356767,-0.008338357576120711,-0.002091376038053174,0.0035026273336773027,-0.0006848280336103615,0.0009474235855413462,-0.002973143957852311,-0.005675247490042731,0.018847668915017823,0.009921405270373067,0.009382848461795469,0.009467607762003921,0.018552954819949005,0.010471373065981672,0.00789052428799295,0.015645975552312136,0.006696284527427093,0.00918006347484907,0.015425339067000648,0.01243026989549594,0.01056194709293109,0.017805965338124678,0.02064433085800204,0.006968745732304628,0.008575352321603292,0.014698551966770885,0.009669428485279482,0.014855310964891734,-0.001973177491258036,-0.006651873697920295,-0.0039110021566087,-0.009718773797256141,-0.022545238321056208,-0.028471647504789983,-0.012201251933115803,-0.008567448800769697,-0.007056097729550384,-0.00982953327691107,-0.005395507339275254,-0.0041430090727975055,-0.002731903525473053,-0.001380416221135536,-0.020453862283003076,-0.031974274838467175,-0.01151642389950546,-0.009514872386310946,-0.004082953771698038,-0.004154285786868216,0.02082084640627606,0.016573278968293404,0.013293850618404112,0.019186381559260026,0.041098193141005095,0.03894302057077166,0.020091776221108706,0.02421342435308183,0.013752382256977532,0.01900959675176013,-0.3030256040945307,-0.006712306983056138,-0.3139312393364655,0.10206287248170298,1.2678675532212544,0.006482509735949549,0.11046875322097627,0.11097856148771967,0.21826312328465747,-0.14077554853612106
2025-06-16,116.99821239105016,186.41081794666505,133.67961035327528,312.7657470703125,392.989990234375,11.232876312010735,101.68189711530832,118.63999938964844,63.59647235690763,142.40725617211731,118.638507508224,187.15295543533585,134.51782580593314,315.472212409819,405.0,11.427722207234542,102.1864994938107,128.13999938964844,63.725147325521945,144.10211541885482,114.89067116861112,184.4871429825562,131.46082067555443,311.26328212025766,391.1099853515625,11.008803764777987,101.24656084336475,117.77999877929688,62.83430406388081,142.23876386958486,118.32038879394531,186.37176513671875,132.15110778808594,312.7657470703125,401.7300109863281,11.164680480957031,101.63243103027344,126.38999938964844,63.6657600402832,143.7849578857422,1402800.0,4203900.0,5084100.0,2930000.0,6798300.0,11948600.0,2160800.0,100968500.0,1551800.0,1681300.0,0.016434149997345805,-0.0011520241331060253,-0.011942392306039745,0.00837012898274798,0.025335087338716266,0.0017467174202567917,0.0052708387471887205,0.08440377722701298,0.007960673270980458,0.01913828052635863,0.005196701619377971,-0.0009425035607329927,-0.00044244661840633416,0.00837012898274798,0.00333898021894223,0.007836313926444073,0.005757435894198497,0.02112511008219934,0.006871776920247143,0.009510399066047243,0.008619031467395262,-0.003451368185855815,-0.001621545249541887,3.177140662736278e-05,0.00124760418088901,0.011338941260121315,0.0050726078605880685,0.0220725336677408,0.003898632962394662,0.003835151576004357,0.01123744837796779,-0.00020952057237297883,-0.011499945687633423,0.0,0.02199610711977412,-0.006089596506187349,-0.00048659714700963473,0.0632786671448136,0.0010888963507333076,0.009627881460311493,0.013922461773630233,0.003973289263555428,0.00625075462230271,0.008616104907469157,0.03010292570318693,0.01719731251886044,0.00495028574657779,0.07702971876260521,0.0020212594332934992,0.011831229167326178,0.002685013395662384,0.004182809835928329,0.017750700309935932,0.008616104907469157,0.008106818583412787,0.023286909025047854,0.005436882893587568,0.013751051617791485,0.0009323630825602378,0.0022033477070146964,-0.018177665287216357,-0.01037316144099522,-0.01673710391723337,-0.004815378077038829,-0.004795328514053623,-0.020149568524000776,-0.004290545980163416,-0.007275225532948826,-0.01205683532826881,-0.001183872672360154,-0.02941511366518425,-0.010163640868622151,-0.0052371582295999974,-0.004815378077038829,-0.02679143563382769,-0.014059972017813425,-0.0038039488331538373,-0.07055389267776242,-0.013145731679002251,-0.01081175413267155,0.03210012706084649,0.014346450704550543,0.022987858539535968,0.013431482984507914,0.03489825421724045,0.03734688104286127,0.009240831726741368,0.08430494429555387,0.014078094761562429,0.01301510183968632,-0.45374399149258515,-0.15420918574375797,-0.039272161788375115,0.05998781418226784,0.8092957171263233,-0.32796183110116317,0.088955499812716,1.0021731864476635,-0.1376177354187771,-0.4716301175404016
2025-06-17,116.80931583341591,184.7117401928989,131.84541520113353,311.41252795430785,397.2799987792969,11.145195540480737,101.59285139833854,127.93000030517578,63.25003234829146,142.78390564121855,117.77361522871728,186.1276391905677,132.1511127161451,314.37770912491345,399.6700134277344,11.145195540480737,101.90946302034057,130.6999969482422,63.77464015947447,143.5966492924097,115.13919084407537,180.67885599888007,130.31691257894465,310.29810641428975,381.79998779296875,10.131995945891578,100.33630114656638,126.58000183105469,62.37898235305355,140.7124226136106,115.40760040283203,181.11827087402344,130.4451141357422,310.4772033691406,382.67999267578125,10.258646011352539,101.00909423828125,127.0999984741211,62.58684539794922,140.95030212402344,1577100.0,4733900.0,5010800.0,2533800.0,6866300.0,28143100.0,2056900.0,86623900.0,1422100.0,1739900.0,-0.024925891068435537,-0.028593168073177105,-0.012993466864925867,-0.007344018846985693,-0.048581136852437506,-0.084634403635962,-0.006152132512891859,0.00560180636014461,-0.01709178046101029,-0.01991147436333394,-0.012853278288732391,-0.008946967426293362,-0.0023158844678584185,-0.0043360087664169,-0.011138929835921726,-0.0017467551511147865,-0.00038951484738840504,0.0121108818845118,-0.006551260029214607,-0.006986497444805589,-0.0016158299107645773,-0.009156487998666304,-0.01381583015549181,-0.0043360087664169,0.010857177283852389,-0.00783635165730221,-0.0008761119943980328,0.07538954902932546,-0.005462363678481271,0.0026413840155058523,-0.012072612779703127,-0.01964620064688379,-0.01067758239706748,-0.003008010080568777,-0.037442207016515815,-0.08288764848484716,-0.005762617665503539,-0.006509075524367178,-0.01054052043179564,-0.012924976918528388,0.008221440686354746,0.007636221807552024,0.0023159217589498824,0.009476668653836041,0.0059979215180424265,0.0,0.0031116292545906228,0.021421355566409166,0.008259982624441036,0.005675984763550176,0.02029405346605793,0.027282422454435976,0.012993504156017426,0.012484678734404866,0.04344012853455848,0.08288764848484714,0.008874246920094225,0.02793043109077629,0.018800503056236595,0.01860096168207841,-0.014401074421484262,-0.02207526963922619,-0.011660866418456785,-0.003585020657495309,-0.03974443936787653,-0.0953101798043249,-0.012445617239224894,-0.010608707901682295,-0.01386724166974526,-0.01461408624026801,-0.002328461641781186,-0.002429068992342383,-0.0009832840213892967,-0.0005770105769264902,-0.002302232351360659,-0.012422531319477724,-0.0066829995737214135,-0.004099632377315189,-0.003326721237949632,-0.0016891093217396998,0.0226225151078391,0.029711491446778253,0.013976788177406673,0.01306168931133126,0.045742360885919015,0.09531017980432493,0.015557246493815634,0.03203006346809154,0.02212722429418626,0.02029007100381818,-0.3226362910329801,-0.030616682973070297,-0.030322367482991552,-0.09129398948819478,0.7779810247651255,0.5100391638212933,0.029853398015077914,0.8073941527627504,-0.23363153786326585,-0.4170247338829043
2025-06-18,115.40760681673346,180.89369019600002,131.10582141459219,312.6364075101775,383.989990234375,10.229419174292133,101.16740678411757,128.00999450683594,62.53735871016491,140.8709960098911,116.19296402166157,182.71971080272903,131.5199937064023,312.6364075101775,385.2699890136719,10.531431006336481,102.58226666260296,129.2100067138672,63.07186695320119,142.3973478048196,113.99595555020109,179.38013677172185,129.7745565581593,304.3478444411502,377.5400085449219,10.18070746859485,101.0684670647122,125.7699966430664,62.35918929581948,140.31595899355347,114.84095764160156,181.1280517578125,130.5733184814453,304.8553161621094,378.0400085449219,10.24890422821045,101.54338073730469,126.79000091552734,62.438377380371094,141.24761962890625,1560300.0,3573200.0,4950400.0,4593100.0,4808900.0,18232800.0,2127300.0,49627100.0,1198800.0,2629100.0,-0.004922019143249665,5.400128686118936e-05,0.000982339482520961,-0.01827318875937734,-0.012199078940612104,-0.000950068024806221,0.005275548849746138,-0.002441984429393573,-0.002375010163023825,0.002107156658320708,5.557607330894187e-08,-0.00124073638986989,0.005052237208360133,0.006930398391630163,0.0034173734793034906,-0.0028530616845484137,0.0015660828770148085,0.007134176765958896,-0.0007910010811624702,-0.0005628113755126281,-0.012072557203629935,-0.02088693703675371,-0.0056253451887075135,0.003922388311061347,-0.03402483353721224,-0.0857407101693956,-0.004196534788488673,0.000625101241591717,-0.011331521512958102,-0.013487788294040879,-0.0049220747193229565,0.0012947376767310922,-0.004069897725839155,-0.025203587151007446,-0.015616452419915744,0.0019029936597421166,0.0037094659727313103,-0.00957616119535239,-0.0015840090818614217,0.0026699680338333424,0.006782023138771539,0.01004383200517523,0.0031540892884251463,0.0,0.0033278735281472905,0.02909641330509424,0.013888440624492628,0.0093306967389966,0.008510703994948774,0.010776824172291193,0.01170409785809448,0.008749094328444213,0.007223987014264289,0.02520358715100737,0.018944325948063036,0.027193419645352164,0.010178974651761574,0.018906857934348896,0.010094713076810079,0.00810685613845794,-0.012307298722333491,-0.008402288567842614,-0.010206029464337773,-0.026869605553917954,-0.016939939176248482,-0.004773297004797769,-0.0009784587216501417,-0.017653527588013675,-0.0028530738126657006,-0.003947819963397855,-0.007385224003010597,-0.00969702624457388,-0.0061361317384986905,-0.0016660184029104075,-0.001323486756332801,-0.006676290664539978,-0.004687924694381346,-0.008077366392661343,-0.0012690647308043308,-0.006617787997231195,0.019089321861105093,0.01844612057301806,0.013360118752762818,0.026869605553917902,0.02026781270439583,0.033869710309892186,0.014866899346142898,0.02698422432701027,0.011363777807614422,0.014724644135688959,-0.315136713344792,-0.2902938480874031,-0.029177913203161765,0.4810719296730497,0.38816617473410986,0.09352888691375583,0.05701841699151622,0.22354646323153204,-0.41620232695729875,-0.006137835075930909
2025-06-20,115.48713699956866,181.71392075803809,131.80596810752166,280.02946448552837,380.4800109863281,10.326843198414423,100.89037105910074,129.0,62.73532674720544,142.0405422765115,116.17308352394437,182.70017922505625,131.8256798479552,287.43244197072556,382.2900085449219,10.424265686490898,102.6317387796402,132.80999755859375,62.903595767329776,142.77399272189055,114.40354779076164,179.82931361605225,130.15913495351342,271.8304803233951,373.760009765625,10.131996364064346,100.03947589728126,127.55000305175781,61.5673289015215,140.5637505349528,114.88072204589844,180.9425048828125,131.145263671875,283.9498596191406,376.9200134277344,10.141738891601562,102.20629119873047,128.24000549316406,62.101837158203125,142.75416564941406,3043900.0,12158100.0,11338200.0,11697400.0,8126900.0,18140300.0,6258900.0,79931000.0,2773600.0,5566700.0,0.00034619636029227974,-0.001024921180910537,0.004370695395120219,-0.07103961888036671,-0.002967033766629539,-0.010511323520661817,0.0065071299918728525,0.011371369375651955,-0.005404536078273198,0.010609511842506187,0.005610961652527842,0.0032293370323921078,0.009396006146575311,-0.08494246287945773,0.00643360964725627,0.007575845616010132,-0.0064516113290567076,0.017280222600998804,0.004744605521791027,0.005598008141026852,0.000688886933204936,0.004524074709123157,0.005326108420736213,-0.11014605003046521,-0.0091828427726596,0.009478839275752195,-0.002742145356325494,0.007704061405646491,0.003160596439929648,0.008267976174860109,-0.005264765292235557,-0.00425425821330254,-0.0050253107514551965,0.013902843999091136,-0.009400643413885723,-0.018087169136671945,0.012958741320929525,-0.005908853225347004,-0.010149141600064276,0.005011503701479275,0.005922022585692285,0.005412857927821725,0.0001495400163307076,0.02609302023619539,0.00474586286690102,0.009389686536441375,0.01711273745862808,0.029107112667788138,0.0026786145147872174,0.005150383681803918,0.011186787877927836,0.009667116141124282,0.0051748507677857655,0.012190176237104298,0.014146506280786819,0.027476855673113244,0.004153996137698676,0.035015965893135055,0.012827756114851435,0.00013887998032458964,-0.009427065169035218,-0.010425443114848828,-0.012573085722722794,-0.02971619003866064,-0.01781973604946213,-0.019048267638185925,-0.008469625207514866,-0.011303935847879294,-0.018793359104292928,-0.010451399513820465,-0.004162299876799615,-0.006171184901546275,-0.007547774971267544,-0.043619034037751823,-0.008419092635576402,-0.0009610985015139637,-0.021428366528444497,-0.005395082622532353,-0.008644217504228639,-0.015462903215299837,0.015349087754727382,0.01583830104267066,0.012722625739053363,0.05580921027485619,0.022565598916363228,0.02843795417462726,0.025582362666143013,0.04041104851566749,0.021471973619080105,0.015601783195624469,0.35000536935725357,0.8912018407510622,0.7768895890088263,1.3441812420913308,0.8538488426336137,0.13368189747723136,1.0878388033806186,0.6698616465942635,0.38792208914287407,0.7071330097293025
2025-06-23,114.27430830211581,180.1515495358827,131.22416245578881,284.5767398123014,377.5899963378906,10.161224386731067,102.1568185569237,130.47000122070312,62.0721359243723,143.1109695459289,115.5467906932319,181.4307412700801,131.61860794436313,293.86029632009127,380.2099914550781,10.219677696288693,103.81903149979459,133.25,63.49749118795623,146.41147368504116,113.03165593874114,178.01304706117102,130.27747221722726,282.815559032531,374.239990234375,9.810500812990892,101.79073329350342,126.81999969482422,61.62671240450232,142.08018868763634,115.44737243652344,179.43870544433594,131.41151428222656,293.5319519042969,380.1199951171875,9.888439178466797,103.72998046875,129.5800018310547,63.48759078979492,146.29254150390625,1448400.0,5157900.0,4887200.0,5454900.0,3841800.0,13611700.0,2156600.0,65152900.0,1386600.0,2904700.0,0.004920385723020733,-0.008345652457258832,0.0020281380941011037,0.03318882649659928,0.008453980534217241,-0.025293156757198586,0.014797947561885296,0.010394914016175028,0.022068893798550756,0.024484296349645756,-0.00529261922309662,-0.0043808897004231845,0.0006014327771080907,0.0022052809766321775,0.001775942207729166,0.0019194736103337242,-0.00048416412171794603,0.017239773497529365,-0.00047838099498517654,0.002496310587566243,-0.010557384515332202,-0.008635147913725858,-0.0044238779743472,0.016108124975723323,-0.007624701206156563,-0.016167695526338177,0.012474577199211558,0.011330920272182266,-0.010627522595049428,0.00750781428904558,0.01021300494611741,-0.0039647627568356525,0.0014267053169932048,0.030983545519967008,0.006678038326488157,-0.027212630367532294,0.01528211168360338,-0.006844859481354311,0.022547274793535937,0.021987985762079502,0.011073790876810308,0.007075551560165002,0.003001382035964055,0.03210151890482467,0.006914768009389733,0.005736102317051657,0.01614023223705244,0.021083738412099495,0.022703204892208517,0.022800630491966626,0.0008607859306929146,0.011040314317000593,0.001574676718970832,0.0011179733848574276,0.00023672968290157188,0.032948732684584106,0.0008581205534492327,0.027928597893453814,0.00015593009867261734,0.0008126447298872007,-0.010933850744570948,-0.011941592819610988,-0.00724044708570655,-0.006208002609745562,-0.008911664429859297,-0.03512562184707319,-0.003589998048781398,-0.028374568768338465,-0.007201771901075273,-0.0072287328489293624,-0.021146855690688363,-0.007976830062775385,-0.00866715240269975,-0.03719154812971273,-0.015589702756347341,-0.007912991479540965,-0.018872109732384675,-0.02152970928698407,-0.029749046694611227,-0.029216718611008885,0.022007641621381222,0.019017144379776005,0.010241829121670636,0.03830952151457007,0.015826432439249034,0.040861724164125056,0.01973023028583396,0.04945830718043786,0.029904976793283855,0.030029363340896127,-0.3678468721005661,0.02897236994830621,-0.052153996778043776,0.5513771357819586,0.06912886422422382,-0.09874384978833817,0.010483790526485848,0.425395255939069,-0.3054667740833743,0.05593420832281204
2025-06-24,116.64031861073151,180.18086797815175,131.47069022912999,294.2085530795856,384.9599914550781,9.937150729083662,103.68050930432038,133.42999267578125,63.73504846529148,147.32333436554944,117.30637843068205,181.76276760733344,137.13105954029083,300.1488448292285,385.0,10.219677531657167,104.07627570916145,138.7899932861328,64.32894397996292,148.95871248389602,115.88478388021645,178.88214220976235,130.54372681029213,293.5419043124461,378.510009765625,9.898181546973474,102.52289879776873,132.92999267578125,63.39851044263443,146.69891011646686,116.94849395751953,181.1866455078125,136.16465759277344,299.2234802246094,382.3399963378906,10.200193405151367,103.05718231201172,138.42999267578125,64.27945709228516,148.5424346923828,1945300.0,4074400.0,9894700.0,4940500.0,4797100.0,17165100.0,1977800.0,78572000.0,911100.0,2700500.0,0.012918839064385325,0.009694014839716126,0.03553114107241816,0.019204221273638467,0.0058232760250592685,0.03104036637278983,-0.006507178895775341,0.06606626463795509,0.012395628683375393,0.0152623470347198,0.01028022360844596,0.004127492730097559,0.00045020885314731973,0.0023023816410055226,0.012652431091741176,0.004914017576889374,-0.00047703629090212576,0.02927847570998361,0.003890156484988684,0.0070213989174233845,0.020493228554563446,0.00016272997326204297,0.0018769141701405756,0.033285927160972666,0.019330469418229232,-0.02229861279064286,0.01480507539270115,0.022433616228629247,0.026437431278524708,0.02900938467950291,0.00263861545593924,0.005566522109618516,0.03508093221927078,0.016901839632633135,-0.006829155066681834,0.026126348795900527,-0.0060301426048732076,0.03678778892797146,0.008505472198386703,0.008240948117296438,0.005694131424109266,0.008741193634493126,0.04215316873770443,0.01998962097044644,0.00010392369837893614,0.0280346989984265,0.0038099057370405373,0.039385010130977234,0.009275046965004391,0.011039445313966572,0.0030555159681699795,0.003174671524874651,0.007072236518433706,0.0030877813378134247,0.006933078765060637,0.0019083502025260208,0.00984004834191391,0.0025972212030056594,0.0007695747666177697,0.0027984971966700713,-0.0064985447277759595,-0.007234002919531015,-0.007075696801075398,-0.0022684765094968134,-0.016896892181469177,-0.003929274458886312,-0.011227968330697329,-0.003754322081290461,-0.005294256081877322,-0.004247469023657237,-0.009137160183715232,-0.012800525029149374,-0.0421566290203463,-0.019170316142129894,-0.0100677371147873,-0.030055623254786782,-0.005197825725824179,-0.04054211100926199,-0.013799728280264148,-0.012488417140953672,0.01219267615188534,0.01597519655402395,0.04922886553878002,0.022258097479943322,0.017000815879847957,0.03196397345731292,0.015037874067738063,0.04313933221226783,0.014569303046881768,0.015286914337623721,-0.07989497103354104,-0.20741874411115724,0.6294076952591396,0.42649884044481823,0.24960199676209882,0.14726814704723523,-0.0853827339803086,0.5659579410308204,-0.7087984427699308,-0.02349053425628078
2025-06-25,116.42161099748182,180.94251551052986,135.95756129023778,299.5020862483093,383.6000061035156,10.161223874175144,102.81972230472971,140.94000244140625,64.47742218782794,148.37393146255502,119.07591452893841,182.69041557855826,136.91410734874208,300.14884547769714,388.04998779296875,10.385296431340976,102.89887709878138,144.17999267578125,64.61599756143832,148.53251778773566,116.28243454460343,180.29803239719243,134.744627182483,292.8851857648023,382.0,10.09302711099978,101.10804328790799,139.4600067138672,63.814238963865186,145.81678368260867,117.92273712158203,181.0303955078125,135.49407958984375,293.1339416503906,387.54998779296875,10.229419708251953,101.39497375488281,143.39999389648438,64.3784408569336,146.4412078857422,1690000.0,4471100.0,5507500.0,3164500.0,3718800.0,9776000.0,2273200.0,74607200.0,1290200.0,2378000.0,0.008296024567940275,-0.0008627424554825696,-0.0049369247011610525,-0.02056107640819534,0.013534585706844446,0.0028611724437765176,-0.01626048082239033,0.03527315581219341,0.0015387129085120109,-0.014246636376641622,-0.004515435731273954,-0.0013483036471310641,-0.0015220833004232143,0.0009306635941750411,0.0032901033977055165,-0.003827786447597596,-0.002306816425336634,0.01796955543073022,0.0030750240708279316,-0.0011350216230904774,-0.0018768202753345912,0.004218218462487451,0.033558848918847646,0.017832503226808093,-0.0035390516689763345,0.02229856234830291,-0.008336959030209857,0.054757344358701596,0.011580496269214568,0.007105926494206027,0.012811460299214122,0.00048556119164845944,-0.003414841400737831,-0.021491740002370446,0.010244482309139028,0.006688958891374216,-0.013953664397053625,0.017303600381463117,-0.0015363111623158093,-0.013111614753551118,0.02254304737928037,0.009613615162679987,0.007010987849638412,0.0021571199041283892,0.01153380692235121,0.02181210615153383,0.0007695443988775948,0.022728182956114503,0.002146901478110452,0.0010682579692175757,0.009731587080066165,0.009128053971031464,0.010425829250376406,0.023648859906498922,0.0012893246132123046,0.015123147260159626,0.0147232087959312,0.005424582574651358,0.0036832126404262814,0.01417987272276876,-0.0011961671671743375,-0.0035681697464907064,-0.008961451194073685,-0.022340708539033634,-0.004179750313853932,-0.006734094580029113,-0.01678750522752488,-0.010556415286437602,-0.010338772221279442,-0.017384723933011728,-0.014007627466388574,-0.004053730938139069,-0.005546609793335841,-0.0008489685366632206,-0.01442423262299291,-0.013423053471403266,-0.0028338408304712085,-0.02786001566790075,-0.008802461058963675,-0.0042731091794607065,0.023739214546454647,0.013181784909170588,0.015972439043712202,0.024497828443162006,0.01571355723620514,0.02854620073156293,0.017557049626402452,0.03328459824255205,0.012485673699389863,0.01845298190222934,-0.20962943710549986,-0.10213252807519524,0.04427160281868936,-0.017656564360894578,-0.021380286227424605,-0.397863195087492,0.03879906170687342,0.48029546836084336,-0.34596143033872906,-0.13652648802013445
2025-06-26,118.47944570989475,182.14358043207096,135.4152210083408,295.1140391242226,387.20001220703125,10.307357719471506,101.24655655754617,145.97000122070312,63.97260536051494,146.3817475623666,119.83145207058423,184.54573790638085,135.6321555121454,295.4821929892809,389.989990234375,10.638596209326872,102.9879166688411,146.0,64.37843862041194,149.77145099763413,117.34614737586799,181.42097682435966,130.8691664044736,291.1439047681361,382.8699951171875,10.268388540023729,101.10803944752536,141.91000366210938,63.62616693852434,146.00510880612853,118.71803283691406,182.3974609375,131.8158416748047,294.6065673828125,384.95001220703125,10.531431198120117,102.80982971191406,143.67999267578125,64.01219940185547,149.42454528808594,1488000.0,5734000.0,9452900.0,3634000.0,3139700.0,11127100.0,2149000.0,58180100.0,968000.0,2740100.0,0.006721569657877733,0.007523209095162672,-0.02752213665446213,0.005011153022327289,-0.006731353794816989,0.029096379317242023,0.013857446779242907,0.0019506679753294582,-0.005705126911474529,0.02016751507774915,0.004709851751391579,0.006130331379547874,-0.0005821770131635794,0.0067322116425394115,-0.0009034543007229454,0.007590128067675268,-0.0014648253361116375,0.01776324390253672,-0.00632385727836746,-0.0004061179158706704,0.017521312050605618,0.006615892571196293,-0.003997018413901413,-0.014759528359830947,0.009341028008416076,0.014279086959049442,-0.015418489733165296,0.035066844283999817,-0.007860168440683296,-0.013517732669421679,0.0020117179064860933,0.0013928777156148057,-0.026939959641298503,-0.0017210586202121177,-0.005827899494094113,0.02150625124956686,0.015322272115354467,-0.01581257592720711,0.0006187303668929577,0.02057363299361978,0.01134669777065211,0.01310205516064486,0.0016007131514059075,0.0012467194767777176,0.0071796857997628504,0.03163055808437871,0.01705297135294301,0.00020549220315116916,0.006323822538139768,0.02289255349595772,0.009334979864166065,0.011709177445030016,0.028540672792704502,0.00296777809698995,0.013007585293856837,0.010124306834811792,0.001730699237588514,0.016018068130358287,0.005705092171246949,0.002318920502337887,-0.009611400048646187,-0.0039751100309802015,-0.03414767488668713,-0.013544191900789102,-0.011245893706756091,-0.0037878797250465238,-0.0013690534773190533,-0.02820804985288104,-0.005430134898880559,-0.0025763057152405292,-0.01162311795513242,-0.005367987746594934,-0.007207715245388532,-0.011823133280576978,-0.005417994212661964,-0.025294130974613253,-0.016691325592673487,-0.01239547392567393,-0.006048865265773437,-0.02314993870886026,0.020958097819298287,0.017077165191624926,0.03574838803809302,0.014790911377567011,0.018425579506518828,0.0354184378094251,0.018422024830262018,0.028413542056032255,0.011753957437020266,0.025468859211198198,-0.3065248516448982,0.13762925843665563,0.5365189956293825,0.11790431955509817,-0.20739175809379518,-0.2455325756392348,-0.0277849295784538,0.19410430942226853,-0.5689904236577839,-0.0036005122461890693
2025-06-27,119.29462062695865,183.48135437141383,131.4410993972976,294.40757779997904,385.44000244140625,10.570401413030423,102.96813019214342,144.17999267578125,64.21017379256043,149.8011759679062,119.5033853029101,183.57900874030415,133.03863826427227,295.22350441251615,390.30999755859375,10.60937059629557,104.16531808133058,147.75,65.14060739342162,151.5158471036172,117.48531918416502,177.45644933000705,131.03679803045094,291.5319451164189,384.4100036621094,10.336585384340928,102.64162234546977,141.6300048828125,64.1309857047194,149.22631189018753,118.46949768066406,178.02281188964844,132.5159912109375,293.9896545410156,385.8299865722656,10.443751335144043,103.9575424194336,143.80999755859375,64.98223876953125,150.6733856201172,1734700.0,29264700.0,9513500.0,4159500.0,5083800.0,13078300.0,11668000.0,61937900.0,2027500.0,3938200.0,-0.0020956856093523736,-0.024276458480411732,0.005297516881613788,-0.0020962182383030613,0.0022833357091495117,-0.008360391957831705,0.011101601603828939,0.0009044133437002377,0.015040302007808504,0.008322933365793279,0.004845027435043122,0.0059248940323575715,-0.002846971700695625,-0.0006756699886794707,0.0012720577658862208,0.003693542635076798,0.0015385565250039014,0.0034739145993217067,0.0030879875811207426,0.0025173696775561347,0.0068567453415293534,0.007317771747972463,-0.029786931341994102,-0.002396728608891607,-0.004555841728207928,0.025199793884643648,0.01686082864035821,-0.012338661327885383,0.003706717948013648,0.023091002671175816,-0.006940713044395362,-0.030201352512769373,0.008144488582309336,-0.001420548249623551,0.0010112779432633688,-0.012053934592908613,0.009563045078825019,-0.0025695012556215878,0.01195231442668768,0.005805563688237159,0.0017484629180504407,0.0005320888933167497,0.012080761350006875,0.0027675852171036987,0.012555743719603375,0.00367985332632416,0.011559709264823187,0.02445918810890767,0.014386455805475646,0.011381299517741198,0.00868917596244587,0.03073344140608628,0.003936272767697514,0.004188133466727314,0.011544465776340138,0.015733787919232793,0.001996664185998207,0.027028689364529186,0.002434141378787941,0.0055757358295042145,-0.015282854282221033,-0.03338782835340032,-0.003080653194482223,-0.0098155378114582,-0.0026758443481431286,-0.02236819487748904,-0.0031759983862633076,-0.01784441047516058,-0.0012340249721960305,-0.0038448959326890376,-0.008342141237825713,-0.0031864758406309,-0.0112251417767915,-0.00839498956183464,-0.003687122291406377,-0.010314260284580358,-0.01273904346508827,-0.01527490921953897,-0.013186339398883803,-0.009650459620926156,0.017031317200271512,0.03391991724671706,0.015161414544489073,0.012583123028562047,0.015231588067746342,0.026048048203813255,0.014735707651086638,0.04230359858406827,0.015620480777671798,0.015226195450430169,-0.11342527196273977,1.67850415188828,0.48649092379595515,0.22865285628668452,0.2220789536374852,-0.08898559734416267,1.5721061500620284,0.2212752234457831,0.17033874108563474,0.3387780758020966
2025-06-30,118.48938641988636,178.1400026903547,132.14126895106114,295.26326307737446,387.29998779296875,9.93714986920694,103.809138379579,144.0,65.01192737869638,150.93107273359385,118.95662490564013,181.87017942846865,134.36991478655165,297.52198585187097,390.9800109863281,10.307357531768382,104.46215413145327,146.0,65.1702959903195,151.10948612263408,116.75960892991948,177.4760005966399,132.14126895106114,294.2682395793816,384.6300048828125,9.761789029434633,103.34411338329585,141.00999450683594,64.51701319571356,149.66241243410852,117.31632232666016,181.25498962402344,134.12338256835938,297.402587890625,386.8800048828125,10.24890422821045,104.34342193603516,141.89999389648438,64.90304565429688,150.8914337158203,1602400.0,6482600.0,5749700.0,3136800.0,4645500.0,24219300.0,2628100.0,42972500.0,1431500.0,2302800.0,-0.009781627653672586,0.01799312355186145,0.012056815213513348,0.011542157621612948,0.0027177569035272907,-0.018833045898116338,0.0037050232505242936,-0.013370425768477438,-0.0012194318301586796,0.0014461112153764612,0.0001678665844877615,0.0006580743420600586,-0.002831756892294056,0.004322797500224428,0.003802731858521997,-0.04972359513060746,-0.0014285646237636924,0.0013203326543221648,0.00045676833908771806,0.0017087756433392888,-0.006772846459907565,-0.02954327817070925,0.00531273169001513,0.0029022492506008244,0.004814009801785104,-0.06177752972351601,0.008134480455061332,-0.00124916860129939,0.012409082765775572,0.007514339331576497,-0.009949494238160387,0.01733504920980144,0.014888572105807381,0.00721936012138857,-0.0010849749549945444,0.03089054923249114,0.005133587874287861,-0.014690758422799648,-0.0016762001692464245,-0.00026266442796291903,0.003935539588244115,0.02072335960764621,0.016724985080768372,0.007620748694389937,0.009456880879013953,0.03657771762827656,0.006270839191527789,0.01379332213233577,0.002433030956891282,0.0011813870989144171,0.013885033826404365,0.003388310397844763,0.0018364129749609752,0.00040138857300142737,0.010541855834008353,0.0056871683957853605,0.0011372513172398235,0.028484080555135547,0.004109231126137584,0.001444051526877302,-0.0147061938564738,-0.003734381238393805,0.0,-0.003375644688585327,-0.006917709074873351,-0.01780456024901399,-0.004489678761589255,-0.020982528682710125,-0.007641791699114333,-0.008441086683197334,-0.0047566996183134366,-0.021069430448195176,-0.014888572105807407,-0.010595004809973923,-0.005832734119878829,-0.04869510948150507,-0.009623266635877257,-0.006291770259910453,-0.005965591529867878,-0.008178422255234349,0.01864173344471778,0.02445774084604009,0.016724985080768372,0.010996393382975388,0.016374589953887356,0.054382277877290525,0.010760517953116971,0.034775850815045986,0.010074822656005416,0.009622473782111826,-0.13838726836065618,0.200376754554755,0.02826088493747214,-0.041225788486398685,0.127249462553797,0.4889196501027655,0.09461892294645757,-0.15302597658595118,-0.07926054759955825,-0.15576679524393633
2025-07-01,116.99554521372043,180.6593301811833,133.65990480974787,296.6364078183731,385.1000061035156,10.278132138034357,104.08616563388235,138.77000427246094,64.63579345963059,150.65356070162852,122.69389882004972,187.25059830144653,135.17855174582908,302.6762078907556,392.5799865722656,10.7749899245848,105.35261965415226,140.22999572753906,68.25856124795853,154.70732722504854,116.39780986159973,180.05391476627412,132.94003492419742,296.4473509197464,381.5199890136719,10.093027819547585,103.69040677295293,135.1199951171875,64.60609226600116,150.0786966156953,119.99414825439453,185.52223205566406,134.3699188232422,301.114013671875,392.1000061035156,10.492463111877441,104.66002655029297,136.11000061035156,67.07077026367188,152.44752502441406,1935700.0,5937600.0,5337600.0,3565600.0,4516400.0,27268100.0,2519000.0,55257200.0,1438000.0,3781900.0,0.022569080797467944,0.023269901906810463,0.0018364430165851353,0.012402240286600719,0.013402344817080037,0.023486405248827037,0.0030296615555667553,-0.041659154324966564,0.032853783493252325,0.010259842422567814,-0.002738037272361885,-0.0032917182222122507,-0.0034615918413414964,-0.002579562966884127,-0.0046115233773940814,0.0028477495781493284,-0.0024685212477445003,-0.022304623982208994,-0.004126215360162789,-0.0015776953220038555,-0.012687531510522225,0.014043330987589118,0.011426980264465944,0.0046397971545042846,-0.00569649833238858,0.03373829881064054,0.0026650666265434996,-0.03699538240500861,-0.00580241552940934,-0.0018403597499668616,0.02530711806982989,0.026561620129022766,0.005298034857926597,0.014981803253484893,0.018013868194474064,0.020638655670677717,0.005498182803311131,-0.019354530342757612,0.036979998853415144,0.011837537744571663,0.04755676713612081,0.0358347134997544,0.011297960190217438,0.02015644056617772,0.019237247235851258,0.04720915603300567,0.012093934318774896,0.010465984100042736,0.0545345300624218,0.026552219662520637,0.022249649066290945,0.009273093370731806,0.00599992533229098,0.0051746373126928214,0.0012233790413773069,0.026570500362328102,0.006595751515463796,0.029820514442800188,0.017554531209006727,0.014714681917948868,-0.005122139478148764,-0.0033567715733757923,-0.0054003885807595645,-0.0006375386351247858,-0.009339811476270289,-0.018173674309134864,-0.0038094702877366168,-0.026654680808307803,-0.0004596218011760682,-0.003823100263670854,-0.03042925754797865,-0.029918391702398475,-0.010698423438686027,-0.015619341888609634,-0.027353679670744233,-0.03881232997981254,-0.009307653091047738,-0.007300150465550238,-0.03743962065459114,-0.015660638008242425,0.052678906614269605,0.039191485073130236,0.016698348770977103,0.02079397920130247,0.028577058712121475,0.06538283034214065,0.015903404606511486,0.03712066490835045,0.05499415186359787,0.03037531992619142,0.045736183991012425,0.09797799555856557,-0.05504722528856121,0.06585285778191263,0.09487988412751491,0.5695697030673053,0.03569024855624647,0.0742455510359683,-0.04841394290389189,0.32576043941998023
2025-07-02,120.54207112067495,185.23903197019337,133.39365367725065,301.66130062440413,384.6400146484375,10.570400219085789,104.37310126063306,135.52999877929688,67.07077751380959,152.84398910416115,121.12983459607122,188.0610704411744,134.44880372164516,301.66130062440413,386.8800048828125,11.125711250165459,104.65013549644894,139.77999877929688,67.45681000302118,154.07299530104004,119.00789839434931,185.07303146013155,131.98348159803953,296.83543037199684,372.7300109863281,10.511945986241265,101.69179483739129,135.22000122070312,66.47688195746804,151.85284726867857,120.20336151123047,186.26434326171875,132.24974060058594,300.7856750488281,378.4700012207031,10.843184471130371,102.42395782470703,138.52000427246094,67.39741516113281,152.60610961914062,1467100.0,4658200.0,4319600.0,2748500.0,6912200.0,20482100.0,1968300.0,39228000.0,1109700.0,2864700.0,0.0017420106473763854,0.0039921408728548925,-0.015904475454309314,-0.0010910078930697824,-0.03538011214068071,0.03287952271519629,-0.02159660625320037,0.017551363549625842,0.004858331938110888,0.0010397162400494603,0.004555852880852726,-0.0015276684380272514,-0.0072920260424931575,0.0018158908964483972,-0.019209054874220307,0.007400462290508029,-0.002745263134747909,-0.004270377807194867,1.0809682497734182e-07,0.0025972834767693563,0.029862970950682556,0.025033951690995353,-0.0019939911845665505,0.016797694149933096,-0.0011951866797462727,0.028039117961185765,0.002752919668563226,-0.023624908149952443,0.036980106950240094,0.014434821221341014,-0.002813842233476444,0.00551980931088204,-0.008612449411816204,-0.0029068987895181485,-0.01617105726646042,0.02547906042468832,-0.018851343118452466,0.021821741356820672,0.0048582238412858,-0.0015575672367199513,0.004864153593077499,0.015119697067381593,0.007878926388722762,0.0,0.005806710057140289,0.05120109576362702,0.0026507521587429495,0.030876740294912008,0.005739098662325039,0.008008763466262404,0.007677995826553847,0.009599887756499535,0.016491375800539113,0.0029068987895181867,0.021977767323600805,0.025722035338938756,0.021502095277195588,0.009054998938091453,0.0008808748210392958,0.009566330702982403,-0.012808965956463258,-0.0008965439561609028,-0.01062778336906863,-0.016126988150836657,-0.031453543574559435,-0.005545339410325407,-0.026025371755938782,-0.002289918330973872,-0.00889419513275116,-0.0065057802577362855,-0.00999512372298685,-0.006416353267042975,-0.0020153339572523883,-0.013220089361318577,-0.015282486308099053,-0.031024399835013712,-0.0071740286374864,-0.02411165968779455,-0.013752418974036935,-0.0049482130210164125,0.01767311954954067,0.016016241023542623,0.018506709757791513,0.016126988150836633,0.037260253631699825,0.056746435173952274,0.028676123914681835,0.03316665862588588,0.014633293795076305,0.014514543723998895,-0.23063049592560247,-0.13790929654937756,-0.25094494436732084,-0.17985576686151283,0.4741404905153228,0.25022750298432683,-0.21667679794017403,-0.27106819500412627,-0.27271329982304593,0.03795237119490835
2025-07-03,120.54207226503831,186.6549390469442,132.8019702168714,301.4921344491671,378.0,11.067257345334347,103.11655205021138,139.11000061035156,67.3974102462156,152.88362898774787,121.2892338699869,186.96742112648315,133.36407088311879,303.78067645876837,383.20001220703125,11.330300007283041,103.61125820470396,139.5,67.66466813574428,153.6269853685635,120.21331933473593,184.42855638010911,131.35235960586007,300.7856762338794,377.79998779296875,10.989318985297372,102.5723722608228,137.32000732421875,66.98168414227227,148.1757052425822,120.9206314086914,184.82891845703125,132.57516479492188,303.2632751464844,379.30999755859375,11.223134994506836,103.46284484863281,137.91000366210938,67.22914123535156,151.58523559570312,945000.0,3706200.0,3114300.0,1616100.0,2863700.0,13837900.0,994900.0,28646000.0,658900.0,3182900.0,0.0059494039099588555,-0.007736232973509573,0.002457656749835062,0.008203355012938535,0.002216993542443522,0.034440549072702595,0.010091912912238465,-0.004413425337271688,-0.002499863591827612,-0.006712076935739212,0.0028138517269532463,0.00209480145752451,0.0041669635984561346,0.0023459596657870625,-0.0012426171042393959,0.020454237139459763,0.006739273413950125,0.004250241081165124,-7.292441971951242e-08,0.0018168822705152226,9.493476848433171e-09,0.007614610768406574,-0.004445485813360132,-0.0005609391237309775,-0.01741367437069978,0.04593329756414816,-0.012112069704502373,0.026071982437985912,0.004858150916866075,0.0002593150337953307,0.0031355521830056213,-0.009831034431034153,-0.0017093068486210491,0.005857395347151198,0.003459610646683008,0.013986311933242724,0.00335263949828835,-0.008663666418436997,-0.002499790667407803,-0.008528959206254566,0.006179216365958118,0.0016727165486230544,0.004223690592232865,0.007562054247737129,0.013662882332626906,0.02348959329978923,0.0047860720646518366,0.0027996098023948465,0.003957561464371796,0.00485045413374948,0.00304366418295253,0.01150375097965711,0.005932997440853805,0.0017046589005859925,0.010203271685943842,0.00950328136654634,0.0014334325663635408,0.01146327622083193,0.006457352131779606,0.013379413340003959,-0.0027310136852988914,-0.01199950635693323,-0.010975592670152318,-0.002345955725934267,-0.0005292728630081361,-0.007067160673785706,-0.005291301521140001,-0.012950969532667318,-0.006187382525962823,-0.03127826995475609,-0.005866565868304666,-0.0021684719258990366,-0.009266285821531203,-0.008203351073085558,-0.003988883509691212,-0.021053472607028542,-0.008643941019428315,-0.0042873031142303735,-0.003687591858554981,-0.022749310748501575,0.008910230051257002,0.01367222290555623,0.015199283262385115,0.00990800997367153,0.01419215519563505,0.03055675397357499,0.01007737358579189,0.015750579335062104,0.010144943990334615,0.0361287240885057,-0.6181309157803181,-0.35815412160259363,-0.5648813730416578,-0.6924355119666732,-0.429058120866026,-0.15816943440194464,-0.8761856840516256,-0.5814561794898765,-0.7544526979134254,0.12804659833055965
2025-07-07,119.94434006791269,184.98516160627855,132.64417510215813,302.0194831201593,378.8999938964844,11.106226525352834,103.26496307957788,136.55999755859375,67.30833426748393,151.4464827203049,120.29301395056383,186.8893027377901,133.03863563744466,303.2732224529134,382.2200012207031,11.349784132743016,103.45294628099008,137.44000244140625,67.84284253405838,153.1016878497868,117.65304152388418,182.43653735334283,131.00721278389426,297.8005931779115,375.5199890136719,11.02828816531586,101.56317273868845,133.5,66.74413235584286,149.61286418762964,118.79869079589844,183.2177276611328,131.8454132080078,299.04437255859375,376.92999267578125,11.223134994506836,101.79073333740234,134.8000030517578,67.36772155761719,150.49497985839844,1459900.0,11049100.0,8927400.0,2753300.0,3545100.0,11717000.0,1667600.0,37395000.0,1935500.0,3877000.0,-0.01770400497236373,-0.008755417854480134,-0.00551964181584838,-0.014009357525608864,-0.006294331882072366,0.0,-0.0162934894311532,-0.02280910392322921,0.002059191698203977,-0.007218350725852106,-0.008106589192680865,0.0008449822057449628,0.0005204017838251104,-0.004109794174762333,-0.001081504350228872,-0.01047137306598182,-0.001914419075734985,-0.009837264432305131,0.0011772636729334505,-0.0009157647646001669,-0.0049710370096752235,-0.008986052225289306,-0.0011889050647958415,0.0017476011723888973,0.0023781062964541595,0.0035149388672611323,0.0014382204225533743,-0.018500930850742017,-0.0013225269944743788,-0.009444723970854715,-0.009597415779682827,-0.009600400060225018,-0.006040043599673574,-0.009899563350846461,-0.005212827531843533,0.010471373065981672,-0.014379070355418199,-0.012971839490924092,0.00088192802527064,-0.006302585961251979,0.0029027469845486855,0.01024086327780405,0.002969411713400669,0.004142594530451578,0.008724060338511848,0.021692825329334177,0.0018187418188542704,0.006423415391094752,0.007909824627918864,0.010870013924028348,0.012500162764231468,0.019841263338028922,0.009009455313074375,0.014042157881298185,0.013936887870355406,0.011221452263352385,0.01619781217427245,0.019395254882018962,0.007027896602648311,0.01717259988528028,-0.01928783526504471,-0.013873242310739567,-0.012417786733425385,-0.01406741682221315,-0.008960599069635176,-0.007042276122147227,-0.0166171458179665,-0.022662582767979174,-0.008417677903800004,-0.012181260768820534,-0.009690419485361902,-0.004272842250514579,-0.006377743133751777,-0.004167853471366738,-0.0037477715377916138,-0.01751364918812901,-0.0022380754625483065,-0.009690743277055137,-0.009299605929070549,-0.005878674807568508,0.02219058224959344,0.02411410558854356,0.015387198446826143,0.018210011352664947,0.017684659408147146,0.02873510145148126,0.018435887636820768,0.02908599815907406,0.01632750253171882,0.023051274692848792,-0.17065659386635268,0.6883535368016584,0.4647560360723926,-0.14370718030553675,-0.23777457553643444,-0.3059945073349972,-0.3565861420441525,-0.3195581704943429,0.3327862084531077,0.32116690777580637
2025-07-08,119.12744408809493,182.39747003419316,131.3918011999989,300.2483413177924,378.5,10.84318514774696,101.21687686240978,137.32000732421875,67.41721056929615,150.38595370496225,122.64408337369933,188.46144323520735,132.86112342000573,306.238371859984,386.6000061035156,10.9893193453293,102.54268566282335,139.14999389648438,68.1001945579726,153.25035314249652,118.82857641601521,182.28029670276138,131.00721158606768,299.01452189402653,377.17999267578125,10.697050021066051,101.12782583404157,135.91000366210938,67.09056539629513,150.18772835304506,120.55203247070312,185.30740356445312,131.5101318359375,301.8204650878906,382.239990234375,10.784730911254883,102.14691925048828,137.82000732421875,67.7636489868164,152.37815856933594,1917000.0,7106900.0,4782600.0,2890500.0,3708200.0,19675200.0,2434200.0,36124600.0,1200400.0,3252200.0,0.014651077834722819,0.011340872701752661,-0.002546227406434604,0.009240388547769788,0.013989183644888766,-0.03984594308946382,0.00349308988054065,0.022156317955067433,0.005859905965079327,0.0124355892975943,0.002763492136564011,-0.0044870071502109525,-0.003446415872626679,0.004017971021736833,0.0041565984933052014,-0.03444048667253147,-0.005653561488949883,0.01852180080899887,0.0007343404507010178,-0.0007247129747755773,-0.006833923643118742,-0.014087407210435979,-0.009486459472300214,-0.005881592329109728,-0.0010562290385384087,-0.023969113606549613,-0.02003263184436809,0.005549961318074832,0.0016162684759717307,-0.007027298936027541,0.01188758569815875,0.01582787985196365,0.0009001884661920785,0.0052224175260329984,0.009832585151583669,-0.00540545641693235,0.009146651369490362,0.003634517146068741,0.005125565514378354,0.013160302272369813,0.029092650852157134,0.032705233677071885,0.011120689503406573,0.019753855093536683,0.02117450968440323,0.013387046827489613,0.013013647015723743,0.013238422182690274,0.010079735081752894,0.01886786493405584,0.017205065153998427,0.01687735382510813,0.010220501037214542,0.014531437567503538,0.011341924532819432,0.018792503244421895,0.003866995646233256,0.009603905036621667,0.004954169567374697,0.005707562661686172,-0.002511958542587262,-0.0006426129923546562,-0.002931336404336162,-0.004117796189020016,-0.0034935652116491796,-0.013568781178953045,-0.0008801914053668153,-0.010321093013996484,-0.004856906045367456,-0.001318980286616009,-0.014399544240745927,-0.016470492844318327,-0.0038315248705281524,-0.009340213715052998,-0.0133261503632328,-0.008163324762020696,-0.01002684277485724,-0.013955610160065121,-0.009982471559745734,-0.014479282558985819,0.03160460939474427,0.0333478466694265,0.014052025907742656,0.023871651282556704,0.024668074896052293,0.026955828006442535,0.013893838421090586,0.02355951519668676,0.014936641127120268,0.020186845220671833,0.09131762987659542,0.2131723044889533,-0.17000104715532416,-0.10629779735169897,-0.22012044231017214,0.20561630862870928,0.012700261355531595,-0.36860006057233363,-0.1403161512051252,0.12805272786627775
2025-07-09,120.94056241204267,184.06726374892014,131.61861778185715,301.6513279887959,383.5,12.431181557894664,101.90946467121061,138.69000244140625,67.91212886710912,153.01247927854385,121.88696409051087,186.5963541416801,131.91445944396523,302.6762009794561,384.75,12.996235180608183,101.95893830457533,140.64999389648438,68.95145173443869,155.26236032486617,118.45002367868315,183.89150375249628,129.6463600973125,293.3229861499648,370.9100036621094,12.177881401754503,100.52428597178151,137.58999633789062,67.51619598661254,152.47725422557914,120.8409423828125,186.1374053955078,131.37208557128906,295.91998291015625,373.3800048828125,12.918296813964844,100.83100891113281,138.41000366210938,68.79307556152344,154.59829711914062,1806700.0,5594100.0,4613700.0,3177400.0,4726600.0,70142200.0,1689100.0,37013100.0,1346300.0,2855900.0,0.0023936906219683756,0.00446905269618835,-0.001050251924219601,-0.019743264361159158,-0.023451977142578278,0.18051333486804336,-0.012966225317747144,0.004271782294599444,0.01507719343679231,0.014464804831778946,0.0032177407076190707,-0.006714832309799826,0.0008245845596440165,-0.0005605468406771653,0.00329096277822375,0.14207662870334498,-0.002327343863453138,0.006292705199149679,0.0021887464648015125,0.004154165470746626,0.015105326405777678,0.009113047542163811,0.0017247730258360323,0.004661870685355805,0.013123547929807428,0.13667117228641265,0.006819307506037299,0.009927222345218341,0.007314311979179736,0.017314467743116627,-0.0008240500856507208,0.011183885005987972,-0.0018748364838636208,-0.01918271752048191,-0.026742939920802018,0.03843670616469827,-0.010638881454293907,-0.0020209229045502143,0.012888446971990887,0.010310639361032114,0.0077948862228383944,0.013646495200897174,0.002245196614392561,0.003391783177369994,0.003254151911677823,0.044451756071758435,0.00048534872117254825,0.014033247269225153,0.015188011910292091,0.014596851285207017,0.008618936308489198,0.0024626101949091843,0.004120033098256287,0.02257450069785205,0.02999709183247985,0.0060150499070603675,0.011124230175466586,0.016054170173775445,0.002299564938301144,0.004286211924174766,-0.0208080746643846,-0.0009553244836890658,-0.015098044638414387,-0.02799746359988509,-0.03338016535677569,-0.020586651545836183,-0.013685468103747581,-0.007963022447953109,-0.005847137354314261,-0.003504049674376628,-0.019984024578733845,-0.012139209489677097,-0.01322320815455075,-0.008814746079403092,-0.006637225435973587,-0.059023357710534345,-0.0030465866494536306,-0.005942099543402832,-0.01873558432630512,-0.013814689035408903,0.028602960887222886,0.0146018196845862,0.01734324125280692,0.03138924677725501,0.03663431726845348,0.06503840761759462,0.014170816824920041,0.021996269717178298,0.02103514926460632,0.018100900959583485,0.040705246893040226,-0.035300127014274096,-0.1878257532578509,-0.028011238099338698,0.0003761854906496609,1.3865358587409986,-0.34358920715303043,-0.32410283205865653,-0.026152330701583182,0.006855420775979226
2025-07-10,121.16968503312545,186.02023468017578,131.87498214869063,292.0400085449219,371.989990234375,12.752677465223707,100.65291790603699,143.0,68.86236486107633,154.72716427048385,125.96148661823862,192.85562388102215,133.17667920902815,292.6000061035156,373.5,12.772161592201776,101.22677131053211,145.82000732421875,70.99049753574067,158.05740169508303,120.48230152631048,185.1023371749247,131.1649683061664,285.7900085449219,365.510009765625,12.041488713101245,100.0295833178365,141.85000610351562,68.78317677276516,154.5784990333423,123.7000732421875,190.41441345214844,131.74679565429688,288.3599853515625,371.42999267578125,12.090200424194336,101.19709014892578,144.16000366210938,69.75321197509766,155.92645263671875,2269500.0,6049400.0,4857100.0,5197200.0,4022500.0,35389100.0,2123900.0,61101500.0,1588200.0,4043400.0,0.02338471640559087,0.02271768073062186,0.0028482208086148507,-0.025879441035384497,-0.005236279504773864,-0.0662494219473273,0.003624066554778057,0.040703497896090526,0.01386037549733391,0.0085543172822322,0.002716763772085967,-0.0006296832663692523,0.0038207239573676386,-0.01319828132532223,-0.0037297349474985017,-0.012903417289646323,-0.001767794129173493,0.03262430889288094,0.001006706385043506,0.0008332140407695011,0.0018927136864351625,0.010554201739618916,0.0019458874735038814,-0.03238099884580417,-0.03047267486830046,0.02553328887505194,-0.012406675583467475,0.030603385988330595,0.013895153357034472,0.011143853401801719,0.02066795263350474,0.023347363996991107,-0.0009725031487526719,-0.012681159710062279,-0.0015065445572754103,-0.05334600465768098,0.005391860683951653,0.008079189003209633,0.0128536691122905,0.0077211032414626025,0.03878427960733668,0.03608638977442098,0.009822292899574212,0.0019157009983047136,0.004051058633861523,0.0015266800091176477,0.005685118223898357,0.0195284043461823,0.030436230208382795,0.02129493353630339,0.01811632697383199,0.012739025777429932,0.010794796048326838,0.014596860708367134,0.0055576031911370545,0.05487268466679851,0.00029325753994652743,0.01144921534297271,0.017582561096092374,0.013573830294840845,-0.005689052016904661,-0.004946610346700494,-0.005398537869970367,-0.02163350316753365,-0.017573280624522545,-0.05738316732601496,-0.006212166870461895,-0.008074425977091416,-0.001150608964266389,-0.0009612837152843645,-0.026357004650409396,-0.028293974343691672,-0.004426034721217728,-0.008952343457471475,-0.016066736067247157,-0.004037162668334009,-0.011604027554413575,-0.01615361498030102,-0.014004278076556858,-0.008682386956747012,0.044473331624241434,0.041033000121121516,0.015220830769544481,0.023549204165838403,0.021624339258384147,0.05890984733513262,0.011897285094360064,0.027602830323273587,0.031586839172649206,0.02225621725158772,0.29041584092133377,0.023345217773330873,-0.1516766575667603,0.4244899131575135,-0.1822217843805536,0.6708215273304567,-0.09890477305108547,0.15805020217669608,0.1281492423882824,0.3417388860468673
2025-07-11,122.46477213883084,189.33051704445415,131.42139703361454,287.2099914550781,368.0,11.953808596996614,100.46492485713777,142.60000610351562,69.0504257844433,154.6676954020863,123.1920128005531,189.4379309002416,131.72709457185508,287.739990234375,371.1499938964844,12.42143878774437,100.94973476574431,147.39999389648438,69.39686418642,155.1632663485053,121.87700103954498,186.66471940532273,129.43926840015556,280.42999267578125,362.70001220703125,11.836900120211077,100.09883959224574,141.60000610351562,68.19917282427726,153.44859510851066,122.81344604492188,187.92437744140625,130.18873596191406,281.05999755859375,363.3500061035156,12.265562057495117,100.4946060180664,146.4199981689453,68.3773422241211,154.4595489501953,1383000.0,4991000.0,4661200.0,5077100.0,3548700.0,20994400.0,1348200.0,50049200.0,1076900.0,2401300.0,-0.00719336629488858,-0.013163186141670582,-0.011896653033571201,-0.025641487751070093,-0.02199382752119389,0.01440026061847628,-0.00696594837412323,0.015555372449883812,-0.019921953744952113,-0.009452195656985234,-0.010036457243107628,-0.005708565219032695,-0.0024729340061002978,-0.003996022979315282,-0.00927746321280407,-0.01134530352717622,-0.007261342785278477,-0.01088026848126996,-0.010126423306428536,-0.008105523778977894,0.01063149539039719,0.01763879877795846,-0.0034454371548530236,-0.01667718268937752,-0.010784007770079426,-0.06469130818485716,-0.001869482101326832,-0.002801079478060245,0.002727245805861832,-0.00038442053751534854,0.002843090948219128,-0.00745462092263783,-0.00942371902747083,-0.02164546477175484,-0.012716364308389894,0.025745564145652558,0.0002953944111551784,0.026435640931153703,-0.009795530438523504,-0.0013466718780074075,0.0059208035829966124,0.0005671742683414717,0.0023233853547209005,0.001843634911896814,0.008523338949749219,0.03837397557406308,0.004814057187386024,0.03310638756554835,0.005004635701210421,0.0031989789931661647,0.0030777126347775316,0.008021795190979283,0.011747104382191762,0.02348909968365175,0.021239703258139037,0.012628411428410622,0.004518662776230911,0.006670746634394519,0.014800166139734002,0.004545650871173528,-0.004811066281215854,-0.014180191927729945,-0.015197130454234216,-0.023889512424067928,-0.014506858224074706,-0.009828157640500414,-0.0036505664166609757,-0.007037326418304584,-0.012404610057397673,-0.00791328918854158,-0.007654157229434924,-0.00672557100509203,-0.005773411426763351,-0.0022440476523131318,-0.0017904939156848404,-0.03557372178615297,-0.003945960827816211,-0.03347296734945838,-0.0026090796188742017,-0.006566617310534202,0.010731869864212432,0.014747366196071383,0.017520515808955108,0.025733147335964907,0.023030197173823867,0.04820213321456346,0.008464623604046975,0.04014371398385287,0.017409245758608066,0.011112268181707791,-0.17047773902724828,-0.18120811312554963,-0.19925348425342726,0.350875050388451,-0.3098995086005303,0.11895091811646452,-0.5270633767034614,-0.06343566970960524,-0.25618120671200195,-0.16982595022149738
2025-07-14,121.37888298116022,187.21154446247866,130.18872201030956,280.69000244140625,363.19000244140625,12.236335194278961,100.33630040047211,145.08999633789062,68.27836361128446,154.21175882854985,121.39881154582814,188.13920143505672,131.24387195010183,280.94000244140625,367.67999267578125,12.479892813416614,101.64232427509603,147.5800018310547,68.44663262009328,156.70944055782837,118.8186096588056,185.57104332468626,129.8830245048289,276.95001220703125,360.17999267578125,12.099942593086388,99.79212064078862,141.89999389648438,67.52609194301002,153.54769559520042,119.62554931640625,187.01625061035156,130.19857788085938,279.989990234375,366.989990234375,12.255819320678711,101.58295440673828,146.24000549316406,68.1496810913086,156.51121520996094,2028700.0,4072800.0,4881700.0,4281800.0,2898700.0,15830000.0,2048900.0,44718600.0,865000.0,2961300.0,-0.026300063449417134,-0.004844119516076278,7.559445815362431e-05,-0.0038143076188885254,0.00996799925633577,-0.0007946320134917913,0.01077169488519273,-0.0012300464444970876,-0.003335037098104215,0.013195427131405979,-0.011749587493049484,-0.003800402975365498,-1.0716445738804605e-07,-0.0013172947777153935,-0.0004404538299729885,-0.00238568277205985,-0.0015765068554913664,-0.009124977425667653,-0.0014485839363906911,-0.0016055277483119118,-0.008906496544830464,-0.011255023898003345,-0.009423826191928285,-0.02296275954947015,-0.013156818138362853,0.023359881373592635,-0.0012811124443361133,0.017310663505486,-0.011244114374914212,-0.0029521996263192694,-0.014550475956367617,-0.0010437165407107295,7.570162261091512e-05,-0.002497012841173186,0.010408453086308724,0.0015910507585681299,0.01234820174068401,0.007894930981170566,-0.00188645316171353,0.014800954879717934,0.00016417129878013267,0.004942890730544527,0.008072104959578252,0.0008902658844379548,0.012286854709732377,0.01970895421658067,0.012932478169598725,0.01701619975008812,0.00246142400297278,0.016066678392399763,0.014714647255147838,0.005986607271255202,0.007996403336967297,0.00338727872561114,0.0018784016234236717,0.0181179034580128,0.0005842764289148088,0.009121268768917534,0.004347877164686384,0.0012657235126817658,-0.021318876085286095,-0.008801439668530048,-0.002350871637275458,-0.013413837652686961,-0.008322233873646197,-0.011209111800862426,-0.005438319035767836,-0.022231673134132168,-0.011078861289886202,-0.00431547596275619,-0.00676840012891856,-0.0077577231278193,-0.0024265732598863212,-0.010916824811513721,-0.01873068695995492,-0.012800162559430514,-0.01778652077645188,-0.03012660411530271,-0.009192408128172706,-0.01911643084247409,0.021483047384066402,0.01374433039907449,0.010422976596853656,0.014304103537124973,0.020609088583378697,0.030918066017443294,0.01837079720536674,0.03924787288422022,0.013540285292859038,0.020382154355155828,0.19272199408060153,-0.36699792279293497,-0.15095251622397576,0.14708733728717505,-0.47329867928249136,-0.15597748781180698,-0.1149898384235879,-0.17605289249479839,-0.43967437478736393,0.02188091892259969
2025-07-15,117.55342886356476,187.34126680324758,130.65422405257556,281.0400085449219,367.0,12.440923577279195,100.99920560983553,153.75,68.56541127365998,156.51121059806144,119.3067702696757,187.79432068512162,131.1891323215926,281.1099853515625,368.32000732421875,12.86958457628923,101.57306653399307,158.67999267578125,68.72378744558836,156.87792823699138,111.50640108960393,182.21968097772873,129.0693448108598,275.9599914550781,363.8800048828125,12.333757630702753,99.5150872154659,153.55999755859375,66.44717906076275,154.64785911104065,112.51258087158203,183.57887268066406,130.24810791015625,276.07000732421875,364.17999267578125,12.80138874053955,99.5546646118164,155.61000061035156,66.55606079101562,155.20289611816406,3950600.0,6729200.0,5084800.0,3970300.0,2551000.0,20842500.0,1695800.0,93370100.0,1198600.0,3058900.0,-0.06130139638766437,-0.01855111571885606,0.00038034678570430695,-0.014099370088359247,-0.007686342324714605,0.04355278961718303,-0.02016886309493177,0.0621037356852306,-0.023661866686055587,-0.008394401965823778,-0.017473497783533014,0.0017363950739051111,0.0034935153600472372,0.003743184994931036,2.727493769346436e-05,0.014990456323905475,-0.0057630979207577765,0.05007876141812351,0.006081720116696382,-2.9466895136217153e-08,-0.03202397373990057,0.0006926785331944154,0.0035692169826581585,0.0012461721537578058,0.010435728024002172,0.016581507082473565,0.006585103819926235,0.057973692399294216,0.004195266954982801,0.014800925412822727,-0.043827898604131395,-0.02028751079276121,-0.003113168574342924,-0.017842555083290284,-0.007713617262408064,0.028562333293277672,-0.014405765174173921,0.012024974267107106,-0.029743586802751968,-0.008394372498928592,0.014805133483303843,0.002415415211207988,0.004085717663643238,0.0002489613368738652,0.0035902973644239868,0.0338754155307184,0.005665755270441821,0.03156164280233721,0.002307191587694106,0.0023403351352525394,0.05863303208743502,0.02270292600396925,0.0071988862379862,0.018091516420164287,0.011303914626832098,0.005313082237440831,0.020071520444615767,0.01953666853523033,0.032050778390446066,0.010734707634181152,-0.05281094583800082,-0.027718912281542617,-0.012204505897646371,-0.018241141648659705,-0.008537691681965404,-0.008651301227975996,-0.014803388585151003,-0.0012365524527426354,-0.031380866536649454,-0.011976985040093806,-0.008983047233869395,-0.007431401488781376,-0.009091337323303384,-0.0003985865653694288,-0.0008240744195573715,-0.03721363452125355,-0.00039762341097705447,-0.013261526719849696,-0.001637279733897443,-0.0035826125411652712,0.06761607932130462,0.030134327492750693,0.016290223561289622,0.018490102985533524,0.01212798904638948,0.042526716758694474,0.020469143855592717,0.032798195255079925,0.03368805812434353,0.014317320175346485,0.815600226816569,0.11993251989418496,-0.12308514916485969,0.059225454504064245,-0.5297172742083767,0.10831088729457505,-0.2897932750615624,0.5173711520525295,-0.08274210236645807,0.04321772714168759
2025-07-16,113.03060241007037,184.1008847163443,130.87215878514348,276.75,364.5899963378906,12.937780845968064,99.91085332196286,155.30999755859375,66.59565412920615,156.22377273153072,114.02681784566117,188.50346971247075,131.77356771765974,280.2699890136719,365.54998779296875,13.103400106142313,100.44512929950426,160.36000061035156,67.3875198768846,156.28323882243643,111.43665923322921,183.6872209284162,129.07925614630446,276.0299987792969,358.7099914550781,12.450665593478769,98.99069961834924,152.85000610351562,66.11064032344362,153.4783207105547,113.00071716308594,187.7056884765625,130.49575805664062,279.6700134277344,361.7699890136719,12.684481620788574,100.36598205566406,160.0800018310547,67.35782623291016,156.164306640625,2248800.0,6202600.0,9893000.0,3176400.0,3592900.0,12922400.0,1606700.0,59492800.0,1711000.0,3194600.0,0.004329119906594818,0.022230850328642207,0.0018995669948635356,0.012955901413050879,-0.006639610376819324,-0.009174333705914592,0.008116439309985084,0.028320820760116234,0.011974486589962726,0.0061754325394622655,0.0045935544744682135,0.0028394948370976604,0.004779805650489974,0.0024600883098189453,0.0011251937141970364,0.01059811829585926,0.0035714352278971326,-0.0019297770913836666,0.0005947101677390148,0.006556151878967926,-0.03923434412966319,-0.017448015955663563,0.00166663707614713,-0.0153824667734715,-0.006588423548210985,0.039160451589136856,-0.010834329946276691,0.010095197175723472,-0.029148876635012914,-0.0018382206199606505,-0.0002644345678732676,0.019391355491544648,-0.0028802386556263625,0.010495813103231942,-0.007764804091016395,-0.01977245200177384,0.004545004082087911,0.030250597851499784,0.01137977642222355,-0.00038071933950567,0.008775065153032606,0.023632519824637193,0.006864093954482864,0.012638813470895243,0.002629610839362919,0.01271996792612068,0.005333279665091592,0.03199818771808913,0.01182051363968419,0.00038057444745165397,0.009039499720906062,0.0042411643330925375,0.009744332610109227,0.002143000367663434,0.010394414930379299,0.03249241992789459,0.0007882755830037755,0.0017475898665892146,0.0004407372174606124,0.0007612937869573326,-0.014202248979427217,-0.0022494689524281976,-0.013794355143739157,-0.0026050205487234655,-0.01625918572801486,-0.03837769588558098,-0.009252419142249392,-0.015966015594100477,-0.007309615075971225,-0.017730096112246126,-0.013937814411553898,-0.021640824443972802,-0.010914116488112718,-0.013100833651955343,-0.008494381636998439,-0.0186052438838071,-0.013797423224337189,-0.046216613445600345,-0.018689391498194836,-0.017349376772740458,0.022977314132459955,0.025881988777065237,0.020658449098221975,0.015243834019618633,0.018888796567377856,0.051097663811701784,0.014585698807340975,0.04796420331218961,0.019130128715655597,0.018110670559697662,0.22853317624867664,0.018997018360261464,0.5092011191331789,-0.16790502690221842,-0.15535739226542766,-0.373638450536383,-0.32895068801071936,0.09310294788466322,0.26829856113003636,0.05452950826913927
2025-07-17,113.66818288201974,186.1495083943273,125.35476531041584,280.75,360.6000061035156,12.801388783100387,99.93064006122773,161.80999755859375,67.78345027784553,155.8669637639982,116.12883629331118,189.22244785071436,125.66183500829983,283.1300048828125,366.9599914550781,13.035203874246863,100.5836557879341,161.9600067138672,70.07985180018588,158.05739393327787,112.82140125802394,185.42066363897496,118.6387946137022,278.25,359.2799987792969,12.742934545764477,99.58434727370917,158.67999267578125,67.51619238824281,155.40112587899696,115.91963195800781,188.5133056640625,119.37181091308594,282.70001220703125,366.45001220703125,12.850099563598633,100.34619140625,160.41000366210938,70.03035736083984,157.63119506835938,1552900.0,4853100.0,27560600.0,3513000.0,3340500.0,12464500.0,1955800.0,50605100.0,2210400.0,5024200.0,0.025502957773777715,0.004293342125893123,-0.08909763734149594,0.010775923187725694,0.012853499268103266,0.01297223276206963,-0.00019720427652041844,0.0020593587445816904,0.038909726098021014,0.009349395417943544,0.005889362396262298,-0.008325089944521366,-0.040192881001210067,0.003854208926574379,-0.0032392927201260985,0.00917433703061917,-0.004346979747956282,0.010749090609761116,0.006298970428801916,-0.001905853642449922,0.005624927828388887,0.011066265547023326,-0.04307311965683639,0.014350022029806307,-0.011004096811142528,-0.010598114971154671,0.00019802433413148093,0.04099968846126112,0.017678746851025454,-0.002286572981955589,0.019613595377515614,0.012618432070414588,-0.04890475634028587,0.006921714261151225,0.016092791988229396,0.0037978957314504396,0.004149775471435852,-0.008689731865179597,0.03261075566921928,0.011255249060393425,0.021416704818921377,0.016373136321550276,0.002446609910803809,0.008441579752791481,0.017483499307995743,0.01810002406868767,0.006513431200606453,0.0009266402942079797,0.033317262949469205,0.013955372781721898,0.0018031094414057418,0.00375470425113586,0.05135136625108967,0.001519865491640204,0.0013907073197662535,0.01430212833723731,0.002363655729170568,0.009616372159387411,0.0007065072802500286,0.0027001237213284046,-0.007477479131714608,-0.0039230581191731125,-0.055064302174921066,-0.008944603462898399,-0.0036673023133714728,-0.004576698988345351,-0.003471349595211708,-0.019533242834647118,-0.0039506126096863535,-0.002993164081313255,-0.02709107450923022,-0.016541490189587713,-0.0061595458346352305,-0.015866317724049547,-0.01976009430160085,-0.008374594719795734,-0.007621125066647523,-0.010843510969467654,-0.03656136827890558,-0.014248413141706665,0.028894183950636046,0.020296194440723603,0.05751091208572492,0.01738618321568967,0.021150801621367066,0.02267672305703298,0.009984780795818231,0.020459883128855102,0.03726787555915548,0.016948536863035015,-0.14096623542258513,-0.22759727905012106,1.4485213177025802,-0.08352064471234222,-0.19217132716774366,-0.36899520603574487,-0.12981372327653418,-0.04182381734879215,0.5023421187355233,0.454311931337152
2025-07-18,116.37789303531481,188.6216595932231,121.47178999647318,283.239990234375,367.07000732421875,12.908553652668957,100.60344059165037,159.58999633789062,70.14913992315233,161.1001938498631,116.75645218466866,189.43914341824276,124.44345580542159,283.82000732421875,367.7900085449219,13.083915433563927,101.42465459293732,160.8300018310547,70.32730933340531,162.69593287496224,113.10034316685429,185.72601300832244,121.11518949481241,280.6400146484375,364.0,12.859841943631624,100.12851937746737,155.80999755859375,69.18900518744408,148.9190668497894,113.55860137939453,186.4055938720703,122.50196838378906,282.44000244140625,365.7900085449219,13.025461196899414,100.7518539428711,156.99000549316406,69.5849380493164,151.87266540527344,1521800.0,5332000.0,19571900.0,4207400.0,2459200.0,9223800.0,4577800.0,48859800.0,2486900.0,11701900.0,-0.020578107650807215,-0.011243679629675441,0.02588401471493559,-0.0009201605875758163,-0.0018026980829788232,0.013554436152503532,0.004034480655097986,-0.02155091641567185,-0.006380688038755635,-0.03721565392806334,0.0039454718408176645,0.0005746162097065946,0.017438971143568256,0.001908252425599513,0.0016904658314004564,0.004538606030412944,0.0025603363725722984,-0.0051250569943226115,0.00169472131150925,0.021768397383638064,0.023559067218333413,0.013193048280121132,-0.03146578519671752,0.00882996668675075,0.017783257819629694,0.008336501761863376,0.006710111844008135,-0.013814788859502146,0.03430547698072834,0.033023646444031406,-0.02452357949162501,-0.01181829583938203,0.00844504357136742,-0.0028284130131753277,-0.0034931639143792378,0.009015830122090597,0.0014741442825255873,-0.016425859421349123,-0.008075409350264715,-0.05898405131170136,0.003247565104218466,0.004324622349529587,0.024169387777231727,0.0020456999069463676,0.001959560829404203,0.013493480826353425,0.008129745752015805,0.007739914428478402,0.002536645917986922,0.009856522745931016,0.027771144595843334,0.016142918188911653,0.015724344205864393,0.004874112920121678,0.00545272474378333,0.004477650704262835,0.00665560146949022,0.024165773849827543,0.010612055268251598,0.06884057405763223,-0.028567177575613684,-0.015470668315357119,-0.002939982675614761,-0.009221798924944563,-0.008398717878105907,-0.0037807372895169956,-0.004731903184878885,-0.02397070290397063,-0.013781580508158787,-0.0786235106038027,-0.004043598083988799,-0.003652372475975139,-0.011385026246982125,-0.00639338591176929,-0.004905553963726574,-0.012796567411607507,-0.006206047467404551,-0.007544843482621541,-0.005706171157894049,-0.019639459292101345,0.031814742679832045,0.019795290664886712,0.02710937045284632,0.011267498831890864,0.010358278707509981,0.017274218115870328,0.012861648936894607,0.03171061733244907,0.016318226426145742,0.0884800333497337,-0.15994732797006783,-0.15350179522882712,1.0374976410520365,0.10123937660431181,-0.4649241160522859,-0.6360209562422661,0.6822872450348125,-0.0761421024337352,0.5837197841107962,1.2251414338541284
2025-07-21,112.80148089590719,186.76016709138037,123.08639576829,283.5199890136719,366.489990234375,13.161853620457219,100.87058393765392,157.6199951171875,69.84228909257448,150.9013504656716,113.2298538515859,187.03594295971402,124.83967521116469,284.6000061035156,368.2799987792969,13.522318775957636,101.29603154113418,160.33999633789062,70.01056565898458,152.2889430411934,110.33086318862792,181.8454353439173,120.45151521243307,282.17999267578125,363.1300048828125,13.054687676187797,100.03948120450195,156.9199981689453,68.32785285742294,148.01712397981052,111.61598205566406,182.06211853027344,123.24488067626953,282.45001220703125,367.67999267578125,13.337214469909668,100.04937744140625,157.0,68.36744689941406,151.46630859375,2060800.0,4954800.0,10308000.0,2955600.0,2770400.0,18075400.0,2102000.0,39021100.0,1761500.0,5194000.0,-0.01725476731319808,-0.02357697239501565,0.0060461776701957745,3.5439697521669246e-05,0.005153553139833126,0.02365221272827478,-0.006996763539881121,6.366130554780608e-05,-0.017651347765270137,-0.0026792274612402424,-0.006689547903557537,0.001900352942894183,0.004759415127210861,0.003816481374840819,0.0019117875780268814,0.010416772993015072,0.0011777459865576954,0.0040048979043611896,0.003691550650309757,-0.006416127017748894,-0.031213127395182505,-0.009917942896487826,0.013204458698578283,0.00098806836166556,-0.0015813763363524387,0.01943260311510557,0.002651890269083279,-0.012420961516988016,-0.004383858699954893,-0.06540017832945028,-0.01056521940964054,-0.025477325337909775,0.0012867625429847972,-0.003781041677319338,0.0032417655618062896,0.01323543973525954,-0.008174509526438764,-0.003941236598813394,-0.021342898415579962,0.00373689955650874,0.0037903901158545454,0.0014755419382584474,0.014143802336420768,0.0038020784347267463,0.00487230592654503,0.02701879440991326,0.004208887115510892,0.01710949582803446,0.002406481411032033,0.009153342262987443,0.014355609525494929,0.026952867276168403,0.012857039793435892,0.007583120112046155,0.0016305403647386165,0.013783354674653702,0.012383396641949769,0.021050732426847844,0.0237493798266122,0.005416442706478733,-0.022145769047736186,-0.02666819488517317,-0.021639204843445458,-0.004737489437796924,-0.00921029885748983,-0.00817549042479281,-0.008273427946778015,-0.004450932274484287,-0.02192220206638356,-0.019298345504410022,-0.011580549638095768,-0.0011908695472634134,-0.022925967386430338,-0.0009564477604775854,-0.012452064419296199,-0.021410930160052456,-9.891842033919127e-05,-0.0005096956756708369,-0.0005793036508035929,-0.023035245060918783,0.025936159163590856,0.028143736823431673,0.03578300717986617,0.008539567872523716,0.014082604784034702,0.035194284834706185,0.012482315062288979,0.021560428102518698,0.024328683477415687,0.028451687767397506,0.16275535074858105,-0.18198945331579175,0.4010859329057972,-0.18312058123341934,-0.2919591041021139,0.03692304564575366,-0.04148625696848818,-0.265141487606126,0.26154756781382105,0.4163592405889265
2025-07-22,112.42291112907584,182.1507544449008,123.15573216852549,281.79998779296875,368.0,13.424895913312003,100.20767672389611,156.1999969482422,68.41693703899924,151.62488816316733,116.60702054651323,185.36158201636974,125.18636583268598,287.07000732421875,374.5,13.541803460805305,101.75115749922945,156.22999572753906,70.42628734504024,152.6953232620239,111.71559907719576,182.11134930514976,123.05667815811171,281.79998779296875,368.0,13.249535056621347,99.67339317506146,149.33999633789062,68.31794816434844,148.9884621242551,115.75027465820312,184.28802490234375,124.54251098632812,286.9599914550781,372.8699951171875,13.454123497009277,101.61264038085938,154.72000122070312,70.37679290771484,149.86065673828125,1692000.0,4432100.0,7098400.0,3614500.0,2449000.0,10987900.0,1970100.0,49028000.0,1668100.0,4927800.0,0.03637081774261924,0.012151947002095322,0.010473835363183474,0.015841216456980098,0.014016845590015087,0.008727430433224038,0.015504102067453684,-0.014628765753567412,0.028966773803264123,-0.010657307426335909,0.007203504277902655,0.00048672588452533847,-0.0007236062492270205,-0.0023040308431375527,0.0008699634286304303,0.006552678834549363,0.0015809611913176146,-0.005108587480224613,0.0007236226873236727,0.0010464149773026681,-0.003361715131737806,-0.024990599453384322,0.0005631562937578466,-0.0060850725204568265,0.004111728990436867,0.019788118569808905,-0.0065935483351210996,-0.009049824079038088,-0.020619275728256257,0.004783314533811286,0.02916731346471658,0.011665221117569912,0.01119744161241057,0.01814524730011763,0.013146882161384604,0.002174751598674711,0.01392314087613599,-0.009520178273342684,0.02824315111594029,-0.011703722403638511,0.036541730266934816,0.017473749585210915,0.016353883920359656,0.01852855782647203,0.017508864788343344,0.008670566485265756,0.01528540044480193,0.00019203520847756517,0.0289461817495757,0.0070349551122190065,0.0073744168022181955,0.0058085284676410946,0.0051564423079490445,0.00038331052635440547,0.004361982626958523,0.006495814886591139,0.0013622595686656814,0.00971221348182031,0.000703030633635453,0.018738677515857595,-0.006311404489480432,-0.00021635596730530722,-0.0008046224447133426,0.0,0.0,-0.013148425416264136,-0.005346027230990634,-0.044911656782487125,-0.0014478951994868817,-0.017540762136098734,-0.03547871795419702,-0.01188157708487515,-0.012002064057123884,-0.018145247300117583,-0.01314688216138464,-0.015323177014938875,-0.019269168107126696,-0.03539147850914449,-0.02969104631542724,-0.005837039732460243,0.04285313475641524,0.01769010555251631,0.017158506365072875,0.01852855782647203,0.017508864788343344,0.021818991901529895,0.020631427675792388,0.045103691990964694,0.03039407694906271,0.02457571724831775,-0.04220023310902121,-0.2858899442691403,0.009372553445389897,0.038709313985094695,-0.3927579787981248,-0.45012743233048624,-0.10176879631119995,-0.02263518700805278,0.19782557585995875,0.33731964202819853
2025-07-23,118.92820469393705,184.22893410174976,125.12693335053301,289.739990234375,373.489990234375,13.55154479420553,101.99850809822887,156.32000732421875,70.88160976942144,150.57427103034934,120.33287220947214,187.92237698659375,125.840134308203,291.0,373.989990234375,13.639225679371538,102.057877967958,159.4499969482422,71.33692991077008,151.29780036061715,117.0354013077998,183.95315823530737,122.08592916965534,285.7799987792969,369.260009765625,13.317729719828518,100.92994857512036,156.0,70.46588366885847,148.47305510614024,119.01786804199219,187.6761474609375,124.64156341552734,286.0400085449219,372.4599914550781,13.580771446228027,101.80062866210938,158.64999389648438,70.65394592285156,149.48402404785156,1939700.0,4344500.0,6439600.0,2953400.0,1994600.0,9254400.0,1687100.0,41510900.0,1820000.0,4976700.0,0.027838567632709338,0.018217971073988343,0.0007950141649633314,-0.0032111123932637296,-0.0011001937688071561,0.009369289279714768,0.0018483389569818529,0.0250834399628865,0.003930396652864839,-0.0025163827076050615,0.027084923319373,-0.0003206951520501197,0.004681577540765677,0.009641131962088337,0.0016613839754672432,0.007214909014662896,0.0037902460862143557,0.01028819555374031,0.007147454611286094,0.004750550406520325,0.05625223678408961,0.011344525965519697,0.01587901915317616,0.027786379262205937,0.01480826613685202,0.009389660613337616,0.01771338696235037,0.0007680172803975611,0.03539060572722641,-0.006953171997118124,0.0007536443133362621,0.018538666226038537,-0.003886563375802234,-0.01285224435535201,-0.0027615777442744753,0.0021543802650518334,-0.0019419071292323888,0.014795244409146296,-0.0032170579584214036,-0.007266933114125406,0.011741848463233019,0.019849797899370712,0.005683637173940173,0.004339331762774568,0.00133782867137355,0.006449334649561323,0.0005818967252033432,0.019825139168307974,0.006403127159792683,0.004793624745886726,0.0109882041498968,0.0013111316733322121,0.009570200549742556,0.017191576118126602,0.004099406415647942,0.004294954384509497,0.0025238038544358136,0.005029894759161563,0.00962018511821397,0.012060557860012068,-0.01604352482851983,-0.0014980409083172352,-0.024603554608692634,-0.013761655639372433,-0.011390174891712162,-0.01740433864871646,-0.01053148894906245,-0.0020492278989438797,-0.0058823441321097176,-0.014052962995940357,-0.016797169141856055,-0.020036707134355784,-0.02071699123289044,-0.00090941128402041,-0.00862859714743771,-0.019558718913768366,-0.00858958181983007,-0.016844472308090237,-0.002665286173688456,-0.006786029881814917,0.027785373291752905,0.021347838807688018,0.030287191782633022,0.018100987402146964,0.012728003563085512,0.02385367329827802,0.011113385674265959,0.02187436706725178,0.012285471291902382,0.018846587741826903,0.09456597189303295,-0.3090621383747969,-0.06655378501428189,-0.13756169583581723,-0.5541158257985614,-0.5909340286526827,-0.24889331870310727,-0.15716773920856042,0.25037986680323954,0.31662751783366794
2025-07-24,118.9780072633473,187.88296807610834,124.09675340766043,281.7799987792969,371.8999938964844,13.541803250374105,101.4642350503045,159.1199951171875,72.79197912952567,148.67128961293471,122.28544213562192,189.34065765937478,124.79014657737342,284.3999938964844,376.0,13.571030833617202,102.12713948398677,163.92999267578125,76.52362875617844,149.94985604921067,118.9780072633473,187.12459197293919,123.52222958178471,279.2699890136719,370.6099853515625,13.200823141091908,101.03878745656783,158.36000061035156,71.81205115916076,146.50068636480574,119.89452362060547,187.95191955566406,124.45335388183594,281.7099914550781,371.69000244140625,13.444380760192871,101.36528778076172,162.1199951171875,73.18791198730469,147.9774932861328,1602800.0,3462700.0,4708000.0,3952800.0,2692100.0,8090800.0,2409400.0,48440100.0,4191200.0,4860900.0,0.007338752979985016,0.0014683255511945055,-0.0015111474095834368,-0.015253548375896165,-0.0020694464685456194,-0.010093696640756182,-0.00428557658946823,0.021636292083972188,0.03523631127085254,-0.010129334755412387,-0.00033497033481329,0.0011014012309762463,-0.004380594723395298,-0.015005070760349421,-0.00150464204219598,-0.0028734899325015416,-0.003309907209479307,0.002958124301736052,0.029811813066123894,-0.0054517656447419394,0.0004186739785229374,0.01964006745701481,-0.0082671580991976,-0.02785731511570141,-0.004266219786470448,-0.0007191096674497487,-0.005251814338711751,0.017753368710882237,0.026594755107702525,-0.01271869875886739,0.007673723314798213,0.0003669243202184266,0.0028694473138118335,-0.00024847761554675624,-0.0005648044263495901,-0.007220206708254542,-0.0009756693799889149,0.0186781677822362,0.005424498204728577,-0.004677569110670488,0.027419338439025498,0.007728555368906251,0.00557196834164821,0.009255056175043661,0.01096415887058203,0.0021559970067429185,0.006512130269688074,0.029780858900060003,0.04999379343044112,0.00856318628301864,0.019745615124227223,0.00736163104868793,0.002702521027836414,0.009503533790590372,0.011528963296931732,0.009376203714997375,0.007487799649677104,0.011102691117823818,0.044569295225712534,0.01324075539368893,0.0,-0.004044596524458386,-0.004640394285500931,-0.00894760383595872,-0.0034747272869316897,-0.025502251290696998,-0.004201895008203994,-0.004787677767230525,-0.013553466928107605,-0.014707645389467288,-0.007673723314798283,-0.004411520844676783,-0.007509841599312779,-0.008699126220411978,-0.002909922860582163,-0.018282044582442338,-0.0032262256282150916,-0.023465845549466693,-0.018977965132836262,-0.01003007627879677,0.027419338439025498,0.01177315189336465,0.010212362627148999,0.018202660011002476,0.014438886157513849,0.02765824829743975,0.010714025277892038,0.03456853666729044,0.0635472603585488,0.02327083167248589,-0.09356642881146726,-0.5231448925045292,-0.37191464148744124,0.14278398749023857,-0.2380838227188935,-0.7158453896214549,0.10456389534722632,0.018799652241618503,1.0256209626266166,0.2573359126181778
2025-07-25,120.04396259247815,188.5133207622268,124.58213210695429,281.79998779296875,372.30999755859375,13.463864886589684,101.54338031477519,163.50999450683594,73.40567973365263,148.67128401289094,120.55203460379545,188.5133207622268,125.53307180992643,284.29998779296875,372.4100036621094,13.522319123977292,102.43385288295171,167.17999267578125,73.62343564397638,150.0588766142279,118.56956037159452,185.68661058790465,124.26515472507587,280.55999755859375,369.510009765625,13.31773068676854,100.92005329135998,162.36000061035156,70.76283209555213,147.8783674734305,119.72517395019531,187.41021728515625,125.34486389160156,283.1499938964844,370.739990234375,13.444380760192871,102.27555084228516,166.47000122070312,71.32703399658203,149.93003845214844,1972700.0,3786800.0,4741200.0,2632300.0,2053200.0,7837600.0,2023600.0,53432300.0,1924100.0,2818000.0,-0.0014134872910944961,-0.0028862934931569617,0.007137871541703495,0.00509862832657633,-0.002559198132919185,0.0,0.008939946724076667,0.026478348697191564,-0.025754856550040756,0.013108585165177813,0.0012456441945106736,0.002982488488118642,0.0010342159558947785,0.0003194134690422946,0.0016666539266200382,0.0014481902728139466,0.0017553964689281528,0.008537345309616126,0.0029710426489923196,0.0046775314433851545,0.008919367509308938,0.003349412808336884,0.003903663269706737,7.093585349563517e-05,0.0011018495002704306,-0.005772016435440699,0.0007797270889392302,0.027215513091852356,0.008395540853720945,-3.766728533414386e-08,-0.0026591314856051736,-0.005868781981275535,0.0061036555858087135,0.004779214857534147,-0.004225852059539386,-0.0014481902728138835,0.007184550255148519,0.01794100338757552,-0.028725899199032998,0.008431053721792696,0.00422345153258968,0.0,0.007604050214823335,0.008832419573292907,0.00026857370274145805,0.004332167066341544,0.008731153091563817,0.022196915509417124,0.002962080931778871,0.009290006593250268,0.006882583018194811,0.005868781981275603,0.0015003946290146162,0.004053204715758903,0.004494425762280883,0.0057803573391555264,0.001546602836415355,0.004255912121841404,0.03168798013081185,0.0008589528714577235,-0.012358234918789757,-0.015108308186413446,-0.0025475668820681054,-0.004409959016493576,-0.007549003969499568,-0.010913139940359012,-0.006157447611371389,-0.007058021221270171,-0.036667420741561374,-0.005347626780736289,-0.009699103433184477,-0.009239526205137927,-0.008651222467876847,-0.009189173874027658,-0.0033231519099602203,-0.009464949667545162,-0.013341997866519883,-0.02499902460884579,-0.007941521542528439,-0.01377868050252899,0.016581686451379248,0.015108308186413396,0.010151617096891564,0.013242378589786491,0.007817577672241094,0.015245307006700685,0.014888600702935203,0.029254936730687187,0.03962950167334025,0.014637633373986518,0.09998612285852992,-0.4129275872006648,-0.3303859974366681,-0.24765841326643212,-0.48776944409743095,-0.7301177928082012,-0.06692952935650709,0.12114349816225811,0.21274312357705405,-0.2892619297278678
2025-07-28,118.95808780926569,188.32618981180207,124.95854633079443,280.19000244140625,371.0299987792969,13.454123115273152,101.90946159146542,169.0800018310547,70.891513061668,149.26595719382837,120.31293379776814,188.32618981180207,125.79060911348469,280.989990234375,372.5899963378906,13.49309229666524,102.19639204935302,174.6999969482422,71.19835745054485,152.51690100222245,118.27069673233653,184.81002510617327,124.44345336855461,275.7099914550781,368.7200012207031,13.09365702602312,99.67338779633135,168.6699981689453,70.13924135961128,148.8199312966896,119.08759307861328,185.6767578125,125.15665435791016,277.0400085449219,369.4700012207031,13.161853790283203,99.81190490722656,173.66000366210938,70.30751037597656,150.70310974121094,1679100.0,3776900.0,8168400.0,3693900.0,2984200.0,10307000.0,1877600.0,68267800.0,1400300.0,3970300.0,-0.005339600511065951,-0.009292588926156472,-0.0015026621029785219,-0.021814840066240536,-0.0034314323623842774,-0.021238449904549785,-0.02438318584395331,0.04228426538151951,-0.014396787656148512,0.0051429657553845026,-0.006427671352270173,0.004875621972542185,-0.0030867966777606494,-0.01050881781832298,0.000781936621846934,0.0007243789878716466,-0.0035858620447519404,0.015556866189314773,-0.006124690560468729,-0.00443911254495599,-0.009086802837875357,-0.0009931600087333683,0.0030168589080480364,-0.005729602960788971,-0.0034439154376924015,-0.0007238112849422104,0.003598688210396519,0.03349786957689021,-0.03485058975950166,0.003991941176836614,0.0010880708412040775,-0.014168210898698547,0.0015841345747820458,-0.011306022247917503,-0.0042133689842313036,-0.021962828892421307,-0.02079732379920146,0.026727399192204668,-0.008272097095679795,0.009582078300340673,0.011324902277538086,0.0,0.006636639196087842,0.0028510935718203357,0.004195690964013471,0.0028922623700983353,0.002811586652565423,0.032698213143342786,0.004319025202283991,0.021545753721609495,0.010236831436334021,0.014168210898698692,0.005052504621305801,0.014157115819737921,0.008409059948244679,0.024855091262519623,0.02360891045176681,0.0059708139511380565,0.012591122297963794,0.011963675421268992,-0.005795190512383939,-0.018847105409921565,-0.004130630028960286,-0.016118395496792642,-0.00624536685898704,-0.02715769393266693,-0.022186069117516374,-0.002427854114023569,-0.010668294868846944,-0.0029926021139008692,-0.006883261353588073,-0.004678894511222871,-0.005714764603742391,-0.004812373248875054,-0.00203199787475575,-0.005194865040245673,-0.0013887453183148526,-0.029155253306228302,-0.00239619777316722,-0.012574680414241396,0.0171200927899219,0.018847105409921586,0.010767269225048214,0.018969489068612823,0.01044105782300041,0.03004995630276534,0.024997655770081673,0.035126067257366264,0.014987320071130966,0.024538355835510443,-0.059530276715776154,-0.31317143292278793,0.2212187251618154,0.0971020117006578,-0.08720092611594943,-0.4443206271964044,-0.050470482914937165,0.3613009752771852,-0.08652285260679271,0.05314642076705667
2025-07-29,119.2967959820643,186.29725658717197,124.81986904417421,277.45001220703125,370.45001220703125,13.142369019252165,100.45503004799377,175.2100067138672,70.63414993623046,151.05001646327133,120.05392182583732,189.58689453329475,126.89013344442638,278.9599914550781,376.1600036621094,13.23979243938853,100.99920983480655,182.30999755859375,70.99048873767684,151.74382787817456,118.41016487048975,185.0267188236131,124.28496830282681,276.5400085449219,369.7099914550781,12.889068870176486,99.5249800663926,174.67999267578125,69.98085961631512,149.8110891132654,119.3864517211914,188.33604431152344,126.80097198486328,278.8999938964844,370.70001220703125,13.083915710449219,99.75254821777344,177.44000244140625,70.91130065917969,150.44541931152344,1212200.0,6715500.0,5834100.0,3492600.0,4234200.0,11333500.0,2002800.0,108154800.0,1382700.0,3918100.0,0.0025064262174592277,0.014220536291747637,0.013052519947248762,0.006691341811393697,0.003323593488703733,-0.005939114029379538,-0.000594862364253626,0.021533151640798515,0.008551183202942524,-0.001711384700383724,0.001755173297897525,0.003336251061598762,-0.0026945371743106084,0.0014788498313329443,0.0026489662169057503,-0.0014814940350778073,0.006422701298251539,0.00888590709765741,0.004635111355021879,0.002299276095367469,0.002843244139101777,-0.010831959837099895,-0.0011104025995284975,-0.009827172416584578,-0.0015644027673253965,-0.023444322927499216,-0.014374622500949754,0.03561330628986217,-0.0036369857406577557,0.011881354395708033,0.0007512529195617024,0.010884285230148952,0.015747057121559296,0.005212491980060582,0.0006746272717979595,-0.004457619994301643,-0.00701756366250523,0.012647244543141234,0.0039160718479206436,-0.0040106607957511335,0.006326518474858369,0.01750391405302957,0.01644997071471308,0.005427590966904924,0.015296078712704058,0.007385586138119631,0.005402528243874416,0.03972322860589515,0.005032168932445658,0.004582739326610024,0.00557526555529652,0.006619628822880518,0.0007029135931537711,0.00021509898684451186,0.01462145144090614,0.01184320613242135,0.01242009190637981,0.02707598406275389,0.0011160970845250802,0.00859340012236106,-0.007459901217464124,-0.0068433109955742585,-0.004294589933814093,-0.003285273909260579,-0.001999624391679206,-0.019461709726451316,-0.009301496550103441,-0.0030296061299580923,-0.009291967087252087,-0.00823592235828401,-0.008211154137025913,-0.01772759622572331,-0.020041647055373462,-0.008497765889321197,-0.002674251663477103,-0.015004089732149617,-0.0022839328875982265,-0.015676850673099266,-0.013208038935172578,-0.004225261562532841,0.013786419692322496,0.024347225048603847,0.020744560648527248,0.008712864876165525,0.017295703104383327,0.026847295864570832,0.014704024793977848,0.04275283473585308,0.014324136019697696,0.012818661684893899,-0.3713980410222941,0.26057845595816786,-0.1160629305342269,0.035693482113083874,0.2672970079548982,-0.3114116168162404,0.027667100512797305,0.7752761456713024,-0.0974370057667695,0.013337551164964268
2025-07-30,119.78494770915188,188.87775446151795,126.76136021885658,278.5,370.67999267578125,13.03520354816078,99.65360313336699,175.61000061035156,70.89150813828294,151.1293045969586,120.00411633179051,189.79372111090933,128.47501661882373,278.69000244140625,370.7200012207031,13.05468767405295,99.65360313336699,180.3699951171875,70.95089542186594,151.14913166851358,116.78634457365717,185.1744526652911,125.87976662543919,272.3900146484375,363.4800109863281,12.587057503458144,97.07123655424152,173.8000030517578,69.60472828085157,145.20228058647368,117.60324096679688,186.45484924316406,127.33588409423828,274.0,364.0,12.742934226989746,97.54615020751953,179.50999450683594,70.10954284667969,145.3212127685547,979100.0,5008400.0,5359700.0,4272700.0,3295200.0,9419600.0,2508700.0,64820300.0,1453900.0,3529500.0,-0.01504913052232009,-0.010038722386013603,0.004209644422015298,-0.017725166361128954,-0.0182392754496223,-0.02640672775463,-0.022367000008871964,0.011598348720988517,-0.011370892859561091,-0.034653803207539045,0.0033323077730889536,0.002872167053021845,-0.0003124420412501315,-0.0014352133818603886,-5.4006126744798885e-05,-0.003730004697596905,-0.0009923975951248202,-0.010366906697737722,-0.00027915555683449085,0.004535436185600175,0.004083560692650848,0.013756452283170741,0.015434615080309183,0.003777278598200246,0.0006206211450532029,-0.008187624691898612,-0.008009961257630099,0.0022803378454034195,0.0036369162910859696,0.0005247753898491096,-0.01838143829540917,-0.012910889439035386,0.004522086463265444,-0.016289952979268458,-0.01818526932287762,-0.022676723057033117,-0.021374602413747185,0.021965255418726244,-0.011091737302726619,-0.03918923939313923,0.001828012336983712,0.0048378000189737355,0.01342819680455583,0.000682002361630184,0.00010792701723779099,0.00149361523575989,0.0,0.026744638947646057,0.000837370004491719,0.0001311841613867878,0.020209450632392996,0.01774868945800916,0.008906110341290468,0.016971955340898598,0.018293196340115368,0.024170338292793102,0.021374602413747053,0.0047793835289197195,0.011929107307218306,0.03932042355452604,-0.0253518819591463,-0.019801635877223594,-0.0069790471784909845,-0.022183142707925665,-0.01961483190707322,-0.034984558993655386,-0.026255097459466713,-0.010360400273059223,-0.018318153882551275,-0.0400079834289576,-0.006970443663737149,-0.006890746438188292,-0.011501133641756539,-0.005893189728657118,-0.001429562584195581,-0.012307835936622316,-0.004880495045719617,-0.03232565569178546,-0.0072264165798246426,-0.0008187440358183952,0.027179894296130155,0.024639435896197447,0.020407243983046896,0.022865145069555733,0.019722758924311006,0.03647817422941538,0.02625509745946673,0.03710503922070528,0.019155523887042947,0.04013916759034448,-0.5508769024398745,-0.024213903170592133,-0.20108153384520833,0.22824730333895182,0.03233188145114951,-0.4432356888991045,0.2530904550590396,0.2553504284966017,-0.0477753313067808,-0.08765955785458068
2025-07-31,116.12883726954857,194.0879547332497,126.33541701631128,271.0,362.260009765625,12.76241879259547,97.3185864384933,182.02000427246094,69.55256197159297,144.89503465629798,117.89213531079778,195.83126394550578,127.9302040100581,273.8800048828125,362.5,12.898810455906297,99.16879000502632,182.5,70.75603023901876,148.23517797076403,114.03678629840718,184.79032563942692,124.6217531150339,266.1300048828125,354.2699890136719,12.6357687273079,97.01187106624316,173.0,69.51277695594882,144.27061042889335,114.37549591064453,186.16921997070312,124.9981689453125,267.1000061035156,357.69000244140625,12.811129570007324,98.30799865722656,176.30999755859375,70.40792083740234,147.898193359375,2339500.0,10347900.0,6722600.0,4794100.0,4513100.0,15200000.0,3106200.0,71765300.0,2465000.0,4390400.0,-0.02782973490919011,-0.0015330696645897085,-0.018529263134016656,-0.02550496342110465,-0.01748717132510951,0.005337351072699037,0.007779792225009377,-0.017987090636665447,0.004246852047505123,0.01757760153574427,-0.01261635343637838,0.040122316670455634,-0.007887942080421543,-0.011009285508369368,-0.00479165461446763,0.0015278807849623864,-0.002335608549715035,0.013885708539592354,-0.007976162591803101,-0.0029369714644318615,-0.030997791731787523,0.027211427231420383,-0.0033658556171560308,-0.0272992384876378,-0.022976923937345118,-0.0211488422720707,-0.02371021096346218,0.03585096395831852,-0.019067899894529738,-0.04212621085757106,-0.01521338147281167,-0.04165538633504534,-0.010641321053595065,-0.014495677912735361,-0.012695516710641994,0.003809470287736573,0.010115400774724274,-0.03187279917625776,0.012223014639308126,0.02051457300017617,0.015069857989108391,0.008941958973960247,0.01254442421724619,0.010571251201452685,0.0006622612724563334,0.010630273894782315,0.018833354975803955,0.0026335784008561865,0.01715501186093215,0.022790471561235884,0.03028323946192011,0.050597345309005524,0.02318574527084114,0.025066929114188077,0.01335777798309839,0.006820803607045779,0.008717954201079577,0.0345063775771139,0.004931997221623957,0.0022758985610596932,-0.018179157719437816,-0.0490896238323827,-0.013657235107943099,-0.018133891331624682,-0.022302909752146268,-0.009973240410390835,-0.0031566397864132736,-0.05082500012391108,-0.0005721773237872916,-0.004318806252300898,-0.0029657762466260445,-0.007434237497337398,-0.003015914054347981,-0.0036382134188893164,-0.009607393041504297,-0.013782710698127526,-0.013272040561137559,-0.018952200947653326,-0.012795191963095398,-0.024833379252477063,0.033249015708546076,0.05803158280634285,0.026201659325189218,0.028705142533077408,0.022965171024602674,0.020603514305173296,0.02198999476221704,0.053458578524767195,0.01772718918471955,0.027109277813536732,0.29684934709833577,0.6615454699331718,0.0033698383017313205,0.3155708182844066,0.36816448049337325,0.05017990941767536,0.44391438412131023,0.3269321601783197,0.4402617702841152,0.10925672807804432
2025-08-01,113.02064364407691,187.05564216794818,124.28496596705341,264.6300048828125,355.95001220703125,12.994795255543883,98.35748416989613,170.16000366210938,70.11948648683791,145.20228117886901,113.88735385153223,194.0879567413791,126.56323846256393,265.1099853515625,356.2900085449219,13.587263507888169,98.35748416989613,174.39999389648438,70.40792216453282,145.42033359599003,110.76920212212426,186.92759800685974,124.28496596705341,254.1999969482422,347.4599914550781,12.836803972706027,95.9235231749902,166.82000732421875,69.1746170091811,142.97221201400583,113.0704574584961,192.2757110595703,126.08777618408203,255.3699951171875,347.79998779296875,13.063916206359863,97.05145263671875,171.6999969482422,70.02997589111328,143.13079833984375,1888600.0,8082000.0,5453300.0,6042400.0,4307900.0,19650900.0,2768300.0,75396100.0,1263000.0,4074400.0,-0.011475717679060046,0.03227429217614065,0.00867921203707987,-0.04490968819180853,-0.028039129489296318,0.019539650771729904,-0.01286411627880337,-0.026495045315781292,-0.00538239132768591,-0.032765268451305535,-0.011916370274251086,0.004750079396528727,-0.005722047137064303,-0.00929050057671049,-0.004876390467519193,0.014234621547641543,0.0005032455416434032,-0.03550460303188644,-0.004105032051714618,-0.018396341491769084,-0.02712975174706285,-0.03690530693851655,-0.01636336819065941,-0.02378617848944588,-0.017571907178161202,0.018044091835378247,0.010618646316367594,-0.06737740220814424,0.008117982587593461,0.0021182315084070902,0.00044065259519119097,0.027524212779611944,0.014401259174144239,-0.03561918761509805,-0.023162739021777103,0.005305029224088423,-0.013367361820446684,0.009009557716105053,-0.0012773592759714228,-0.014368926959536468,0.007639346625858482,0.03690531728500813,0.018165050429325966,0.0018121365535793148,0.0009547241205489529,0.04458393483670535,0.0,0.024612284064110285,0.004105050900878809,0.00150058837098309,0.007198694030667408,0.009381104505396264,0.0037637912551818494,0.037431324168677185,0.024117463142326132,0.03927890561261671,0.013367361820446715,0.015602726348005169,0.005382410176850296,0.015869515330519543,-0.020121712654041893,-0.0006847588465828754,0.0,-0.04021129564024297,-0.024140779970892864,-0.012232556840809764,-0.025057398851479673,-0.019823761695161073,-0.013566747570154903,-0.015477523068913061,-0.02056236524923292,-0.02820897162619482,-0.014401259174144178,-0.004592108025144952,-0.0009780409491157401,-0.01753758606489831,-0.011690037031032966,-0.028833319411266205,-0.012289388294183558,-0.0011085961093765726,0.02776105927990025,0.03759007613159109,0.018165050429325966,0.04202343219382225,0.02509550409144193,0.056816491677514985,0.02505739885147958,0.04443604575927135,0.017671798471033878,0.01697811143989621,0.048127621354272065,0.375419622330071,-0.23389504225517221,0.481046834867044,0.3012139455120124,0.289472023647555,0.2775803602143849,0.3278995507821847,-0.2609738610637198,0.022213347272723283
2025-08-04,112.741702248101,191.87187844562334,126.24626231982378,258.0799865722656,351.1600036621094,13.17253656214158,97.02176572298804,174.61000061035156,70.05981637685436,144.10210742877112,114.59466361936916,194.39326619029416,128.90095822275404,259.1400146484375,351.2099914550781,13.38977505749165,97.65498897804903,177.86000061035156,70.20900071077152,146.86738642960785,111.58609626201553,190.79832140301303,126.24626231982378,256.6099853515625,338.0400085449219,13.004670580512304,96.59631814081112,173.55999755859375,69.51278185843687,143.71556272707085,114.40538024902344,194.2159881591797,128.7028350830078,258.7799987792969,338.8500061035156,13.261406898498535,97.51647186279297,176.77999877929688,69.9603500366211,146.5601348876953,1343200.0,4217500.0,5671400.0,3470600.0,6449300.0,9850700.0,2033500.0,52951000.0,1111300.0,3641300.0,0.01173696625062359,0.01004054371080017,0.02052784218186231,0.013264820395503387,-0.02607001722777212,0.015004138511969599,0.004780028493316297,0.02915726459794046,-0.0009947238821233857,0.02367693537755909,-0.0029117603152754384,-0.002102487552908578,0.0012561615350951839,0.010556107572391376,0.009614403664279276,0.008280157179235203,-0.00030593519511007395,0.016806168899898406,0.00042601942239030587,0.006763241758449254,-0.002471107720084296,0.025421725226703343,0.01565742070923941,-0.025063080042706666,-0.013548335357497656,0.013585186403323625,-0.013673297015556737,0.02581572661600347,-0.0008513398535809682,-0.0076056852010872745,0.014648726565898808,0.012143031263708888,0.0192716806467672,0.0027087128231119578,-0.03568442089205143,0.0067239813327343734,0.005085963688426558,0.012351095698041901,-0.0014207433045137928,0.016913693619109944,0.016301856497710168,0.013055402965760675,0.0208098814338602,0.004098950380233235,0.00014234034312593491,0.016357261531583216,0.006505404193882004,0.01844180837358514,0.0021271212414157308,0.019007918815355553,0.0016531299318111646,0.0009123717020519844,0.0015382007870929767,0.0013902375571213433,0.03582676123517719,0.009633280198848754,0.0014194405054555946,0.006090712675543162,0.0035478645459295333,0.002094225196245708,-0.010302924702735977,-0.005610888224462438,0.0,-0.00571219684846686,-0.03807771353249053,-0.01282553037765032,-0.004394716221003649,-0.00603157216604073,-0.007838749531371656,-0.002686040324730003,-0.024951651268634852,-0.017753919488171167,-0.019271680646767167,-0.008420909671578825,-0.002393292640439072,-0.019549511710384736,-0.00948067990943008,-0.018382667864082613,-0.006418006226857931,-0.019599733943839844,0.026604781200446202,0.018666291190223172,0.0208098814338602,0.009811147228700192,0.038220053875616375,0.029182791909233615,0.010900120414885745,0.024473380539625788,0.009965870772787452,0.02169395914008569,-0.28848771003923623,-0.2268218868259808,-0.17199551151989034,-0.0850033243468058,0.6748147354285869,-0.3924336834949358,-0.04081325577296546,-0.04288053874403985,-0.36119144373130396,-0.08703334367290694
2025-08-05,114.37550112978894,194.57056291144426,128.68304130104983,255.74000549316406,339.30999755859375,13.300904404646058,98.05075228249156,177.57000732421875,70.12943714264514,147.1449317898474,114.99315748681461,196.87526753124024,130.23820524611045,255.8000030517578,342.739990234375,13.310778153793377,98.54545840656932,177.99000549316406,70.4377615454408,149.8804779644576,113.81762287216657,193.51669338891094,128.02927118238392,245.74000549316406,337.3500061035156,12.510947029017132,97.58572731807982,171.8000030517578,69.36358882908551,146.68899986559984,114.4552001953125,195.55548095703125,129.45567321777344,247.07000732421875,338.739990234375,12.57019329071045,97.8726577758789,174.30999755859375,69.94046020507812,148.76048278808594,1271000.0,4153400.0,5355400.0,10175900.0,3909000.0,9892100.0,2985500.0,88808500.0,1132600.0,3743900.0,0.0004353737719206406,0.006873248440650055,0.005832387813299247,-0.046306548239084644,-0.000324726960852351,-0.05352968044322992,0.003645917337376663,-0.014070705506934258,-0.00028434190827939665,0.014901693184035173,-0.0002612029398986833,0.0018240077985935436,-0.00015380627931174337,-0.011816950308151284,0.001356587009374533,0.0029739531931329347,0.005463919133197913,0.004458923890089058,0.0024139830824067886,0.003982210328043027,0.014387523626000343,0.013967039062302247,0.019117874367455424,-0.009108237485039231,-0.034327833882676836,0.009697934525867454,0.010549882821624482,0.016810019588131032,0.0009932397778928642,0.020895903947153013,0.000696576711819446,0.005049240642056409,0.005986194092610761,-0.034489597930933424,-0.0016813139702269186,-0.05650363363636297,-0.0018180017958213906,-0.018529629397023288,-0.0026983249906861314,0.010919482855992153,0.005385721429670175,0.011775479883691285,0.0120127851036494,0.000234576212482575,0.010057977135957403,0.0007420612791935589,0.005032723331906067,0.0023624611831869168,0.004386868346789737,0.018420131289681167,0.004689144717850587,0.006726239241634868,0.006026591011038499,0.03472417414341604,0.011739291106184366,0.057245694915556616,0.0068507251277274556,0.02089209058021007,0.007085193337475773,0.007500648433688988,-0.004889537066653622,-0.005431109091666597,-0.005093417808690594,-0.039887236069523324,-0.0057931514379713335,-0.06122800989156808,-0.00475397882000387,-0.03303391130409235,-0.010980563411639947,-0.0031033331486930073,-0.005586113778472976,-0.010480349733723087,-0.011079611901301438,-0.005397638138589886,-0.004111837467744372,-0.0047243762552051614,-0.002935977024182472,-0.01450428190706899,-0.00828223842095386,-0.014022816004685135,0.010275258496323563,0.017206588975357824,0.017106202912340083,0.0401218122820058,0.015851128573928553,0.0619700711707617,0.009786702151909996,0.035396372487279185,0.01536743175842955,0.021523464438374253,-0.3231906710203045,-0.2152802029780041,-0.2349821680050841,0.9277617313861324,0.17148797429654294,-0.3538586183240682,0.33298808103947053,0.42925945516197217,-0.3392991222488764,-0.06628606348380828
2025-08-06,114.64448028868905,194.2553984090718,128.85142701014504,247.6999969482422,341.6499938964844,12.609692028250613,100.42534695811536,165.0500030517578,70.15927235744616,148.9388929947903,114.64448028868905,195.06303848875078,130.4759369938274,248.08999633789062,345.6600036621094,12.945423041129754,101.51369896222381,166.17999267578125,70.8753874848261,150.04896704929706,112.13401300032655,191.73401040297023,128.5839728641141,244.0,339.19000244140625,12.530695443317601,96.43801665612847,157.8000030517578,69.98024357560116,147.32332690761555,112.80148315429688,193.3394317626953,129.69338989257812,247.5399932861328,345.6199951171875,12.678812980651855,101.22676849365234,163.1199951171875,70.17916107177734,149.48402404785156,1058700.0,4057200.0,5170100.0,8064700.0,3347200.0,8651300.0,3640300.0,133641800.0,1020600.0,2636900.0,-0.01455399425202374,-0.011396771251164168,0.001834594643143977,0.0019004310579473812,0.020107068864444334,0.00860393148504699,0.03369600942884407,-0.06634921288832546,0.0034071045216148496,0.004852010096739687,0.0016523823694880775,-0.0066703493268929605,-0.00467851878068399,0.0025465972433593087,0.008553980728257079,0.003137327230689872,0.025747411882668866,-0.05458683243155625,0.003123665210253627,0.0011985932291208596,0.0023489590813076137,-0.001621108684836571,0.001307675311926874,-0.03194300068757411,0.006872666758030003,-0.05336630640567305,0.02392941008684741,-0.07311646182857957,0.0004253402195676823,0.012118076085113078,-0.016206376621511975,-0.004726421924271164,0.00651311342382777,-0.0006461661854118752,0.01155308813618711,0.0054666042543571386,0.007948597546175148,-0.011762380456769176,0.00028343931136122095,0.003653416867618778,0.0,0.004149000723868867,0.012528806899698512,0.0015732446211915929,0.011668840204921137,0.02627656569650486,0.010779119382712976,0.006823017373724998,0.010155252368918873,0.007425580122606746,0.01620637662151195,0.008875422648139938,0.006015693475870566,0.0022194108066035745,0.00011575206873399625,0.020809961442147962,0.0028305218365376464,0.018585397830494198,0.009871813057557592,0.0037721632549880184,-0.022141163478180695,-0.013064730857839008,-0.0020778357785072223,-0.015050098881733164,-0.007226373813117879,-0.0062844572316761455,-0.04051414760883777,-0.04492004903792393,-0.0025550092426927734,-0.010906433510242076,-0.0059347868566687915,-0.008338308933567793,-0.00859094920233511,-0.014403932696321335,-0.018779461949305125,-0.011751061486033271,-0.04846274515501305,-0.03315766858115478,-0.0028384485540538774,-0.014559850377860855,0.022141163478180598,0.017213731581707838,0.014606642678205644,0.01662334350292482,0.018895214018039116,0.032561022928181034,0.051293266991550734,0.05174306641164884,0.012710261611611574,0.018332013632848882,-0.479229911038896,-0.22265342886522888,-0.2758886295954497,0.6486644019571912,0.0335846605599226,-0.383244727872853,0.4928934272129464,0.7737456163240033,-0.42957583733094395,-0.41282077531519334
2025-08-07,114.06667373067275,194.07811001199863,129.92123516873116,248.1999969482422,344.0400085449219,12.93554893829519,101.38508090392173,166.83999633789062,70.88533151348274,150.63373839505533,114.48508241280868,196.8161810628267,131.24857562679352,251.3300018310547,347.3800048828125,13.08366552987702,102.68120861817742,175.75,71.18371536055112,151.12930933409228,112.73174862085207,193.53640206410304,129.49528853536836,239.82000732421875,332.6499938964844,12.659063252845701,100.41545351595256,166.6999969482422,70.00013571225402,148.65145463890755,113.54864501953125,195.86080932617188,130.81272888183594,241.72000122070312,338.2699890136719,12.688687324523926,101.19709014892578,172.39999389648438,70.23884582519531,150.3958740234375,1157400.0,4683300.0,4690600.0,7246300.0,4661800.0,6860200.0,3676000.0,95448300.0,861200.0,2293900.0,0.006601848074725154,0.01295689247580675,0.00859362446571111,-0.02379212144609461,-0.02149553080922061,0.0007785035381484521,-0.0002932297125272782,0.05533122649403767,0.0008501011847595695,0.006081453220279811,0.011153647210213403,0.00381334898286504,0.0017552580837629905,0.002662702485424281,-0.004581936977875076,0.02004692183749193,0.0015627165238141587,0.02254915104658431,0.010012106204251756,0.0076617922388351484,-0.005052729411298476,-0.0009130729414062758,0.008268371507591077,0.002016536300012389,0.006971151158312175,0.02551352609184898,0.009511314069989316,0.010786770589815087,0.01029554551561293,0.011315209106453996,-0.004551799135488386,0.009143543492941884,0.006838366381947835,-0.0264548239315189,-0.01691359383134542,-0.019268418299343407,-0.0018559462363413766,0.032782075447453304,-0.009162005019492192,-0.0015803390185554372,0.0036613951834955404,0.014009495128021554,0.010164665528898309,0.012531963462940506,0.009661341161699824,0.011385293105299402,0.012703177452769445,0.05202728331185851,0.00420055307434564,0.0032845067564357673,0.008213194318983943,0.004865951635079778,0.0033262991469503343,0.038986787394459356,0.026574934993045266,0.030653711404642903,0.014559123689110874,0.019245207864405103,0.013362558093837736,0.004864845774991192,-0.011772044198703533,-0.0027950878189222602,-0.003283885005174897,-0.03434618798317728,-0.033667086680543884,-0.021605831639071232,-0.009609834312364795,-0.0008394759290531886,-0.01256634154374005,-0.013246981743272077,-0.007220245063215156,-0.01193863131186408,-0.010122251387122864,-0.00789136405165845,-0.01675349284919845,-0.002337413339727849,-0.007753888076023391,-0.03362155137650658,-0.003404336524247764,-0.011666642724716592,0.015433439382199132,0.016804582946943782,0.013448550534073124,0.046878151446117636,0.043328427842243555,0.03299112474437073,0.022313011765134273,0.052866759240911644,0.016766894618085497,0.016531488499707897,-0.356426369610654,-0.06634571454021554,-0.3714761019457917,0.5250403338716421,0.357487222773635,-0.5331843673454824,0.47522397671139593,0.41486485335379086,-0.5687935498220629,-0.5238297094874138
2025-08-08,113.87739391087585,196.07749850532932,130.5551916135241,242.66000366210938,338.67999267578125,12.698561163931375,101.48401916052939,174.0399932861328,70.12943558265913,151.05001038883447,114.56478505336283,197.30864613883026,133.4377111651629,242.9199981689453,341.57000732421875,12.965172160722595,102.70099960913967,176.47999572753906,70.5471668780997,152.3285918318527,112.96087745457405,194.16675497355067,130.50566082557003,238.02999877929688,336.3699951171875,12.639314903557102,100.41545206642525,170.52000427246094,69.90067363236581,150.07869562010598,114.18622589111328,195.0630340576172,133.0117645263672,239.1999969482422,341.04998779296875,12.955297470092773,102.42395782470703,172.75999450683594,70.44770812988281,151.94204711914062,1129700.0,4101700.0,4985400.0,3810900.0,3507800.0,6522000.0,2014600.0,68866700.0,1357300.0,2376400.0,0.005599340451030197,-0.004081492544085345,0.016670829496692862,-0.010480027225136801,0.008184697619296166,0.020793940896481535,0.012050645401343357,0.002085993469626515,0.002969188629067525,0.010228201407132896,0.002891042044857341,0.0011057311668975656,-0.0019706883015455207,0.0038812651718229813,0.0012113264593632666,0.0007778582156940943,0.0028313364206548016,0.009467796449534039,-0.0015589029600709438,0.004339998825498738,-0.0016607570906311817,0.01024927465983952,0.0048676780804024775,-0.02257355875969599,-0.015702267371982107,-0.01849056008364924,0.0009753901843135119,0.04224987189698734,-0.010720907979563066,0.00275965980694325,0.0027082984061727834,-0.005187223710983016,0.018641517798238357,-0.014361292396959774,0.006973371159932784,0.020016082680787268,0.009219308980688387,-0.007381802979907467,0.004528091589138432,0.005888202581634253,0.0060180936833292495,0.0062592527458175135,0.021838724327020873,0.0010708617764369356,0.008496970338291351,0.020778004918167736,0.01192051078812531,0.01392241201996812,0.005938905488694923,0.008428999301254736,0.003309795277156435,0.011446476456800688,0.003197206528782327,0.01543215417339673,0.0015235991783584587,0.0007619222373803881,0.002701201807436985,0.021304214999875552,0.0014108138995563816,0.0025407967196205373,-0.008080836078935847,-0.009792630046673911,-0.00037945780139477425,-0.01926459069565374,-0.006843957090588874,-0.004676506285792178,-0.010585238931979607,-0.020432502323411053,-0.003267328078036006,-0.006451182620624453,-0.010789134485108761,-0.00460540633569088,-0.01902097559963325,-0.0049032982986940265,-0.013817328250521678,-0.02469258896657959,-0.01980454791266796,-0.013050699343503593,-0.007795419667174589,-0.012339385202258695,0.01409892976226518,0.016051882792491468,0.02221818212841567,0.020335452472090808,0.015340927428880175,0.02545451120395987,0.022505749720104818,0.034354914343379145,0.009206233566731087,0.014880181921879107,-0.3705352219209157,-0.18913544384079728,-0.31388500283427767,-0.10324153564536331,0.07365425740989551,-0.5252861529037283,-0.14626307801006533,0.07249455423563234,-0.1254381484568068,-0.4879752217722739
2025-08-11,114.60462642028492,195.19105035076416,132.8136504938512,238.0,334.5299987792969,12.984921321070901,102.84939810932599,170.0399932861328,70.47754319991348,152.38805578992998,115.23223941836537,196.42219790327022,133.08110464499046,241.82000732421875,343.3999938964844,13.113289481277297,103.24516451035764,178.82000732421875,70.74608257207889,154.23158019174824,113.29958661135478,193.92051268918684,129.31699165051376,236.9600067138672,332.4700012207031,12.550445267966655,102.18649372805231,169.3800048828125,69.15471987650488,151.80328574209693,113.69806671142578,195.6441192626953,130.1193389892578,238.61000061035156,333.6499938964844,12.639315605163574,103.06707000732422,172.27999877929688,70.14932250976562,153.93423461914062,1082300.0,6067800.0,7125600.0,4675000.0,4366200.0,6236900.0,2013000.0,70651000.0,1100700.0,3354500.0,-0.004284278839881925,0.0029745328622007043,-0.021985557811831508,-0.0024695868264119655,-0.021936537251783197,-0.024692533456731242,0.006259293061065078,-0.0027822631956624347,-0.004244557182216741,0.013026284083268988,0.003657497591067342,0.0006560664082878733,-0.0014905577721460088,-0.005029335646817075,-0.0193025003118596,0.0022840103312046327,0.004145115588352342,-0.015869652289453168,0.00042341695607973776,0.0029310869075457246,0.006365795997240129,-0.004531157302695181,0.017150960026092323,-0.019390628043776784,-0.01232912915192673,0.022300093011992088,0.013364424569040505,-0.02325145526936062,0.004951508545218163,0.008819289489179856,-0.00794177643094912,0.0023184664539127836,-0.020495000039685428,0.0025597488204052526,-0.0026340369399236803,-0.026976543787935858,0.002114177472712868,0.013087389093790617,-0.004667974138296466,0.010095197175723252,0.005461391546246601,0.006287589166020878,0.0020117301012559947,0.015923004362520424,0.0261693726932256,0.009837394326028122,0.003840633954426055,0.05034609025923924,0.0038030420810588636,0.012024974267107106,0.013403167977195658,0.003969122712108013,0.022506730140941504,0.0133632555421154,0.028803409633149306,0.03681393811396401,0.0017264564817132198,0.037258701165448556,0.008471016219355386,0.0019297770913838388,-0.01145265421802915,-0.00653047761956758,-0.026680331868908606,-0.004379294818650869,-0.006176923863323787,-0.03403264141197044,-0.006466250227051299,-0.0038889236855276983,-0.018947811496380196,-0.003844756167182623,-0.0035108777870799988,-0.008848944073480471,-0.006185331829223094,-0.0069390436390560336,-0.0035428869234000924,-0.00705609762403462,-0.00858042769976411,-0.01697631277931847,-0.014279837358083775,-0.013939953342905941,0.01691404576427562,0.012818066785588568,0.028692061970164568,0.02030229918117146,0.03234629655654943,0.043870035737998504,0.01030688418147726,0.054235013944766916,0.022750853577439074,0.01586973043428976,-0.38198358697738755,0.18252586651622238,0.024385268720482856,0.09672946133938964,0.27207672741823963,-0.5234127857134308,-0.1461737500231841,0.07520592846032059,-0.34703784538625015,-0.14949294959646764
2025-08-12,114.0766289459878,195.1024113338613,130.49576329541878,238.92999267578125,333.5199890136719,12.708436518550027,103.40347867424191,173.32000732421875,70.34824726465979,154.4099867336245,116.92580563209273,197.0033109698321,130.64434054754588,242.4199981689453,338.760009765625,12.896051883509834,103.69040913899448,175.16000366210938,71.03451791845545,157.05634886034886,113.96704464263604,194.0781031827852,128.3957757390829,236.6699981689453,330.0400085449219,12.599817741053872,102.41406640210882,168.5,69.97029340930695,154.2315884546767,116.87599182128906,195.6441192626953,129.78256225585938,237.8699951171875,338.42999267578125,12.747934341430664,102.45364379882812,174.9499969482422,70.94500732421875,156.45175170898438,917400.0,3049800.0,5657500.0,4832300.0,3569400.0,5914900.0,3231300.0,52243500.0,946100.0,2748200.0,0.027567076549909697,0.0,-0.0025915695135299488,-0.0031061370666941117,0.014224733586737641,0.008557003950492323,-0.005969500774415822,0.015379148269763606,0.011278883432190663,0.016222203383018004,0.0033240091225381213,-0.0027726837397684663,0.0028887394830689967,0.0013401688563140423,-0.00038972042444379785,0.005453823627264639,0.0032586629594990022,0.006018586029733333,0.0028317199811926015,0.003085853141176401,-0.004617767308410975,-0.00045421728585565396,-0.017606260556616505,0.0038999176767190937,-0.0030237573643674335,-0.021522720160671242,0.005372840432211886,0.019105975123523935,-0.0018362541571039345,0.013181050316899756,0.0242430674273715,0.0027726837397685374,-0.005480308996598793,-0.004446305923008066,0.014614454011181258,0.0031031803232277983,-0.00922816373391494,0.00936056224003041,0.00844716345099828,0.013136350241841536,0.024669187432435624,0.0096959285210476,0.0011379123005057382,0.014501160140939438,0.015589120248956843,0.014655143262233317,0.002771019959914839,0.01056022371035502,0.009708058019321043,0.016993334477858352,0.00042612000506429,0.0069232447812791805,0.00661822129710465,0.01894746606394742,0.00097466623777557,0.011551962939005584,0.011999183693829636,0.0011996614703246248,0.0012608945683228357,0.0038569842360168,-0.0009610817968535005,-0.0052639352592525265,-0.01622326958019542,-0.009503833309827764,-0.010488915505296691,-0.008583716861875436,-0.009614534013280504,-0.028203889337650154,-0.005387096638562034,-0.001156022474978511,-0.025204149224225092,-0.008036618999021042,-0.010742960583596655,-0.0050575273868196545,-0.025103369516478007,-0.011686897185103188,-0.0003863702793655013,-0.03756445157768046,-0.013834260089560213,-0.014292372716820101,0.02563026922928926,0.014959863780300179,0.017361181880701286,0.02400499345076717,0.026078035754253565,0.02323886012410862,0.012385553973195153,0.03876411304800513,0.015095154657883005,0.018149356952836936,-0.47427973196887585,-0.46582520738083844,-0.2116628859477494,0.11999879908654343,0.05378557249505178,-0.5134454796535284,0.29484814000410786,-0.1975980694437034,-0.48656313288951303,-0.3434940645868778
2025-08-13,117.61319119151419,196.7472408989678,129.88159739754983,238.75,339.5400085449219,12.767683595536035,102.98791725904658,179.91000366210938,71.11408939072798,156.98695005744557,119.94433924915005,198.67768705285786,130.40659046220262,246.72999572753906,351.760009765625,13.113289306846163,104.72928492893733,186.64999389648438,73.41161908127623,159.0485268288924,117.41395114579376,196.2055479485757,127.11795494616395,237.30999755859375,337.54998779296875,12.678813259521256,102.70099434994226,179.3800048828125,70.91517189625011,155.2326248260986,119.83475494384766,198.43145751953125,128.17784118652344,245.67999267578125,351.07000732421875,12.886177062988281,104.58087158203125,184.4199981689453,73.24253845214844,158.78091430664062,983500.0,3558500.0,6723700.0,5278400.0,4375100.0,6164500.0,2447500.0,108305100.0,1250200.0,3132000.0,0.02500027790931883,0.014146447559178791,-0.012441768181845876,0.03230556089535395,0.03666840000111207,0.010785945305315998,0.02055022218412089,0.05271555381217736,0.031871346376926055,0.014777687946056361,0.006287725425510963,0.005622573045077233,0.0007627941154809393,0.003692693935653937,0.003274530905474131,0.0015480133068300158,0.005201232525042673,0.027956544833660606,0.002380448000326513,0.003415014582328035,0.03053079285288257,0.008395256784845909,-0.004717514881117918,-0.000753611987354218,0.01788898491665539,0.004651193630057556,-0.0040269312088721644,0.03731710707369089,0.010827611451324692,0.01655136482416967,0.01871255248380803,0.008523874514101606,-0.013204562297326793,0.028612866959700105,0.033393869095637886,0.009237931998486156,0.015348989659078292,0.024759008978516822,0.02949089837659941,0.011362673363728256,0.01962659641495889,0.009763984787299075,0.004033942384326078,0.03287762465330614,0.035357367086077326,0.026708907554782134,0.016767108820158465,0.03677842645650996,0.03179674100509498,0.013046674597460941,0.0009140439311508978,0.001240110273197334,0.01723850468165269,0.0042647576936062,0.0019634979904392634,0.017470975556295905,0.0014181191610802848,0.012019417477993248,0.0023058426284955267,0.0016840012337327316,-0.0016954645447923521,-0.0027570400765458574,-0.021507811671609228,-0.006049686344748418,-0.005878174224403732,-0.006984906240307311,-0.0027898742130802482,-0.0029502582934053264,-0.002801079478060245,-0.011237884074239804,-0.02040801702860029,-0.01128091459064736,-0.00830324937428249,-0.03466255330444851,-0.03927204332004166,-0.016222838238793506,-0.01813886387215856,-0.0277092672719221,-0.0322919778546598,-0.022600557437968138,0.021322060959751216,0.012521024863844824,0.02554175405593519,0.038927310998054604,0.041235541310480905,0.033693813795089365,0.019556983033238728,0.03972868474991521,0.034597820483155274,0.024284558671700957,-0.3633539572146738,-0.283780641761032,-0.01969694431759983,0.18290554870809572,0.24746894970436273,-0.43510527997919723,-0.004013533083828236,0.5014838463004949,-0.19216386428247922,-0.21177893306159667
2025-08-14,118.77877367481294,198.7564788813675,127.8806977760735,244.5399932861328,349.5,12.668938596401803,104.79855043214913,179.8300018310547,72.10869709987259,158.18625562499963,118.95809276319596,201.96730653029041,128.91086865775773,246.6699981689453,351.55999755859375,12.866427709257557,104.79855043214913,185.44000244140625,72.78502725206212,158.65209353476752,117.70285914451473,197.83065344743093,127.31607398899081,242.35000610351562,346.1000061035156,12.471449483546051,103.83881928029469,179.55999755859375,71.8202614008871,155.2425629286473,118.42013549804688,201.59303283691406,128.05899047851562,246.16000366210938,348.5799865722656,12.777557373046875,104.18511962890625,180.9499969482422,72.12858581542969,155.2623748779297,926300.0,4635400.0,9688300.0,4928200.0,3745600.0,5770600.0,2575000.0,66308800.0,908700.0,6344900.0,-0.011874980334744469,0.015807237931206194,-0.0009276630198607768,0.0019518995701940662,-0.00711793407200334,-0.008464889535140931,-0.0037913495860619887,-0.018995022037722343,-0.015325938303349267,-0.022408927608499236,-0.008851033459891291,0.0016366128202630506,-0.002320903220304965,-0.004650979059583877,-0.004482092970431607,-0.01700197349900247,0.0020792771940030437,-0.02520378482302643,-0.01560171603960672,-0.0037521827856570535,0.00986151902391668,0.010160487334364778,-0.015525465517631783,0.02396188790011607,0.028911776125206297,-0.007764041500516264,0.017428266853081298,-0.0004447758445096049,0.01388918233699272,0.007610490578071257,-0.0030239468748531396,0.014170625110943028,0.001393240200444125,0.006602878629777953,-0.002635841101571696,0.008537083963861627,-0.005870626780065093,0.006208762785303957,0.00027577773625753237,-0.0186567448228421,0.0015085512405082465,0.016025484293937586,0.008023444246855742,0.008672536268262466,0.005876825078085621,0.015468197962350773,0.0,0.030719422397671517,0.009335601900639149,0.0029405420566670955,0.004532498115361444,0.0018548591829943702,0.006630204046411549,0.0020696576384843747,0.008512666179657288,0.006931113998489135,0.005870626780065057,0.024510659612367498,0.009059824164381688,0.021597286879509126,-0.009099412425471944,-0.004668972038308995,-0.004425014505398591,-0.008995879784856269,-0.009775793397444874,-0.01571122725757931,-0.009200057713115509,-0.0015025700421208783,-0.004008034076217068,-0.01878435599353227,-0.006075465550618769,-0.018839597149252138,-0.005818254705842834,-0.015598758414634185,-0.007139952295873174,-0.024248311221440905,-0.0033294309330503345,-0.007711332827424974,-0.0042838118124744785,-0.00012761117069015303,0.010607963665980144,0.020694456332246546,0.012448458752254367,0.01766841605311878,0.015652618475530563,0.031179425219930057,0.009200057713115568,0.032221992439792506,0.013343635976856059,0.021724898050199306,-0.3974393751180454,-0.017102495290133746,0.3978568415800048,0.09733116521221064,0.08639832469910402,-0.4626308219262878,0.033016394748360156,-0.00265929244491403,-0.4667619867334931,0.48253137424520176
2025-08-15,119.1573381169752,202.80448847713416,128.6929429947068,245.74000549316406,348.3299865722656,12.817054664839507,104.66992963998943,180.05999755859375,72.20815353498435,155.97598208588397,119.50601202641805,203.72045509140705,131.10000023768555,249.39999389648438,357.2900085449219,13.370025099638434,105.03601491379777,180.13999938964844,72.33745674071056,155.97598208588397,118.0415740062369,201.2384723135117,128.4453041692595,245.74000549316406,348.0,12.649189632140505,104.03670636270043,176.25,71.49203838646352,150.26701069432988,118.74888610839844,203.57272338867188,130.5056610107422,247.00999450683594,354.8500061035156,13.142912864685059,104.26426696777344,177.50999450683594,71.82025909423828,151.04010009765625,1238500.0,4430900.0,6784500.0,4223400.0,3718700.0,13878400.0,2645900.0,51543100.0,1251600.0,3921100.0,0.0027722914120788325,0.00977232787364459,0.018925584346317116,0.003447053509043392,0.017827461598968006,0.028192365876670407,0.0007593914663212639,-0.019193818733499787,-0.00428384392944,-0.027571061875810335,0.006206017547045416,0.005991427743032943,0.004938259244503919,-0.001707657097747847,-0.0007174528141582229,0.003086377952323335,0.004642558401659286,-0.004930618023069778,0.0011025290992822843,0.004585607412792965,0.003182070672192177,0.020162052853975987,0.006331499444948169,0.0048952215320301855,-0.0033532939157298438,0.011623461916184881,-0.0012280683784059152,0.001278144762234304,0.0013783068355395806,-0.014071137410049245,-0.0034337261349666375,0.003780900130611589,0.01398732510181315,0.0051547106067913245,0.018544914413126157,0.025105987924346963,-0.003883166935337961,-0.014263200710430019,-0.005386373028722238,-0.03215666928860321,0.002921891084649217,0.004506331917930792,0.018531112469926805,0.014783919980152606,0.02539753311007553,0.042238588657678544,0.003491418867204983,0.00044420784590791274,0.0017890995094198997,0.0,0.006355617219616002,0.0007254317873190015,0.0045437873681138915,0.009629209373361492,0.006852618696949539,0.01713260073333158,0.007374585802542821,0.014707408556337925,0.007175472538142217,0.03215666928860314,-0.009407904364354897,-0.00775176977402385,-0.0019261148797471146,0.0,-0.0009477879836607892,-0.013183527343490865,-0.006068088992720522,-0.021386673429104202,-0.00996687710843385,-0.037288251465887816,-0.005974178229388323,-0.011532669904635555,-0.015913439981560303,-0.005154710606791233,-0.01949270239678686,-0.03828951526783779,-0.002184922057382597,-0.007123472718674153,-0.004580504079711641,-0.005131582177284536,0.012329795449004128,0.012258101691954622,0.020457227349673986,0.014783919980152606,0.0263453210937364,0.05542211600116933,0.009559507859925338,0.021830881275012027,0.011755976617853834,0.037288251465887844,-0.09668163870796498,-0.052966082851641616,0.09455118154234299,-0.05719193430817349,0.05851374923580188,0.394499462758894,0.08758849578095784,-0.25723672888926785,-0.11226827053441824,0.055921210082290784
2025-08-18,118.66918818226038,203.48407514780214,130.38678271982673,247.0,355.67999267578125,13.182410834976423,104.32363951291052,176.75999450683594,71.9197144466906,151.01036477052844,119.14736734616784,205.1978229365152,131.05045287432324,250.99000549316406,358.3900146484375,13.330527429737007,104.69961348449215,178.8000030517578,72.0490176463066,154.05316222252367,117.7028579711914,202.85372819692876,128.93066540119304,245.10000610351562,353.0,13.123163632050783,103.87839943087789,174.36000061035156,71.4423094290474,150.84187247990155,117.7028579711914,203.45452880859375,129.0396270751953,249.1300048828125,357.239990234375,13.19228458404541,104.64025115966797,176.13999938964844,71.76058197021484,151.5059356689453,1021100.0,6083500.0,3831400.0,3776000.0,2923000.0,9581000.0,1771700.0,35937500.0,1066600.0,2585500.0,-0.008847766931217757,-0.0005807698760329711,-0.01129706139560919,0.008546068777093466,0.006712615308109212,0.0037494898071826765,0.0035995832089564966,-0.00774778449888901,-0.0008312686709098722,0.003079438395105147,-0.0006713720458710683,-0.0004355571143383682,-0.0009113203697508415,-4.046277179987043e-05,0.0023362474524670305,0.003000760817263757,0.0005692808153865246,-0.004234065225476942,0.001383823384316152,-0.00019688979612624845,-0.004105098180837761,0.003345343016273356,0.013076004732062203,0.005114247834991243,0.02088116186559326,0.02810674874161083,-0.0033138861199514735,-0.018497265935907,-0.0040025496444060175,-0.03235355908472949,-0.008176394885346648,-0.00014521276169449535,-0.010385741025858354,0.008586531548893299,0.004376367855642154,0.0007487289899189215,0.0030303023935702353,-0.0035137192734120983,-0.0022150920552260903,0.003276328191231389,0.004021417325322897,0.008386756750532352,0.005077100655564335,0.01602478295868479,0.007590390174966901,0.011173272023614164,0.0035974406834148554,0.011475030621835035,0.0017962682938643545,0.019949276756121574,0.012197812210669554,0.008531969512226727,0.015462841681422673,0.007438251409791326,0.003214022319324695,0.010424543033695237,0.0005671382898448349,0.01498874989524704,0.004011360349090297,0.016672948564890138,-0.008176394885346648,-0.0031025784523497817,-0.011230502486072038,-0.007722021191766055,-0.007563372690431534,-0.004504543565967132,-0.004277006728796787,-0.013670718314858261,-0.006660156845595154,-0.0011163893278469978,0.0,-0.002957365690655251,-0.0008447614602137613,-0.016308552740659447,-0.011939740546073666,-0.005253272555886026,-0.00730730912236693,-0.010156999041446242,-0.004445064790369101,-0.004392717519078509,0.012197812210669554,0.011489335202882143,0.01630760314163634,0.0237468041504507,0.015153762865398311,0.015677815589581354,0.007874447412211766,0.025145748936693305,0.008456425139459324,0.02106566608396868,-0.25459144210845785,0.2537502124726796,-0.42737464435560035,-0.18141535550246957,-0.18493084807950133,0.05568625512597336,-0.30493575193692024,-0.6137577008598392,-0.24713049918190144,-0.3256528437272639
2025-08-19,118.05152623461083,203.41512977064374,128.69293568623917,250.52999877929688,359.2200012207031,13.251531986748308,104.59077110196085,173.10000610351562,71.90977377313222,151.48611137418698,120.13361279589974,204.66597993971763,130.47593815113817,257.6199951171875,364.239990234375,13.409523274662066,105.8374326870504,173.1699981689453,72.98393885528415,154.3406046409326,117.70285236077302,202.00670413061866,127.46464174049241,250.39999389648438,358.1199951171875,13.103415389754748,104.4126765898052,166.10000610351562,71.69095997862588,150.70311599473533,119.65543365478516,203.08026123046875,130.0103759765625,255.8800048828125,361.0299987792969,13.133038520812988,105.7582778930664,166.5500030517578,72.42696380615234,152.9728240966797,1313500.0,3975500.0,4845700.0,4555700.0,2808000.0,12492300.0,2275400.0,64455000.0,764200.0,2146200.0,0.016452930434377115,-0.001841257835900381,0.007494718655904722,0.026733735487497374,0.010553256512596343,-0.0045010777662274236,0.010627804879254446,-0.05598354694910146,0.009243330648770452,0.009635481818039297,0.002957896361559283,-0.00019366908906767808,-0.0026903204961698174,0.00560380078389439,0.005527220084150008,0.004481009893726117,-0.0004729705766828739,-0.01740963246994467,0.0020768634666763967,-0.0001308568655850421,-0.005218498523787454,-0.00033888185076213763,-0.013076061522028183,0.014190332332787783,0.00990358793979221,0.005229738883644924,0.002557331816887212,-0.02092335174335675,-0.00013822858854961012,0.003145471325646446,0.013495034072817911,-0.0016475887468327107,0.010185039152074495,0.021129934703603075,0.005026036428446273,-0.008982087659953486,0.01110077545593718,-0.03857391447915682,0.007166467182094114,0.009766338683624299,0.017483371172047214,0.006130418962138774,0.013759604455913945,0.02790694305363084,0.013877946652043267,0.011851979283810621,0.011848945609852722,0.00040426294810006575,0.014827210123192998,0.018667931963058305,0.003988337099229288,0.0077780077089715455,0.003574565303839477,0.0067770083500279165,0.008851910223597027,0.020834066943764027,0.0007481701539155003,0.03897817742725693,0.007660742941099001,0.008901593279433863,-0.002957944027509089,-0.006947979551956841,-0.00959021686691628,-0.0005190541098840842,-0.003066905432136162,-0.011240254388381042,-0.0017042260041844185,-0.04127944407693974,-0.003047532671198118,-0.005182164424161622,-0.01645297810032694,-0.0053003908051241465,-0.01977525601899081,-0.021648988813487095,-0.008092941860582315,-0.002258166728427612,-0.012805001460121623,-0.0027055295977829446,-0.010213999853292126,-0.014948503107785933,0.020441315199556276,0.013078398514095705,0.023349821322830314,0.02842599716351504,0.016944852084179295,0.023092233672191754,0.013553171614037053,0.0416837070250399,0.017874742794391277,0.02385009638721988,0.009884207007672785,-0.16624330011289246,-0.17342431761422006,-0.005272690739440478,-0.23190848345472226,0.3146008496021473,-0.061923006349724474,-0.0432505006431505,-0.5415017124282464,-0.4703132298464556
2025-08-20,119.4163513506431,203.53331032793943,130.80283198209747,257.0400085449219,361.67999267578125,13.192284458775328,106.07662113477927,164.10000610351562,72.24794103959435,152.75477198277855,120.00411483080326,208.4973057478614,132.5462038900621,260.3900146484375,363.0,13.28115479146873,108.07619199267107,166.64999389648438,72.64578364560028,153.9639662093,117.83236479808039,203.53331032793943,130.47594691535264,254.99000549316406,353.20001220703125,12.84667876038162,105.94729852618343,158.25,71.46220397949219,151.81319028143778,118.65922546386719,205.99560546875,131.18914794921875,255.0500030517578,353.42999267578125,13.034293174743652,107.34003448486328,165.1999969482422,71.46220397949219,153.3791961669922,1431900.0,5782100.0,3639800.0,5069900.0,3727900.0,6568600.0,2684900.0,60233200.0,847700.0,3258200.0,-0.008360492781508388,0.014253559465032569,0.009025896812481811,-0.003248987330100871,-0.02127562878908066,-0.00754725899745478,0.014845595204775646,-0.008138740349294439,-0.01340996405724983,0.002652976195877671,-0.0020000886665717484,0.0022284021815241785,0.006076827553145489,0.004523144386783778,0.0017987687438333286,0.00450106827051939,0.0030055810711112395,-0.014819547673137767,-0.0024748294546561847,-0.0014264472927590323,0.011494945406246265,0.000580813434691504,0.016261866705220077,0.025653079090386693,0.006824805172279575,-0.00448101938943402,0.014106356527048418,-0.05339346215229451,0.004691637727437771,0.008339891390865306,-0.006360404114936662,0.012025157283508317,0.0029490692593363253,-0.007772131716884568,-0.023074397532914025,-0.012048327267974095,0.011840014133664279,0.0066808073238433475,-0.010935134602593592,0.004079423488636589,0.004909894883300622,0.024096440480201133,0.013240203217813244,0.012948815343870955,0.0036430115290506937,0.006713949456128896,0.018674785920248158,0.015419732839067776,0.005491522930693992,0.007884751340632573,0.011270298998237236,0.012071283196692683,0.010291133958476834,0.02072094706075549,0.026717409061964837,0.01876227672410294,0.006834771786583933,0.008738925515224455,0.016426657533287623,0.0038053278519959567,-0.013353160468190326,0.0,-0.0025021950781916897,-0.00800739780529069,-0.023725319444751983,-0.026546832293512408,-0.0012198871225471244,-0.03629997426563849,-0.010935134602593592,-0.006183084354001337,-0.006992756353253725,-0.012025157283508356,-0.005451264337527935,-0.000235266088406067,-0.0006509219118380535,-0.014498505025538339,-0.013059901256211435,-0.042980781589481765,0.0,-0.010262507842637957,0.018263055351490927,0.024096440480201133,0.01574239829600488,0.02095621314916163,0.027368330973802712,0.033260781749641394,0.019894673042795387,0.0517197071047062,0.016426657533287623,0.014067835694633787,0.11136766497425477,0.19408029896586854,-0.4310604117157961,0.07465100439650207,0.02019402563877115,-0.3110709652068966,0.08033299561171248,-0.12960749382239456,-0.399601198803861,-0.03165756445070045
2025-08-21,118.0415672132157,205.98576093114787,130.87214242171666,255.0,349.9100036621094,12.994795778836899,107.30023557193886,165.86000061035156,71.08425203734484,153.00256059196013,118.25077154684219,209.24583728085128,131.94194380434718,255.0,353.82000732421875,13.024418910136323,107.97670685435557,165.8800048828125,71.82025586771908,153.83513122928744,116.58709356001204,205.71982884890707,130.5056418505582,250.72999572753906,347.0,12.728185713737364,106.98189659137805,162.25999450683594,70.85549009087146,151.79336634050478,116.7066421508789,206.34033203125,130.75328063964844,253.99000549316406,353.42999267578125,12.807181358337402,107.62852478027344,163.7100067138672,71.36273956298828,153.01248168945312,744700.0,5323900.0,3980000.0,2670200.0,2363200.0,6464600.0,3395500.0,37880500.0,723300.0,2236900.0,-0.016592279319801662,0.001672066931181678,-0.0033279657228534065,-0.004164698542011098,0.0,-0.01757776351298699,0.0026840247670301045,-0.009060231736784337,-0.0013928159902108028,-0.0023937637941996975,-0.0052189064987419416,-4.7791178955615446e-05,-0.0024193247440421482,-0.00019607117584092995,-0.010009436177601907,-0.0030348681271816043,-0.00037084293054611404,0.003987220089210636,-0.005302872318116437,-0.002458604381266871,-0.0115793106136785,0.011977366104552705,0.0005297445152939664,-0.007968202892725488,-0.03308383371051588,-0.015083195395155648,0.011469171203118208,0.010668027413053904,-0.016238006920710077,0.001620819107369597,-0.011373372821059718,0.0017198581101374015,-0.0009086409788113011,-0.003968627366170169,0.010009436177601987,-0.014542895385805346,0.0030548676975762656,-0.013047451825994885,0.003910056327905721,6.484058706724328e-05,0.0017707251059179661,0.01570277094417211,0.008141171630011823,0.0,0.01111234091559255,0.0022770206136313903,0.0062846815023695,0.00012060211101418738,0.010300729472587257,0.005426795356588114,0.013144097926977806,0.013982912834035008,0.00904981260882297,0.003968627366170112,0.001102904737990601,0.016819915999436726,0.0032298138047931408,0.013168053937009098,0.006390673144681497,0.0053619547695208936,-0.012398249043876297,-0.001291855762109896,-0.002804376143710456,-0.016886899255369736,-0.00835120907842485,-0.020730070716436743,-0.0029712156729221183,-0.021944109590145932,-0.003223369876754913,-0.007934493137574055,-0.0010248762228165624,-0.0030117138722471934,-0.0018957351648992008,-0.012918271889199508,-0.0183606452560268,-0.006187175330631339,-0.006026083370498407,-0.008896657764151031,-0.0071334262046605776,-0.007999333724641278,0.014168974149794488,0.01699462670628208,0.010945547773722142,0.01688689925536967,0.01946354999401744,0.0230070913300682,0.009255897175291421,0.022064711701160162,0.013524099349342173,0.013361288494162318,-0.5040820986868368,0.09001160365868088,-0.33330825899853345,-0.5469031725435585,-0.4291191677254851,-0.3158112227509555,0.2979868742779672,-0.5811001455637168,-0.4704580098510487,-0.36893484996015324
2025-08-22,117.82240076316143,207.66012254983048,131.51601531133133,254.69000244140625,355.79998779296875,12.905925359422893,108.10603449833353,162.1699981689453,71.74069214117699,154.3703485304667,121.94673981791,208.28062574393115,132.35797814444345,262.1700134277344,362.6499938964844,13.35027703454036,109.08095194103412,168.52999877929688,73.45141004989097,157.70058586775437,117.02543294429148,203.9962261222346,130.0995135461259,254.47000122070312,354.0,12.86642753737938,107.75785240801201,161.8000030517578,71.52188591480696,153.62699211699737,121.16968536376953,207.4237518310547,131.33770751953125,259.2200012207031,362.0899963378906,13.320652961730957,107.89712524414062,167.75999450683594,73.21270751953125,157.3140411376953,1291000.0,5516900.0,4130200.0,3102600.0,3058600.0,6481500.0,2231000.0,43998600.0,674100.0,1958200.0,0.03752846745601875,0.005236908267990668,0.004459732496996973,0.020382208912112575,0.02420736439307724,0.03930962784216748,0.0024925163468620345,0.024437742972498414,0.025593127622335052,0.027724571776859438,0.009514958286507115,0.006375814204426503,0.005816440077395752,0.0027522111314655547,0.006683315720159939,0.007680478876078593,0.004426833600179792,-0.009451454436658227,0.0052822416973873085,0.008835078216937294,-0.001858414534552717,0.008095672314563963,0.0049077990985845685,-0.0012164162347047044,0.016692751897761888,-0.0068624165097267995,0.007481701297756039,-0.022498906262653055,0.00919229802529297,0.008899918804004644,0.02801350916951169,-0.0011389059364360654,-0.001356707580398848,0.017629997780646948,0.017524048672917212,0.03162914896608899,-0.001934317253317836,0.033889197409156586,0.020310885924947838,0.018889493559922088,0.034405978124789696,0.0029836156084921727,0.006381573867577916,0.0289460706015016,0.01906942405605497,0.03385060018627974,0.008977738554720956,0.03846861180436435,0.023565979878161065,0.021343633088237935,0.006392468955278143,0.004122521544928194,0.007738281447976992,0.011316072820854686,0.0015453753831378028,0.002221451220190927,0.010912055808038716,0.004579414395207852,0.0032550939532131245,0.0024541395283156882,-0.006787125651970402,-0.01780122274938408,-0.010828987207065089,-0.0008641732768170817,-0.005071827789271565,-0.0030651336434290655,-0.0032259438784694614,-0.002284132954636853,-0.0030546203966706383,-0.004827040748315868,-0.03480063482148206,-0.016662316812948077,-0.009472279626666228,-0.018494171057464114,-0.02259587646218868,-0.03469428260951795,-0.0012916266251517601,-0.03617333036379352,-0.023365506321618542,-0.02371653430823792,0.041193103776760207,0.02078483835787641,0.017210561074643187,0.029810243878318776,0.024141251845326527,0.03691573382970874,0.012203682433190456,0.04075274475900141,0.026620600274831745,0.02617067383655374,0.06730814198836299,0.10680685585223415,-0.2893660245306968,-0.4050352029151991,-0.19110639274997077,-0.30370136138677317,-0.12689282644408273,-0.42166591730234515,-0.48846185899351013,-0.4838000583273132
2025-08-25,121.04017860658891,207.128278794941,131.46648969964716,259.2200012207031,362.55999755859375,13.24165731764393,107.69816127823997,165.5500030517578,73.0137826663049,156.91574265370673,121.22946197649426,208.11319689189395,131.70422839317266,259.7300109863281,364.6499938964844,13.449021118797964,108.14582286100548,165.58999633789062,73.02372322908344,157.24433256169812,118.03161125623453,203.92729497984382,130.24811101400937,255.0399932861328,361.3999938964844,13.142913233386329,106.78293006734606,161.72000122070312,71.96944687015274,155.13340790933347,118.6990737915039,204.4197540283203,130.62451171875,256.04998779296875,363.2099914550781,13.320652961730957,106.82272338867188,163.36000061035156,72.14847564697266,155.18319702148438,1482500.0,2796200.0,4705800.0,2358600.0,2259500.0,6339600.0,1719700.0,36134700.0,625000.0,1606300.0,-0.020600422939583033,-0.014588313451246447,-0.005445041387659204,-0.012304436470214683,0.0030883662656757275,0.0,-0.010007559423921272,-0.026577995696889765,-0.014642848451523614,-0.01363773423776452,-0.0010693765101003885,-0.0014255054339141135,0.0009800618999754294,0.0,0.0012971815098790826,-0.005947967337963771,-0.0018457177389523522,-0.01326107142217131,-0.0027207789188891285,-0.002535079218096039,0.026944132659411223,-0.002564411370350129,-0.0003766456804234749,0.017629997780646948,0.018821230182796248,0.025681181628125167,-0.0037800349922701842,0.020628125986985452,0.01759010700605883,0.016354414341826027,-0.019531046429482713,-0.013162808017332385,-0.006425103287634571,-0.012304436470214683,0.0017911847557966494,0.005947967337963714,-0.008161841684968946,-0.01331692427471842,-0.011922069532634442,-0.011102655019668468,0.001562584630610458,0.004743841844679888,0.0018067265227564976,0.001965545496963504,0.00574800158638894,0.015538606404026779,0.004148016692929787,0.00024154911155994588,0.00013613712084355832,0.0020918636945765354,0.021093631060093238,0.017906649862012288,0.008231829810391018,0.014269981967178061,0.003956816830592225,0.00959063906606313,0.012309858377898678,0.013558473386278472,0.012058206653478091,0.013194518714244782,-0.025170064487724696,-0.015574772489296208,-0.0093108102046571,-0.01625675742728008,-0.003204609836246687,-0.007485021981479123,-0.008534428469469545,-0.02340683010648924,-0.014406547046366085,-0.011423547371460183,-0.005639018058242041,-0.0024119644719639223,-0.0028857069170224827,-0.003952320957065409,-0.0049957945920433115,-0.013432989319442853,-0.0003725867845006281,-0.010089905831770782,-0.0024844775137315787,-0.00032089235179177234,0.0267326491183351,0.020318614333976026,0.01111753672741377,0.018222302924243435,0.008952611422635672,0.023023628385505923,0.012682445162399122,0.02364837921804912,0.014542684167209694,0.013515411066036667,0.21184728619827986,-0.5577157891707412,-0.1313222029769463,-0.6567767204990052,-0.4800107300949108,-0.3015372714146771,-0.38280065945912867,-0.5867608808611067,-0.5237541706852333,-0.6366469316329066
2025-08-26,118.77877562699432,204.390216923716,130.61460684108226,255.33999633789062,363.0299987792969,13.320652488274337,106.38501643194755,168.64999389648438,72.02912675500146,155.0935688233004,119.17725574059838,205.43422774907782,131.09998432131388,256.69000244140625,363.2300109863281,13.370024999499469,107.65837240781805,169.77000427246094,72.64578316968162,156.04946810809048,117.66301154754838,203.45454769506102,130.13914458605635,253.16000366210938,353.70001220703125,13.17253589630127,105.82791750015399,164.91000366210938,71.80037238009284,153.91862479578094,117.852294921875,205.21754455566406,130.34715270996094,255.4199981689453,354.9100036621094,13.17253589630127,107.59868621826172,166.6199951171875,71.98934173583984,155.90011596679688,1898200.0,3702900.0,6076500.0,4884400.0,4067400.0,6535900.0,4624400.0,52138600.0,1132900.0,2960600.0,-0.0071593962121096165,0.00389511179166293,-0.002125587954728774,-0.0024634483348369932,-0.023116909336480067,-0.01118163687008559,0.007237768079493194,0.0197593830890906,-0.0022080808309529157,0.004609184643468121,0.0006712359799289877,-0.00014450285831789117,-7.582997314555585e-05,-0.0027767141840395223,-0.0004956837461086673,-3.554304958013733e-08,-0.0041059257231522055,0.031869167164639264,-0.0016555819661814846,-0.0005777306620617075,-0.01885981044955362,-0.013307310875650267,-0.006500933260780191,-0.015081150654254255,0.001295501009687994,0.005947931794914172,-0.012267767408121116,0.018552242889920797,-0.013577651498815955,-0.011680385681730139,-0.007830632192038696,0.004039614649980936,-0.002049757981583127,0.00031326584920258213,-0.022621225590371403,-0.01118160132703613,0.011343693802645475,-0.012109784075548573,-0.0005524988647715296,0.0051869153055298396,0.0033491942506899105,0.005094928315412863,0.003709216475646823,0.005273164599541399,0.0005508005656333511,0.0036996114138887516,0.011898251144150648,0.006619079671482525,0.00852476976764635,0.006144455628259084,0.01117982644272868,0.0010553136654319541,0.005758974457230181,0.004959898750338827,0.023172026156004742,0.01488121274092485,0.0005545573415051483,0.01872886374703105,0.009077268632417835,0.0009575403227292546,-0.00943803018173947,-0.0045883676898090505,-0.0036468336840429997,-0.008574261677417259,-0.026036341391708896,-0.01118160132703613,-0.005250388854690485,-0.02242563256983746,-0.0031809130834246483,-0.007604552273018711,-0.001607397989700754,-0.00862798233979003,-0.001597075702459828,-0.008887527526619834,-0.0034151158013375526,0.0,-0.01659408265733594,-0.010315848494288854,-0.0026284142186531042,-0.012791467578548581,0.012787224432429408,0.009683296005222004,0.007356050159689873,0.013847426276958747,0.02658714195734244,0.01488121274092485,0.017148639998841232,0.02904471224131999,0.01170568285107098,0.013749007901277761,0.43660004411383113,-0.2470957457599141,0.12227543588063838,0.054431509381334564,0.10985921639722207,-0.24352024461979305,0.5645560947846171,-0.18362604716011077,0.08099304508356475,-0.011177634120961955
2025-08-27,118.05153084129164,205.67059016756215,130.2282991590107,256.1199951171875,355.9800109863281,13.123163632050783,107.23060238846773,166.0399932861328,71.6909601435225,155.37236629491866,118.74887861617958,207.24644999782586,130.5056534182019,258.2900085449219,360.3699951171875,13.310778048194347,107.84738750242832,167.67999267578125,72.67561463284989,156.5473254908267,117.06527967380133,204.67581333926444,129.32689025930262,255.44000244140625,355.1600036621094,13.054042680056154,106.85257720947266,164.64999389648438,71.51193136471608,155.083613763422,118.24081420898438,204.9220428466797,130.21839904785156,257.1199951171875,356.3500061035156,13.19228458404541,106.85257720947266,167.1300048828125,72.02912139892578,155.8602752685547,1698600.0,3459100.0,4759200.0,2239000.0,2353800.0,7315000.0,3554800.0,37031000.0,1111900.0,2155000.0,0.0032912408096248077,-0.0014409814082482937,-0.000988263196879871,0.006633641099482116,0.004049164550588427,0.0014981093045872318,-0.0069583364286522325,0.0030562406748065817,0.0005524245049101693,-0.0002555853763282084,0.001689128746793382,0.0022052026194277464,-0.000912239110323389,0.0027368236867345522,0.0030103338356536388,-0.003755163251298699,-0.003426759846128003,-0.0034870584920847192,-0.004153415845586789,-0.0033909208660576535,-0.006141503445245159,0.006244817269408683,-0.0029619970919066104,0.003050089535937294,-0.01961089175471766,-0.014936764578334889,0.007916933956517257,-0.015596842567633357,-0.004705914710358326,0.0017959944394723628,0.0016021120628311593,-0.003646184027676071,-7.602408655647419e-05,0.0038968174127475,0.0010388307149345947,0.005253272555886103,-0.0035315765825242613,0.0065432991668912,0.004705840350497012,0.0031353354897293963,0.005889768454068042,0.007632852741957511,0.002127489427927212,0.00843695217611585,0.012256687515709585,0.01419520167062872,0.005735471166222824,0.009828674703339164,0.01364124292346951,0.0075337645180324824,0.004287656391236831,0.011279036769633493,0.002203513514483606,0.00454013476336833,0.011217856800774811,0.008941929114742673,0.009267047748747254,0.003285375536447956,0.008935402572972453,0.004398429028303051,-0.0083895060501987,-0.004848482981918324,-0.006945825477244245,-0.0026585076218744014,-0.002306177885532685,-0.00528101523241163,-0.0035315765825242613,-0.00840671099686134,-0.0025003527539328298,-0.0018601839443145205,-0.009991618113029973,-0.0012022989542422233,-0.006869801390687872,-0.0065553250346219285,-0.003345008600467404,-0.010534287788297578,0.0,-0.014950010163752555,-0.0072061931044299235,-0.004995519434043909,0.014279274504266776,0.012481335723875765,0.009073314905171406,0.011095459797990185,0.0145628654012423,0.019476216903040317,0.009267047748747254,0.018235385700200446,0.01614159567740242,0.009393948462347028,0.29795206381405137,-0.29669819940971287,-0.11613242873274743,-0.6932747755639781,-0.42029192379027336,-0.1182599881922819,0.28408155923794176,-0.49778303351617126,0.07569155877473221,-0.30411058634762256
2025-08-28,118.3504001307812,204.51823234033546,129.68347988498388,258.0,357.6300048828125,13.27128079478551,106.57402319208168,168.5,72.27777243887972,157.08500550279908,124.94534163630976,204.87280344861705,130.39668081019107,258.1300048828125,358.260009765625,13.389775205708023,106.66356006450536,170.99000549316406,72.43691250452886,157.79197439503,117.75266477212932,202.390820719303,128.91084806845478,253.9600067138672,349.1099853515625,13.133038884879884,105.24098105213051,166.64999389648438,70.93506038488304,155.9100615219261,124.4870834350586,204.78416442871094,130.1292266845703,256.1700134277344,353.9599914550781,13.310778617858887,105.54936981201172,168.5800018310547,71.23344421386719,156.8858642578125,3886400.0,4523100.0,4674700.0,2984900.0,3803100.0,7638700.0,2439600.0,36285200.0,1081400.0,2982200.0,0.051478619766293435,-0.0006730599669976882,-0.0006850253887852041,-0.0037015439938967894,-0.0067295228175231975,0.008941971911980042,-0.012271297596760567,0.008638443514483769,-0.011108070878648143,0.006558627180294052,0.0009263736182220694,-0.0019725008102207094,-0.004116322054880903,0.003416701922818477,0.0035855349755244863,0.00597020426007129,-0.002610304198557091,0.008163767875927498,0.0034461456333935467,0.007827160607250945,0.0025284856810533665,-0.0056186848378968115,-0.004192346141437334,0.007313519335566055,0.0046243656904592445,0.011223476815957402,-0.0061418807810812975,0.014707067042818916,0.008151985983890747,0.010962496096980327,0.05055224614807133,0.0012994408432230457,0.0034312966660957397,-0.007118245916715315,-0.010315057793047798,0.0029717676519085837,-0.009660993398203444,0.0004746756385561356,-0.014554216512041803,-0.0012685334269569417,0.05422665789874978,0.001732188377086059,0.0054844837916966345,0.0005037679822215743,0.0017600609941694576,0.008889009583911015,0.00083978514779944,0.01466935759372978,0.002199363939613415,0.004490452623199193,0.003674411750678452,0.0004327475338632785,0.002053187125601055,0.0076220138989368585,0.01207511878721717,0.005917241932002314,0.010500778546002903,0.014194681955173717,0.016753580451655075,0.005758986050156084,-0.005063353463337866,-0.01045654299967258,-0.00597564627004518,-0.01578278418265736,-0.02411192922255273,-0.01047125430484721,-0.012587018983745637,-0.011039981663424634,-0.018751830715725122,-0.007507782860752467,-0.05561559961140908,-0.011755983842895478,-0.009406942936140836,-0.008664538265942117,-0.013796871429504911,-0.013443021956755858,-0.0029260255855421383,-0.011514657301980797,-0.004197614203683326,-0.006239249433795569,0.0592900113620877,0.01218873137675882,0.011460130061741935,0.016286552164878915,0.02587199021672217,0.019360263888758122,0.01342680413154492,0.02570933925715436,0.020951194655338363,0.011998235483951711,1.1002536583189695,0.012870260489524554,-0.11588152632020332,-0.38204688024689837,0.06805194413787241,-0.04055619122134857,-0.08030485106839613,-0.4840289321890552,0.08907455848987844,0.040097926068073164
2025-08-29,124.52693474906785,204.8629634512829,130.76318875596115,256.9200134277344,354.0,13.291029989732928,105.83786550343979,166.80999755859375,71.66112784068564,156.9257137769634,125.82201791066653,207.81771773183024,131.59526662539955,260.3800048828125,357.25,13.488519102314667,106.62376653854508,168.57000732421875,71.68101655594548,157.56297492637879,123.64030358169616,204.76446563046835,129.93112600119588,256.0899963378906,352.4599914550781,13.261406858271261,105.74833622098735,161.89999389648438,70.63668068171832,154.65546998257696,125.18444061279297,207.2267608642578,131.4070587158203,259.9700012207031,356.70001220703125,13.370025634765625,106.30542755126953,162.6300048828125,70.90522766113281,154.86456298828125,1781200.0,4264700.0,4430700.0,2805800.0,2639300.0,8383900.0,2399000.0,37516800.0,886400.0,3279100.0,0.0055862116743696,0.011857088745442142,0.009771815772742857,0.014724905433477844,0.007711238328744163,0.004441179038564994,0.0071375390919752495,-0.03593271346655883,-0.004618266538800628,-0.012967613948821972,0.00032007285887014516,0.00038471659231044,0.004859959751047082,0.002923465648951019,0.0001130248755504638,-0.0014847585775293964,0.002729548642005284,-0.010554999900859292,0.005986020291006702,0.0002539709950450524,0.05087231900694132,0.001684157435533328,0.008291256417142802,-0.0041947802677643805,-0.010202032917497283,0.0014870090743792708,-0.0069314447561981945,-0.010080324262303098,-0.00856819622103495,-0.0010145624319117946,0.005266138815499472,0.011472372153131872,0.004911856021695728,0.011801439784526977,0.007598213453193777,0.00592593761609433,0.004407990449970173,-0.025377713565699535,-0.010604286829807462,-0.013221584943867092,0.010346316216913719,0.014320053774748471,0.006343082467791103,0.013377316568038202,0.009138903676202348,0.014749515921546772,0.007398085122675722,0.010495711711225836,0.00027749990027267965,0.004052686436863196,0.005080177401414419,0.002847681621616635,0.0014312264460953304,0.0015758767835112155,0.001540690223008613,0.008823578305452285,0.0029900946727055757,0.03587342527692542,0.010881786730080018,0.01727427138073005,-0.007145463243043906,-0.00048091419529059406,-0.006383457813287615,-0.003235873757993681,-0.004359796741215578,-0.0022312937920961023,-0.0008462677345303562,-0.029876602545818146,-0.014398884554140661,-0.014572664132533102,-0.012411602058543218,-0.011953286348422461,-0.011295313834983462,-0.015037313542520652,-0.011958010194409256,-0.008157231408190468,-0.005254258184500434,-0.004498888980118529,-0.0037945977243332247,-0.0013510791886660182,0.01749177945995756,0.014800967970039235,0.012726540281078825,0.016613190326031733,0.01349870041741784,0.016980809713642863,0.008244352857206007,0.040372314257043886,0.014676384454413455,0.018625350569396158,0.3229850994876795,-0.013992124080045798,-0.15910576351556038,-0.4055687933545151,-0.27275400821294227,0.09512007411160539,-0.08992788717460698,-0.41575170832496866,-0.09206506214713173,0.14586336249806386
2025-09-02,124.4073844627474,206.97069338215152,131.4367777660609,257.8500061035156,350.239990234375,13.182410995136964,106.07661415426227,158.4199981689453,70.28857303107218,153.29131667194108,125.04496175194564,208.96023219494523,132.140063525198,260.3999938964844,352.7099914550781,13.251531947971381,106.24573766489712,162.38999938964844,70.57700873304279,153.82901477201318,121.33904660867621,205.8380435542657,129.6042445184938,251.97999572753906,341.2799987792969,12.994795635011613,104.42523308706213,156.6199951171875,69.7017610633578,151.05094337314964,124.73613739013672,208.72384643554688,130.21839904785156,256.1700134277344,345.6300048828125,13.241657257080078,105.07186126708984,162.32000732421875,70.00013732910156,153.60995483398438,2412700.0,4335500.0,5779200.0,3537800.0,4229400.0,7490700.0,2980000.0,38656100.0,1311500.0,2745100.0,-0.0035875693555776278,0.007198412549798432,-0.009086790383957736,-0.014724905433477976,-0.03152627374161439,-0.009647595296746934,-0.011671833764925286,-0.001907971324758716,-0.012846959807369239,-0.008134319041757786,-0.006226635511093164,-0.0012364514175753352,0.00022613465672253398,-0.00818820027061305,-0.018276520695081903,-0.014131867790900126,-0.002154734776059565,-0.02622798948650949,-0.00873492388293803,-0.010210806212838902,-0.0009604966955936778,0.010235920735556396,0.005137990678418521,0.0036132395139139043,-0.01067830724188822,-0.00820593017480577,0.002253255673910455,-0.051605703052209,-0.01933921071274544,-0.023432391156705916,0.002639066155515472,0.00843486396737395,-0.00931292504068039,-0.006536705162864902,-0.013249753046532364,0.0044842724941532635,-0.009517098988865658,0.024320018161750837,-0.004112035924431201,0.0020764871710811927,0.0051118274671578595,0.009566751902441595,0.005336488780363342,0.00984084272764682,0.007027559429392695,0.005229723807859035,0.0015930828285783487,0.024751123240538107,0.0040951963064705,0.0035015503332553187,0.0024727613116423495,0.001131887935067843,0.014649413821043712,0.016377547890511716,0.020277312475925093,0.000745451313705873,0.01111018181744412,0.0004311050787872733,0.00820723223090156,0.0014250631621740566,-0.024972873882126927,-0.005487542141630598,-0.01404042426670437,-0.02302834184083934,-0.025915354745683378,-0.014334499118422845,-0.01569026559525395,-0.011427264331287924,-0.008383656036634502,-0.014722988310036204,-0.02761194003764238,-0.01392240610900445,-0.00472749922602398,-0.01649163667797438,-0.012665601699150946,-0.018818771612576068,-0.006173166606388347,-0.035747282493038754,-0.004271620112203305,-0.016799475481117373,0.030084701349284912,0.01505429404407236,0.01937691304706768,0.03286918456848609,0.03294291417507592,0.01956422292628196,0.01728334842383238,0.03617838757182597,0.012478852343104843,0.018224538643291585,0.5971596760931295,0.001093260842059962,0.10566045296874016,-0.1747113103974307,0.2198879732666441,-0.0038368614317683125,0.10783518677753712,-0.3701028333307228,0.2914113702110104,-0.01776196500300742
2025-09-03,124.48708323110446,209.21630087660108,129.91130893905213,253.2100067138672,345.7200012207031,13.182410610190582,104.54461188479398,161.80999755859375,69.62218385191625,152.84323727457146,125.35379341931305,210.20121897602695,130.9414948152729,254.80999755859375,348.510009765625,13.27128000051013,106.26563706142922,164.75,70.77592654094875,153.43070926325777,123.25177818625473,208.2904754585556,128.98019974375842,251.32000732421875,343.3599853515625,13.0244183856504,104.20638002233639,160.5800018310547,69.62218385191625,149.78636523619858,124.74610137939453,208.6647491455078,130.93157958984375,254.14999389648438,348.5,13.063916206359863,106.18605041503906,162.1300048828125,70.40792083740234,151.3496551513672,2497300.0,3973500.0,4806500.0,2934800.0,3035300.0,6474600.0,2169100.0,30752800.0,1337100.0,3964400.0,7.987734367195567e-05,-0.0002831763544075982,0.00546186002904111,-0.00791671912739762,0.008269377355224662,-0.013513771590003859,0.010548239068967425,-0.00117122796102756,0.005808564838185218,-0.01482387174996545,-0.001998643957147713,0.0023565798697434822,-0.0023610548278712824,-0.011622128528977418,0.00026034956998459495,-0.004484301695669398,-0.005030620793288205,-0.003146948316043403,-0.005413953831557409,-0.0050038255689900555,0.0006404221983676802,0.010791443837117264,-0.011673979868551648,-0.01815883369184239,-0.012989403476547737,-2.920151618738797e-08,-0.01454771978215389,0.021173069845707552,-0.009525989755988635,-0.002927338397908925,0.0020785213008196364,-0.0026397562241511057,0.00782291485691243,0.0037054094015796686,0.008009027785240154,-0.009029469894334398,0.01557885986225555,0.001975720355015799,0.01122251866974259,-0.009820046180975461,0.006938125390877337,0.004696608335415039,0.007898640285778274,0.0062989493384977184,0.008037749799229634,0.006718890452753003,0.01632808102456668,0.01800638105900498,0.016435672211306325,0.0038362565004682347,0.004859604090057957,0.007336364559566116,7.572542886591683e-05,0.002593539936917978,2.8722013989569218e-05,0.01574836034708723,0.0007492211623111814,0.016030660703989084,0.005213153541563607,0.01365630268144372,-0.00997272108128401,-0.00443502710884245,-0.007193076471971986,-0.007492153798178907,-0.006849785635044108,-0.01205747850479155,-0.0032405322278943887,-0.007630520164317046,0.0,-0.0202027560060718,-0.012051242382103648,-0.0017952708846913953,-0.015015991328884308,-0.011197563199758696,-0.01485881342028424,-0.003028008610457132,-0.01881939209014996,-0.009606240519332922,-0.01122251866974264,-0.01038270982509635,0.016910846472161553,0.009131635444257578,0.015091716757750336,0.013791103136676612,0.014887535434273725,0.018776368957544507,0.019568613252460988,0.02563690122332199,0.016435672211306325,0.024039012506539968,0.5978530641954478,-0.08388236671848937,-0.07322883185142182,-0.2994079239846137,-0.09921333332534132,-0.12841980146371412,-0.1938030336609451,-0.5458013095865759,0.3024435787776554,0.34691371684229466
2025-09-04,124.52693358067901,209.04886331692546,130.9315789329321,253.27000427246094,342.239990234375,13.152786943153734,106.59392031435573,159.94000244140625,70.83560604004282,151.5487966022783,128.34244064971602,210.95960680436028,132.57590419059457,254.6999969482422,344.4100036621094,13.152786943153734,108.20550806957777,162.0500030517578,72.24794006347656,154.93425853558992,123.33147805851283,208.46776525427677,130.45611666957802,247.88999938964844,331.5,12.185089835140195,106.14625114583856,157.7899932861328,70.40792657230257,151.36957404013103,127.99375915527344,209.7875518798828,131.55563354492188,252.94000244140625,344.30999755859375,12.649189949035645,107.98665618896484,161.7899932861328,72.24794006347656,154.85459899902344,2715400.0,3531600.0,5073800.0,4165400.0,4918300.0,14742500.0,2429700.0,32103500.0,1185900.0,2741200.0,0.025701023456037794,0.00536646794032808,0.004754937380886915,-0.004772303773558062,-0.012095822930613162,-0.032260764086210904,0.016814917528646885,-0.0020993561588006572,0.025798046624002487,0.022893848700666866,-0.0017584561862130034,0.0018391274223596293,-5.017213213039555e-09,-0.0034684896512521784,-0.018126013400918368,0.006779729449331604,0.00383372925067488,-0.013599752510370568,0.006056015722905492,0.001314905893052497,0.00032006511460643775,-0.0008006288017913973,0.007822909839699113,0.00023691975032758667,-0.010116985615678347,-0.0022497404450027994,0.019412589112930506,-0.01162403215535471,0.01727853439264803,-0.008505140287922784,0.027459479642250973,0.0035273405179684406,0.004754942398100186,-0.0013038141223058722,0.006030190470305063,-0.03904049353554264,0.012981188277972015,0.011500396351569898,0.019742030901097166,0.021578942807614195,0.030179982714084837,0.00909865778991475,0.012480454685362923,0.00563023977738514,0.006320601970018459,0.0,0.015005794082906518,0.013106188251498055,0.019742030901097166,0.022093225593355297,0.0027205030718339654,0.005571317271946141,0.007725512287262539,0.0069340538996910195,0.00029041149971329995,0.039040493535542675,0.0020246058049344833,0.001605791899928157,0.0,0.0005142827857410022,-0.009646352401096394,-0.002783594224029379,-0.0036379890541659837,-0.02147103330723671,-0.031884407173743017,-0.07642061135859932,-0.004208606453757232,-0.013533767670063599,-0.00605593427042213,-0.0011833061341223364,-0.03710583204334728,-0.0063109347419978215,-0.008392931452266213,-0.020167219184930855,-0.03791459764404819,-0.03738011782305668,-0.01718979473172918,-0.02503416402163343,-0.025797965171519218,-0.022762248941736552,0.039826335115181216,0.011882252013944057,0.01611844373952886,0.027101273084621846,0.03820500914376132,0.07642061135859934,0.019214400536663817,0.026639955921561476,0.02579796517151931,0.023276531727477665,0.6344873115347358,-0.19484155634757272,-0.018167857262406883,0.08379928776518497,0.3641974042563696,0.6677766038020199,-0.06013266055278166,-0.43150739674621263,0.17493690461074074,-0.02398461177650546
2025-09-05,128.23284058577372,209.34434324112573,131.25847110627822,252.92999267578125,345.80999755859375,12.718310517834222,107.94686306203762,157.1199951171875,72.64578063667122,155.13340454695287,130.50421035914746,211.10734001135043,133.05138881015887,258.6499938964844,354.6700134277344,12.935549002711387,108.3845744138502,157.13999938964844,73.69010889743794,156.88586882475323,127.90408769738544,207.8177171943928,131.19904020945845,250.19000244140625,345.1000061035156,12.510946723565642,105.74833330586554,150.17999267578125,72.54632188634338,153.61990369269137,128.26272583007812,209.35418701171875,131.68441772460938,254.9499969482422,348.9700012207031,12.767683029174805,106.37506103515625,151.13999938964844,73.2823257446289,154.6355438232422,1633200.0,4465400.0,3286900.0,4235900.0,4662600.0,12318500.0,2547800.0,78256000.0,1445100.0,2053300.0,0.0020991997419304246,-0.002067868610438659,0.0009784543753198229,0.007915119427193414,0.013443554850329716,0.009324037516252595,-0.015036505018063012,-0.0680926009655723,0.01421564228981969,-0.0014155876524133933,0.001866172365611589,-0.002114889413635176,-0.0022613897810079874,-3.957445874597266e-05,0.004347076951101303,0.0054495506917100435,-0.00036856832154376085,-0.029289342990635136,0.00549149502217556,0.0017988155665290774,0.029325652007862364,0.0014124511043333012,0.0024935526170923334,-0.0013433885810519672,0.01037726742140637,-0.0335909428438326,0.012612619956428265,-0.0177889466390652,0.025233525923272458,0.023377758374143385,0.0002330273763188515,4.702080319636426e-05,0.003239844156327856,0.007954693885939496,0.009096477899228402,0.0038744868245424997,-0.014667936696519269,-0.03880325797493714,0.008724147267644165,-0.0032144032189425375,0.017557811033624852,0.008386253036701628,0.013566994475585603,0.022363031206737327,0.025298333324285147,0.016936529765559972,0.004046679060939789,0.000127310334357782,0.014273272179399632,0.011233169583305596,0.01732478365730614,0.008339232233505023,0.010327150319257919,0.01440833732079798,0.016201855425056727,0.013062042941017501,0.018714615757458978,0.03893056830929478,0.005549124911755386,0.014447572802248137,-0.0025670103184216356,-0.007319135686567424,-0.00045288014458118867,-0.010892102678503292,-0.002055236430885789,-0.016438729206702675,-0.02057704026224348,-0.04517528762705662,-0.0013700299693495434,-0.009804027596540974,-0.0028000376947403573,-0.0073661564897639,-0.003692724300908983,-0.01884679656444281,-0.011151714330114316,-0.02031321603124514,-0.005909103565724255,-0.006372029652119399,-0.010094177236993738,-0.006589624377598463,0.02012482135204642,0.015705388723268942,0.01401987462016693,0.033255133885240686,0.02735356975517105,0.03337525897226261,0.024623719323183246,0.04530259796141442,0.01564330214874913,0.021037197179846527,0.10887106129869473,0.04214842327265522,-0.4345322479523279,0.12742755730057453,0.3107991147367297,0.4588760422748752,0.005659536339843285,0.46944301038292124,0.3467330961035717,-0.30739187898679177
2025-09-08,126.99755423543871,207.80787504502004,131.01083165336553,255.27999877929688,348.8599853515625,12.826929969156526,105.75828098972065,151.8000030517578,73.01378697826465,153.94850094918033,127.93399162935094,208.8026369143424,131.83299432292975,256.0,358.82000732421875,12.826929969156526,105.99704092733734,152.63999938964844,73.69010952150815,154.31691304040777,125.80209108499862,204.478847062404,130.36697678806362,249.47000122070312,343.5899963378906,12.471449563730626,104.11685005995751,149.22000122070312,72.2777755255297,151.34966723949879,127.64509582519531,206.62596130371094,130.95140075683594,255.57000732421875,358.6600036621094,12.560319900512695,105.78812408447266,151.41000366210938,73.5608139038086,153.3411102294922,2136200.0,5525500.0,5070200.0,4707800.0,5043300.0,7808200.0,2971300.0,41849000.0,1165600.0,2715500.0,-0.004826981841401106,-0.013117283783210405,-0.005582017527887006,0.002428937850085087,0.02738891261051489,-0.016374584488310185,-0.005532896272028353,0.0017848576527331457,0.0037930065201286865,-0.00840609961199648,-0.009912877588997324,-0.007413517141073033,-0.005128281147627746,0.0012935416570277057,-0.0003153085197513932,0.004629649669542332,-0.005815038574938259,0.004357329511081172,-0.0036711716117224778,-0.004452880963437643,-0.009679850212678578,-0.007366496337876466,-0.0018884369913000126,0.009248235542967203,0.008781169379477156,0.00850413649408492,-0.020482975271457544,-0.034445928463856045,0.005052975655921807,-0.007667284182380136,0.005085895747596297,-0.005703766642137458,-0.00045373638025914854,0.0011353961930574718,0.027704221130266386,-0.021004234157852457,0.000282142302909951,-0.0025724718583478774,0.007464178131851066,-0.003953218648558798,0.0073466122254157735,0.004775509648789348,0.006255922868983368,0.0028164672913948276,0.028150236802652353,0.0,0.002255055850640996,0.005518318636006132,0.009220304992324242,0.0023902277057945725,0.0022607164778195824,0.01047927629092687,0.006709659249242707,0.0016810710983375303,0.0004460156723862229,0.021004234157852564,0.0019729135477310716,0.008090790494354017,0.0017561268604729882,0.006343446354353355,-0.009457861859004634,-0.01614944239487042,-0.0049266322296341045,-0.02302230481383631,-0.015221578181179233,-0.028104867639220824,-0.015642295400944865,-0.01714214984140778,-0.010131596576690837,-0.01702530021591155,-0.01454375760660088,-0.010445675752733027,-0.004472895849374859,-0.024157701006893607,-0.04292579931144558,-0.007100633481368307,-0.015924437703854894,-0.014569677983059824,-0.017595774708541987,-0.013072081567352775,0.016804474084420422,0.020924952043659836,0.011182555098617533,0.025838772105231087,0.04337181498383168,0.028104867639220907,0.01789735125158597,0.022660468477413872,0.01935190156901507,0.01941552792170622,0.3455045085627333,0.24026475738080144,-0.0019401859188103998,0.22248467833390073,0.3711329335314453,-0.006051360942864292,0.1399999169834132,-0.13156934911383544,0.13940362150143137,-0.03453350352300966
2025-09-09,127.61520621529827,206.36988347354517,131.05046626220408,255.0,362.75,12.599817723337795,105.66875314073995,151.99000549316406,73.08340438726333,153.49046293099929,127.77458913574308,207.54193838977184,131.91224451710448,255.9600067138672,362.75,12.649190237294764,106.40491065055645,156.66000366210938,73.16296683039724,153.49046293099929,125.37371383489082,205.9660634550935,130.4065962628968,249.83999633789062,353.0299987792969,12.402328609212296,104.93259563092346,151.92999267578125,70.87538534071064,150.90159615075518,125.77220153808594,207.2464599609375,130.70376586914062,251.99000549316406,354.05999755859375,12.560319900512695,105.72843933105469,155.82000732421875,71.61138916015625,152.425048828125,1470300.0,3097100.0,4641400.0,3456400.0,4324900.0,6095100.0,1833300.0,42802500.0,1200300.0,1669200.0,-0.014781377649107308,0.002998504322856492,-0.001892834487654303,-0.014106947397722149,-0.012908491329136752,0.0,-0.0005643506497863088,0.028710128700079118,-0.026858336364381244,-0.005991926281064256,-0.0002341892553970755,-0.001240098980275308,0.0007562198790130827,-0.0022328282227988805,0.011339017033487216,0.0031397169492848147,-0.001129033569203016,0.0038233521429962346,-0.006511149348515352,0.0009735159375175168,0.004851706492199081,-0.006943865622412724,0.0003024834987538842,-0.0010974320297415015,0.03904323816375362,-0.017864517208567677,-0.0008468912662930367,0.001250880284648421,0.0009530287833356372,-0.002979702711041407,-0.014547188393710333,0.004238603303131911,-0.00264905436666754,-0.011874119174923339,-0.024247508362624,-0.003139716949284813,0.0005646829194166384,0.024886776557082897,-0.020347187015865867,-0.006965442218581644,0.0012481543431872221,0.005663322412875571,0.006554399576437622,0.003757663342975268,0.0,0.0039108528115140125,0.006942497747689112,0.03026310996526895,0.0010880605148804402,0.0,0.015795342736897672,0.0014247191097437426,0.00920345394310499,0.01563178251789838,0.024247508362623908,0.007050569760798773,0.006377814828272337,0.005376333408186192,0.021435247530746358,0.006965442218581608,-0.01772054709243869,-0.0019586948485269887,-0.004925254607228395,-0.020442846841421676,-0.027160856064186605,-0.015798101405066645,-0.006991033176074073,-0.0003949251021609152,-0.03067811587625696,-0.017010491096724395,-0.0031733586987284412,-0.006197298151658816,-0.002276200240560968,-0.008568727666498327,-0.0029133477015626085,-0.012658384455781838,-0.0075557160954907885,-0.02528170165924374,-0.010330928860391188,-0.010045048878142759,0.018968701435625998,0.007622017261402565,0.01147965418366606,0.02420051018439673,0.027160856064186608,0.01970895421658067,0.01393353092376309,0.030658035067429836,0.031766176391137574,0.01701049109672443,-0.043376482273375316,-0.305016298315282,-0.06887051119564624,-0.07140836540530238,0.21793652487920312,-0.2525907500713416,-0.3382066026612538,-0.08398295124363031,0.1644079119266344,-0.4862672193662334
2025-09-10,125.44344412473245,207.05932100079482,130.60470186268878,252.0399932861328,356.2900085449219,12.599817363259458,105.31061489971546,163.5399932861328,71.34285466854955,152.5046991721591,126.2404195026081,209.06856227336178,130.60470186268878,252.0399932861328,359.19000244140625,12.718310828348445,106.73319387738945,164.52999877929688,72.2578873270006,154.54593115985247,123.54067662082205,205.2963242736152,126.24625015760186,240.66000366210938,348.1199951171875,12.491197647317792,105.11165588331629,158.0,71.3030696501539,151.80769720388665,123.65026092529297,208.44805908203125,128.13821411132812,243.11000061035156,350.1600036621094,12.57019329071045,106.67350769042969,159.5399932861328,72.09874725341797,152.91294860839844,1669500.0,4520600.0,7397200.0,5117500.0,4552500.0,8260800.0,2093200.0,52465300.0,1105000.0,2811600.0,-0.017015242225350474,0.005781180230697246,-0.019823954189797523,-0.03587540766160852,-0.01107618006064481,0.000785769127008059,0.00889892592184464,0.023593090493258133,0.006782541214492217,0.0031958039917700737,-0.0026173338062897705,-0.0009033857670794179,-0.0007582150862360965,0.00019835245224959772,0.0062786465629877655,0.0031396883712252856,-0.00395969342063699,0.04835602577339924,-0.0037569336910632254,0.0005224176805835706,-0.01716452220000002,0.003335217536052418,-0.003407269452903588,-0.011675766722673543,-0.01796886179963621,-2.857805966073485e-08,-0.003395010501220211,0.07324280233048186,-0.024104120706929126,-0.006443024537998164,-0.0143979084190607,0.006684565997776607,-0.0190657391035615,-0.03607376011385821,-0.017354826623632472,-0.002353919244217076,0.01285861934248157,-0.02476293528014116,0.010539474905555521,0.0026733863111865507,0.006333167571509319,0.009656920229595517,0.0,0.0,0.00810647322917823,0.00936043370728044,0.013417984986367634,0.006035349298757859,0.012744294081524613,0.013295931400313977,0.020731075990569885,0.002972354231819023,0.019065739103561408,0.036073760113858336,0.025461299852810666,0.01171435295149753,0.0005593656438860659,0.03079828457889912,0.0022048191759692463,0.010622545089127433,-0.015284545386723641,-0.00855090740047343,-0.03394085221327453,-0.046202614208793714,-0.023197796069581906,-0.008658110836272308,-0.0018910457999477405,-0.034462534653499285,-0.0005578150180915713,-0.004580839922408586,-0.000886636967662955,-0.015235473398250102,-0.014875113109712994,-0.01012885409493546,-0.005842969445949455,-0.00630419159205524,-0.014749665142429338,-0.009699599373358186,-0.011097289923647093,-0.007254226233595271,0.021617712958232838,0.018207827630069,0.03394085221327458,0.04620261420879377,0.03130426929876005,0.018018544543552745,0.015309030786315419,0.04049788395225717,0.013302109099616193,0.017876771322722532,0.05374444266568723,0.05348380461512647,0.38380902158126773,0.3181629134751329,0.25706008786057843,0.03474317318103992,-0.18392070185583975,0.11936070947589528,0.07391910423511483,0.03400164899791491
2025-09-11,125.03500501693686,217.02669527691634,128.4651205097626,243.2100067138672,354.69000244140625,12.639314813429209,106.62376515174536,158.6199951171875,72.33745334574616,153.13199860218603,126.56917774358575,218.42527708480927,131.42687121183033,244.55999755859375,355.25,12.826929225546348,108.18561697365813,160.2100067138672,74.31671047463834,158.81757489647427,124.39742772800756,213.48098433531698,128.17785100578462,242.35000610351562,347.1600036621094,12.619565432310392,106.37506258398983,154.99000549316406,72.108691399732,152.7436678355712,126.2503890991211,216.89865112304688,131.39715576171875,244.14999389648438,350.54998779296875,12.688687324523926,108.12593078613281,155.6699981689453,73.89897918701172,158.78770446777344,1474100.0,7647700.0,5578300.0,4644500.0,11804200.0,10472000.0,1927200.0,48817700.0,1673100.0,3663900.0,0.020810045966335716,0.03974030583334465,0.02511498106510753,0.004268747186734669,0.0011131114894365685,0.00938243502319535,0.013523733974747496,-0.024556262114979195,0.024662345407841423,0.037699321902977506,0.011136634076255559,0.04033047259197359,0.0025479526661277107,0.0004112769510575607,0.012853972085314485,0.005483779822339494,-0.0004664151484289409,-0.005783258528234077,0.0033053529332265174,0.0014314892841057877,-0.003261274342805096,0.047015038589750195,-0.01651778643743373,-0.03566248316280073,-0.004500854538317862,0.003129860578122507,0.012392204194052703,-0.030546193808375244,0.013844827838782114,0.004104875595292276,0.009673411890080114,-0.0005901667586290243,0.02256702839897982,0.0038574702356770395,-0.011740860595878099,0.0038986552008558424,0.013990149123176504,-0.01877300358674508,0.02135699247461489,0.03626783261887186,0.012195280093549993,0.006423609058034898,0.022793152704131018,0.005535372326775463,0.0015775915508670349,0.014734627235926645,0.014542003054769024,0.009974122693198516,0.026993809935066056,0.03645593042913928,0.0025218682034699267,0.007013775816663872,0.000226124305150978,0.0016779020910982724,0.013318452146745013,0.010835972035070791,0.0005518539315925418,0.02874712627994358,0.005636817460451221,0.0001880978102674405,-0.005112235570170157,-0.016472603326530253,-0.002238671273606863,-0.003542307796852377,-0.02145839610153378,-0.0015637577716171214,-0.0023352492914819716,-0.023150739721077385,-0.00316743846192513,-0.0025391426508423118,-0.014785647460250165,-0.015882436567901267,-0.02480569967258668,-0.0073997780325295165,-0.009717535505655723,-0.005462412972472923,-0.016325398414658413,-0.004377736134332303,-0.024524430936539946,-0.03880697526971418,0.01730751566372,0.02289621238456514,0.025031823977737865,0.00907768012362775,0.023035987652400627,0.0162983850075437,0.016877252346250985,0.03312486241427589,0.030161248396991167,0.03899507307998165,-0.09096636742599173,0.5409907331920376,0.11092926821827476,0.22757756364959647,1.1602126544043756,0.24543186673133732,-0.25459657889802934,0.0871446274149612,0.4741832296185873,0.2909332677545944
2025-09-12,125.97144077444447,215.81524723759978,130.57500042093582,244.5,361.1000061035156,12.639315663431328,107.94686688575074,157.0,73.41161937373568,158.42924969977116,126.05113983467204,217.05625365029488,133.68534330399038,245.25,366.5,12.846679470612631,108.94167717752667,160.41000366210938,73.7597363727828,161.40646247749117,122.66400578020792,214.93867073797196,130.1589539146697,238.00999450683594,341.6099853515625,12.540570634601226,107.55889147914213,154.9199981689453,72.13852919228711,157.13480870104488,122.77359008789062,215.04701232910156,132.46694946289062,238.5399932861328,349.3599853515625,12.718311309814453,108.56364440917969,158.57000732421875,72.17831420898438,157.19454956054688,1250800.0,4418800.0,5700300.0,5637500.0,14146600.0,12349600.0,1800000.0,42232800.0,766700.0,2865100.0,-0.02792522197144338,-0.00857353270438432,0.008108716128301345,-0.023245782503772475,-0.0034004475825097063,0.002331955784429792,0.004040011781873169,0.018457812105312308,-0.023559370855596444,-0.01008391064322869,-0.002211929384138249,-0.005007494112914504,-0.006276682621147954,0.0014325434062978568,0.02965163035551038,-0.0038985879502094617,-0.0016574408560798182,0.008507435062962337,-0.006616789235324158,-0.002259998501738531,0.00746148250594187,-0.005597660871543504,0.016290345777831908,0.005290013641974907,0.01791076975963226,6.725064634414104e-08,0.012332708267096692,-0.010265568523782858,0.014740203239290647,0.03400783411713333,-0.02571329258730512,-0.0035660385914698814,0.014385398749449309,-0.024678325910070256,-0.03305207793802001,0.006230543734639389,0.0056974526379530025,0.009950377042349976,-0.01694258162027228,-0.00782391214149016,0.0006324755717662455,0.005733848544877663,0.023541076797956254,0.003062789530545731,0.014843576140730959,0.01627312429044336,0.009173534475778481,0.0214872551101241,0.004730779933735882,0.018617675638609426,0.02634576815907138,0.0092998871363475,0.009155678048507043,0.02774111544061594,0.04789565407875087,0.010042580555803916,0.0034760818378255566,0.011536878067774111,0.021673361554008144,0.02644158778009944,-0.026606263483446486,-0.0040699697579661045,-0.003191351586226355,-0.026902642398962427,-0.05548525257594037,-0.007843207380680258,-0.003600607507725806,-0.013336962521113018,-0.01749393816005619,-0.008204028466301227,-0.0008929708961413716,-0.000503931166496272,-0.017576750335675684,-0.002224316488892236,-0.022433174637920352,-0.014073751115319512,-0.009298060145678737,-0.0232873395634631,-0.0005513565397839978,-0.000380116324811113,0.02723873905521271,0.00980381830284384,0.026732428384182782,0.029965431929508162,0.07032882871667122,0.024116331671123595,0.0127741419835042,0.034824217631237206,0.022224718093792135,0.02682170410491058,-0.2702476783617236,-0.005153333371781699,0.15908401111988368,0.4146111998826818,1.2747869418505964,0.37230813137740704,-0.30497494285375915,-0.03519488187334474,-0.29765868107336146,0.08476077181457775
2025-09-15,123.52075585765263,216.28802592326775,132.61554917972614,240.6699981689453,350.5,12.767683338201008,108.47411698341357,160.00999450683594,72.43691347976161,157.32399397284664,125.93160310776122,216.28802592326775,133.08111138263496,242.25,358.0,13.034293399169396,108.72281956061605,162.3000030517578,73.03367355754821,157.70237299748743,123.23185245493859,211.07780063411622,129.723129500496,235.9199981689453,345.04998779296875,12.708436134817838,107.63847237731703,157.60000610351562,72.07885591544643,154.58575990053444,125.15454864501953,214.32803344726562,130.08963012695312,237.8699951171875,347.1000061035156,12.866427421569824,107.8473892211914,161.16000366210938,72.85464477539062,155.98973083496094,2084900.0,5162100.0,4057700.0,5385900.0,6768600.0,14860600.0,1836500.0,36808700.0,799600.0,3219500.0,0.01920743461028862,-0.00334895826334161,-0.01810950089500342,-0.0028126975796707383,-0.0064899267959001895,0.011578603014911398,-0.0066194203807511875,0.016201500655926734,0.009326645112397945,-0.007694030285558181,0.0060672774191277935,0.005754306552823606,0.001121158380219066,0.008889709931301174,0.0032578392266894417,0.003874448757457455,-0.0008249940496021646,0.00904009655999497,0.0035763805865343013,0.0008231274261553953,-0.0196460151681774,0.002188267961353795,0.015506557129668358,-0.015788615978768978,-0.029794238711330457,0.010104992492096735,0.00487245858835094,0.01899047360234491,-0.013366201033737883,-0.007000784715334679,0.013140157191160837,-0.009103264816165316,-0.019230659275222568,-0.011702407510972068,-0.009747766022589676,0.00770415425745402,-0.005794426331149111,0.007161404095932042,0.005750264525863606,-0.008517157711713621,0.019329721514862005,0.0,0.0035044676767773215,0.006543557834717852,0.02117227992605562,0.02066659875679966,0.002290112281098584,0.014210214373082812,0.008204592248215488,0.002402206585028234,0.0061895643237011725,0.009103264816165179,0.022735126951999765,0.018245965345689903,0.030920045948645246,0.012962444499345797,0.00808453861224766,0.007048810277150943,0.002454327722351874,0.01091936429674181,-0.002341645234891306,-0.02438418387451587,-0.02205192848525891,-0.019933936190474285,-0.01567140778560664,-0.00465120366994742,-0.00773345757693436,-0.015176062798983984,-0.0049552834058688025,-0.017558312213378637,-0.015481802426052077,-0.01528091905835055,-0.0028212692100363992,-0.008231528679502186,-0.005923641763016962,-0.01235535792740138,-0.0019390312457853065,-0.022337466894915878,-0.010705547931732382,-0.009041154501664948,0.02167136674975338,0.02438418387451596,0.02555639616203613,0.026477494025192044,0.036843687711662174,0.025317802426747096,0.010023569858032825,0.029386277172066707,0.013159875654084219,0.01996051879840682,0.21464887138046862,0.1426849365697489,-0.15511726888831134,0.3567977257815045,0.507660893875487,0.553978885783696,-0.26664253718798747,-0.15582361588984028,-0.23323934855353912,0.2112408941734909
2025-09-16,125.15454737247991,215.0371702459819,130.5155483110686,237.50999450683594,350.1600036621094,12.846679085939714,107.44945915083976,161.3699951171875,72.90438310164093,156.2286963385765,127.09717210880058,215.41144393257716,132.3976122685295,238.75,356.94000244140625,12.876302217020774,107.54893865966032,161.9499969482422,73.31216627482975,156.8062166283443,124.5468553247639,212.584718770434,129.9608398148647,235.8300018310547,348.32000732421875,12.530695568166433,106.40490533372375,159.22000122070312,72.38718543294215,152.97269799236577,126.70864868164062,212.99838256835938,131.506103515625,236.80999755859375,352.7300109863281,12.540570259094238,107.07142639160156,160.4600067138672,73.21270751953125,155.83041381835938,1721100.0,4251000.0,5401600.0,6464100.0,6697000.0,8826000.0,2874500.0,27946500.0,640100.0,2208600.0,0.012340983336744816,-0.006223135852276333,0.010829589707669552,-0.0044661638868126385,0.0160899824423301,-0.025652384073604713,-0.007221016914060538,-0.00435295087969986,0.00490271721549443,-0.0010218520720762082,-1.0167745697131178e-08,0.0033031900927363734,0.0032686884112502427,-0.001514580701871994,0.008777262888973299,-0.0015360524024810984,-0.003696575463063498,0.0013021516481856899,0.0006824733795950752,0.001530758786028939,0.013140147023415153,-0.005800074723428888,-0.015961970863972302,-0.01321698821284396,-0.0009705031336163095,0.006168101854972854,-0.009491001794212599,0.008463555744117616,0.006432737905458467,-0.0069863989256847905,0.01234099350449052,-0.009526325945012744,0.007560901296419261,-0.002951583184940639,0.0073127195533568565,-0.024116331671123637,-0.003524441450997055,-0.005655102527885628,0.004220243835899447,-0.002552610858105112,0.015402576012160243,0.0017389940103749398,0.014317245302913612,0.005207274637525801,0.019177503926663283,0.002303243455949597,0.0009253977418700252,0.0035877920787402446,0.005577812254121902,0.0036898181070422064,0.0030615825076697944,0.011265319955387626,0.006756344006494235,0.008158857822466599,0.011864784373306599,0.026419575127073314,0.004449839192867029,0.009242894606625815,0.001357568418222657,0.006242428965147458,-0.004867359501363507,-0.011470312568995694,-0.00425919092906433,-0.007098490485239773,-0.005268584827521202,-0.02490406145760198,-0.009768910974305437,-0.013412933367568484,-0.007119475114903047,-0.021061474912808686,-0.017208353005854007,-0.0019439866239828703,-0.011820092225483695,-0.0041469073002990565,-0.01258130438087794,-0.0007877297864782962,-0.006244469523308452,-0.0077578308396828765,-0.011339718950802397,-0.018508864054703564,0.020269935513523806,0.013209306579370387,0.018576436231978032,0.012305765122765516,0.024446088754184515,0.027207304913551483,0.010694308716175615,0.017000725446308707,0.012697287369025043,0.024751293019850962,-0.003212556981328163,-0.03358299055524938,0.1137883797471666,0.512397162459262,0.4555738290066653,0.037071384297027166,0.1571776621927885,-0.4186914105001023,-0.43019619283090194,-0.15774833908055363
2025-09-17,127.23664057619678,215.79556528295527,131.45659925374804,237.72999572753906,353.17999267578125,12.560319618782431,107.42956148509677,159.27999877929688,73.58070832322397,155.83040258577267,129.5877096847855,218.2086116620487,132.95233230113212,245.1999969482422,365.0,12.688687775510278,109.41918207237784,161.6300048828125,74.7941171975812,157.86166760206882,125.90170789903907,214.02270966796453,131.45659925374804,236.99000549316406,353.17999267578125,12.175215148598886,106.54418093094071,155.75999450683594,72.25788496069953,152.8830604907023,126.24042510986328,217.47976684570312,132.90280151367188,241.24000549316406,362.07000732421875,12.35295581817627,108.66313171386719,159.16000366210938,72.72534942626953,154.4961395263672,1921700.0,5258400.0,5113300.0,5248200.0,6449900.0,12631800.0,2354400.0,41823800.0,1083200.0,2757300.0,-0.003702121534083709,0.020821248099969058,0.0105647802509262,0.018534189814948487,0.026134660632267683,-0.015073637436199586,0.014756413800277833,-0.008134723599176625,-0.006678996763049613,-0.008599215888416589,0.004158318170958587,0.0130469303827382,-0.0003765116645092684,0.003877436399903217,0.0012748983526723562,0.00157359869387752,0.003339242675044155,-0.007381080074826216,0.005013870308930038,-7.208212331465943e-08,0.01649931167544898,0.0035206044377254306,0.007184389631909976,0.0009258532149625213,0.008587617906029,-0.022542732977246176,-0.00018519877595286966,-0.013036182602711825,0.009234114144829494,-0.0025526829402283883,-0.00786043970504216,0.007774317717230775,0.010941291915435658,0.014656753415045387,0.02485976227959524,-0.016647236130077,0.011417171125233726,-0.0007536435243504393,-0.011692867071979814,-0.008599143806293275,0.018309282471642378,0.01112003696144201,0.011313906785215164,0.03093863367778566,0.032919532335433946,0.010168262122781518,0.01835082268405774,0.01464615053947364,0.016356358593369286,0.012950875080704626,0.026169722176684642,0.003345719244211301,0.00037261486977965076,0.01628188026274037,0.008059770055838569,0.026815498252858585,0.006933651558824162,0.015399794063824152,0.0280492256653492,0.02155001888699782,-0.01054715779164971,-0.008249373152266393,0.0,-0.0031175886072826605,0.0,-0.0311402679162218,-0.008275647256457177,-0.02234732629496208,-0.018141420761095706,-0.019094934307610223,-0.0026867180866075673,-0.016023690869497044,-0.010941291915435558,-0.017774342022328023,-0.024859762279595257,-0.014493031786144818,-0.01969281838169078,-0.021593682770611595,-0.006448553689115953,-0.010495790501316984,0.028856440263292156,0.019369410113708446,0.011313906785215164,0.03405622228506828,0.032919532335433946,0.04130853003900336,0.026626469940514857,0.036993476834435754,0.03449777935446509,0.032045809388314785,0.08800828864047894,0.16510574445494086,0.05625049838294238,0.2969432335103672,0.3763991838578793,0.39503166799609346,-0.04412166879197876,0.006107264360917242,0.07841202682189419,0.05161711516163159
2025-09-18,127.27649348672988,217.73584495246052,132.82354908939763,241.97999572753906,366.8599853515625,12.45169976332856,108.12593570713781,150.9600067138672,72.8645979792675,154.4861770591027,128.05353275450005,218.72076302247774,133.50703462635732,243.33999633789062,370.8599853515625,12.817054847617406,108.77255634089104,158.77000427246094,73.1231892250361,156.24860828171174,126.28027799394197,216.6031801547465,130.85235382650208,237.92999267578125,365.8500061035156,12.362830371233178,107.41962129334247,149.85000610351562,72.29767472782615,153.64977468662855,127.13702392578125,218.6419677734375,133.2990264892578,239.5500030517578,367.4599914550781,12.787431716918945,107.43951416015625,157.9199981689453,72.67562103271484,154.735107421875,1513200.0,4445600.0,5891700.0,5698200.0,4752400.0,7340100.0,3167900.0,84549500.0,915800.0,1795000.0,0.007077208817496787,0.005329721435986656,0.0029768786425259496,-0.007030135284646386,0.01477686241091651,0.03456741949161611,-0.011324531688528193,-0.007821444477361526,-0.0006840173808554449,0.0015455614232772574,0.008173609483140706,0.0011767874559985953,-0.0005964965570352615,0.0030627491037536463,0.013142680430320441,0.007961768825228555,-0.004955942775547144,-0.05289506303293663,0.0019128875027463845,-6.448567916792815e-05,0.00031316977809836755,0.00895110517322939,0.01034479535840039,0.01771950251879891,0.03800244270991583,-0.008685467304848406,0.006461228349686578,-0.05364870655728714,-0.00977997956923339,-0.00866362948546125,-0.0010964006656438033,0.004152933979987929,0.0035733751995612453,-0.010092884388399887,0.001634181980595839,0.0266056506663876,-0.006368588912981152,0.045073618555575234,-0.002596904883601825,0.0016100471024451642,0.006086567083995372,0.004513253889959929,0.005132621480346864,0.005604566852875439,0.010844329443698612,0.028919553258498286,0.005962443936791344,0.05044169546439765,0.0035426458770461454,0.011343758117698444,0.007182967749639101,0.00036031990997206873,0.0015592462807857942,0.01569745124127538,0.009210147463102706,0.002313902592110594,0.012331032849772466,0.0053680769088225765,0.006139550760648049,0.009733711015253324,-0.007857968952128975,-0.005215591046797657,-0.014951931248688662,-0.01687857847681985,-0.002756833943824954,-0.007162720516052748,-0.006553760158584708,-0.007380111041265296,-0.007810929427150471,-0.00542880129326439,-0.006761568286485236,-0.009368525026785647,-0.018525306448249797,-0.006785694088420027,-0.004391015924420945,-0.03376837118244037,-0.00018517124560361116,-0.05245372959684046,-0.0052140245435486005,-0.007038848395709571,0.013944536036124406,0.009728844936757556,0.02008455272903551,0.022483145329695375,0.013601163387523615,0.03608227377455106,0.01251620409537591,0.05782180650566301,0.01135357530419666,0.016772559410962753,-0.15373652754297495,0.010336394247016045,0.17386929855901734,0.3733669462358584,0.05884407658971469,-0.153385896840728,0.24439004984440515,0.6930231972228356,-0.0933284351435546,-0.3478213092626792
2025-09-19,127.79451555641465,219.06548192424614,133.42778657131996,239.52000427246094,368.94000244140625,12.866427680895056,107.80759066014589,157.3800048828125,72.48663759128019,155.24294241114956,128.06349798177834,220.11935150464424,135.43861248075288,240.97000122070312,370.30999755859375,12.925674885472363,108.00654967632117,159.83999633789062,72.99388706181968,156.73652465826046,125.54306653159094,218.24799809808457,132.4570466772045,234.17999267578125,362.5400085449219,12.589942923506479,107.24054911526639,155.89999389648438,72.07885445520343,154.028160968019,125.84193420410156,219.11473083496094,134.755126953125,239.6999969482422,365.8999938964844,12.886177062988281,107.47930145263672,157.38999938964844,72.69550323486328,155.92999267578125,2844300.0,14415100.0,11547400.0,11522600.0,7693000.0,13127500.0,6940700.0,55448100.0,2025700.0,6507100.0,-0.010238804406959548,0.0021599360869894815,0.01086433295327494,0.0006259526400913018,-0.004254390593238108,0.007692399914405736,0.00037025416152192846,-0.003361766404793686,0.0002735371604585396,0.0076924710610507836,0.005158193370575477,0.001935147703177973,0.0009654829267948244,-0.0001252375597613667,0.0040195898732170955,0.006158622173373369,0.0034200400425309463,-0.003425269957887343,-0.0026037559623901868,0.0032765897062243653,0.004061792704931664,0.006088081683165777,0.0045388581263561345,-0.010218121948161307,0.005653771853813066,0.032764272839760994,-0.0029485488704502597,0.04164834859768771,-0.005200660845992083,0.0048866368086696475,-0.015396997777534904,0.0002247883838116127,0.009898850026480159,0.0007511901998527455,-0.008273980466455175,0.0015337777410321313,-0.0030497858810089214,6.350355309355557e-05,0.0028772931228486075,0.004415881354826382,0.0021025921427218156,0.004799216744069371,0.014958086313202784,0.006035510971285691,0.0037064502822520386,0.004594220935268996,0.001843800153503856,0.015509997856688945,0.006973462975081158,0.009574948454440985,0.01749958992025668,0.004574428360257858,0.005059236286722698,0.005284320771432817,0.011980430748707183,0.00306044319423667,0.004893586034512857,0.015446494303595269,0.00409616985223249,0.005159067099614531,-0.01777476743321985,-0.003738667183673285,-0.007301990079660521,-0.02254691936435733,-0.01749919920641614,-0.021723099038933207,-0.005273636495052206,-0.00944855721892584,-0.005641515299896293,-0.007855811145924502,-0.0023777696556849166,-0.003963455567484791,-0.01720084010614064,-0.023298109564210166,-0.009225218739960997,-0.023256876779965487,-0.0022238506140433117,-0.00951206077201949,-0.008518808422745008,-0.012271692500750792,0.019877359575941587,0.008537883927742572,0.022260076392863343,0.02858243033564296,0.02120564948866824,0.026317319974202256,0.0071174366485561935,0.024958555075614744,0.01261497827497745,0.017430759600365386,0.41034930939640546,1.1368943120080175,0.7935260969486162,1.0044190875744032,0.48149043788042256,0.39255249678550364,0.9929761956118437,0.2520829346470421,0.6490518372049845,0.8866774117730998
2025-09-22,125.02504513439342,219.1048810263087,134.05184128084014,239.86000061035156,364.1600036621094,12.915800253881187,107.21070343508465,157.4199981689453,72.38718519597658,154.9342667595208,126.14080922954929,221.76415681639222,136.19144420821317,242.49000549316406,365.3800048828125,13.014545281397131,107.60862907580466,162.67999267578125,72.42697021560907,155.04379672892568,124.69629219557234,218.0904015852444,133.67542545620785,238.58999633789062,359.3599853515625,12.738059581033436,106.67351254838302,157.4199981689453,71.7009068866953,152.9826459938074,125.8519058227539,219.23291015625,135.32965087890625,239.99000549316406,364.0799865722656,12.96517276763916,106.8426284790039,159.7899932861328,71.8699951171875,153.2017059326172,976700.0,5990700.0,4837000.0,6070400.0,4709600.0,6105000.0,2673800.0,46505500.0,769400.0,2484800.0,7.92360961754623e-05,0.0005392036507147604,0.004254403354115637,0.0012091499876154832,-0.0049864685172197306,0.006111553249602127,-0.005941294450458896,0.015133613448926076,-0.011420665369840322,-0.017651749050703026,-0.006512550668151001,-4.495375554764067e-05,-0.005232656590778638,0.0006672936394241995,-0.0047667137901001135,0.002296196415091944,-0.002502195272976158,0.0001905833970986796,-0.004250245240940288,-0.006406200078450362,-0.02190954844568584,0.00017983462826400172,0.004666193435701457,0.0014184838392770766,-0.013040694256555348,0.003829974156124081,-0.005551981153985187,0.00025408695019237356,-0.00137295211809153,-0.0019903187236240617,0.006591786764326436,0.0005841574062625206,0.009487059944894316,0.0005418563481912219,-0.00021975472711961686,0.00381535683451024,-0.0034390991774826346,0.014943030051827469,-0.007170420128900037,-0.011245548972252625,0.008884738235675534,0.012063936516309198,0.01583497352362328,0.010905072718828564,0.0033445797178482425,0.0076162120326385635,0.003704751254947797,0.03286765493412635,0.0005494631449579879,0.0007066950011280685,0.0022929514713491716,0.01147977911004661,0.006347913578729075,0.01036321637063743,0.00356433444496785,0.0038008551981281937,0.007143850432430356,0.017924624882298845,0.007719883273858055,0.011952243973380648,-0.0026329598604493605,-0.004640860970825803,-0.0028119367686837817,-0.005308840060001677,-0.013268710766724435,-0.013857058399852762,-0.005023203921713585,0.0,-0.009525887794151049,-0.012676451464873706,-0.009224746624775652,-0.005225018377088356,-0.01229899671357802,-0.005850696408192791,-0.013048956039604875,-0.017672415234363092,-0.0015841047442309148,-0.01494303005182741,-0.0023554676652510374,-0.0014309024926211571,0.011517698096124867,0.01670479748713488,0.018646910292307143,0.016213912778830247,0.016613290484572624,0.021473270432491337,0.008727955176661247,0.03286765493412635,0.010075350939109112,0.013383146466001854,-0.6445937763225267,0.2547067025387406,-0.084537955707086,0.32997406253041106,-0.03079969205445998,-0.37005646930694525,0.030021704887365885,0.07343543321322343,-0.32561939741952095,-0.08793262774825727
2025-09-23,125.6925042083912,218.66165240731272,134.99286806638003,240.50999450683594,364.17999267578125,13.024418682245615,106.79288180024211,160.52000427246094,72.09874434788051,153.18179272384347,126.50940059095723,221.01560596221407,135.5872072613934,241.1999969482422,368.7300109863281,13.33052750599149,108.85213877162616,163.38999938964844,72.93421452408765,157.4633982351927,125.4235293753296,218.58285715931999,133.76457411686678,234.10000610351562,361.29998779296875,12.955297729855596,106.295476661359,159.2100067138672,71.35279235651018,153.18179272384347,125.46337890625,219.2526092529297,134.60655212402344,235.5,361.7799987792969,12.97504711151123,107.66831970214844,160.89999389648438,71.78047180175781,155.62130737304688,1281500.0,4629900.0,5136400.0,6777800.0,3831100.0,7183300.0,2539900.0,39448300.0,622300.0,2254000.0,-0.003091950626515989,8.985061454020685e-05,-0.005357565798589111,-0.01888636523990961,-0.006337297927781181,0.0007613153932390426,0.0076983977558880545,0.0069226049302614215,-0.0012464049569699683,0.015670146639178702,-0.0012673836455335766,-0.002609112429536254,-0.002491712404034339,0.002164367186938315,0.0002746439650508777,0.004559211124689258,-0.0004657154570969574,0.0045581608806140915,0.003177765173732111,-0.00012998878130884582,0.005324403118792771,-0.002024955023273804,0.006995347540859913,0.0027062235351295438,5.488923793114361e-05,0.008374567959199743,-0.0039048146345796427,0.019501190932441338,-0.003992654955167898,-0.011375537753561473,-0.0018245669809824206,0.00269896304407639,-0.0028658533945549146,-0.02105073242684794,-0.006611941892831929,-0.00379789573145026,0.00816411321298507,0.0023644440496474236,-0.004424170130702169,0.015800135420487537,0.0064781369518548985,0.01070774528931447,0.004393081420701368,0.002864806317314288,0.012416467897884628,0.023230750528405956,0.01909916179075923,0.01772140529208866,0.011521235232297165,0.027567635307355245,0.008302703932837167,0.008008782245238029,0.0072589348152562825,0.023915538744162235,0.019028409790716697,0.027028646259856202,0.010935048577774225,0.01535696124244116,0.015945405362999262,0.011767499886867741,-0.002142236256979796,-0.00036041732770430063,-0.009140602705421632,-0.02701324531419753,-0.007939626424981933,-0.005321160122665918,-0.004668542626147551,-0.008194444337297184,-0.010400149516734312,0.0,-0.00031766927599737016,-0.0030593803717807485,-0.006274749310866779,-0.0059625128873496015,-0.00132768453214993,-0.0015232643912156472,-0.012832655839132586,-0.010558888386944545,-0.005975979386032126,-0.015800135420487478,0.00862037320883464,0.011068162617018809,0.013533684126123057,0.02987805163151197,0.020356094322866423,0.02855191065107173,0.02376770441690684,0.0259158496293857,0.021921384749031547,0.027567635307355245,-0.36570184371844405,-0.028179990454876958,-0.028858037298475026,0.38742291014976615,-0.2636511234810204,-0.21365284999613898,-0.04085300916126933,-0.09553106468134231,-0.5375916282544821,-0.20235703644475933
2025-09-24,124.69629001218343,218.65181433510446,134.03202915340776,236.6699981689453,355.6000061035156,12.994795477130515,107.62852367322557,162.97999572753906,71.44231387761928,155.33254150814864,125.48330115473793,218.88820008524283,135.5376773733153,240.07000732421875,355.6000061035156,13.281154917582699,108.79244984738534,165.10000610351562,72.30761337155907,155.83040221811066,123.61041878545085,215.24399115673194,132.52638093350023,235.75,347.79998779296875,12.905925143593228,107.34997801682495,158.42999267578125,71.34285512510185,153.799137206607,123.9092788696289,216.67213439941406,132.6254425048828,239.0800018310547,353.2699890136719,13.19228458404541,108.74270629882812,160.8800048828125,71.57160949707031,153.93853759765625,1239900.0,5074500.0,3932400.0,6855400.0,6140000.0,10851800.0,2134300.0,38464100.0,820900.0,1739300.0,-0.01246423862574407,-0.011839222400254408,-0.01482716107001948,0.015087318158334027,-0.023803682909657953,0.016604097505870774,0.009929211495661798,-0.0001242402496949454,-0.0029139786543357416,-0.010872122973367787,-0.006132813507913704,-0.002743956271855142,-0.004277299588209155,0.004955844581893542,-0.017229768095588634,0.0015208693975287515,-0.00036968520998433214,0.012844451612699542,-0.004722133435728981,-0.0018572913565541099,-0.00795738048889618,-4.4993227778708493e-05,-0.007143152982764036,-0.016094887844954237,-0.02384170998842062,-0.002277026333921423,0.0077944280030007905,0.01520889566234677,-0.009146303566431084,0.013942844063933457,-0.0063314251178302975,-0.00909526612839928,-0.010549861481810342,0.010131473576440349,-0.006573914814069298,0.015083228108341947,0.01029889670564617,-0.012968691862394337,0.0018081547813932675,-0.009014831616813717,0.006291590253036899,0.0010805218510149288,0.011170868541192543,0.014263819952517803,0.0,0.02179717756447078,0.010756234731420808,0.012923920217240228,0.012039100983847983,0.0032000027306708497,0.012623015370867189,0.010175787979414163,0.02172073002300282,0.004132346376077445,0.006573914814069296,0.006713949456128896,0.00045733802577458923,0.025892612079634517,0.01023094620245491,0.01221483434748456,-0.008746265086056696,-0.015708348451137395,-0.011297067929097541,-0.0038948365247992232,-0.022178953981406752,-0.0068624100155490215,-0.0025913829530534024,-0.02831465852048872,-0.0013931246402951792,-0.009920800641715565,-0.0024148399682263765,-0.006613082322738177,-0.0007472064472872688,-0.014026310101239592,-0.015605039167337468,-0.021945638123891005,-0.012890279658699606,-0.01534596665809439,-0.0032012794216884108,-0.0009059690249017993,0.015037855339093738,0.016788870302152224,0.022467936470290075,0.01815865647731708,0.022178953981406627,0.02865958758001979,0.013347617684474159,0.04123857873772893,0.013432225624143231,0.013120803372386419,-0.377408612461247,0.047757152785553814,-0.2742016084719179,0.3818574970144475,0.1874306120811724,0.173568181984475,-0.17617859983298345,-0.10558766884878423,-0.24450588564917553,-0.4349852577771056
2025-09-25,123.19200895033185,216.7804882154653,133.16033562761447,238.49000549316406,351.9100036621094,13.152786864233386,109.0013640004735,157.13999938964844,71.58155640524964,153.34111046653427,123.19200895033185,218.90789997206153,133.16033562761447,242.0,357.0,13.192284685921383,109.53856247193397,161.6300048828125,71.76058519195745,153.34111046653427,120.32290352583355,214.74170045576537,129.94103105000056,229.39999389648438,351.5,12.807181159889005,108.05629725370798,154.77999877929688,70.70630118658198,151.17044489696798,121.42870330810547,215.24400329589844,132.05091857910156,232.55999755859375,354.1600036621094,12.866427421569824,108.91183471679688,161.27000427246094,71.01463317871094,152.37525939941406,1411800.0,6666000.0,4963400.0,10401100.0,3336700.0,7644900.0,1913100.0,36809900.0,682400.0,2949300.0,-0.020222389324705457,-0.006613025925502118,-0.0043413384238486785,-0.027649985862148934,0.002516192774481317,-0.0250107640449296,0.0015540999164991949,0.00242122966997421,-0.007812523015529843,-0.010207126065563456,-0.0058054892402910644,0.0004999569164193601,0.004024999746963892,-0.0024708278535180745,-0.003857134495545226,-0.002998492487149912,0.002375796713582124,-0.023521651951496157,0.0001389687490687482,-0.0038884962779913526,-0.012136914358121375,-0.008595309211979856,-0.006524861734846494,0.0076606457229222436,-0.01043104930961458,0.012084735621192165,0.012674693419228366,-0.0364903438138906,0.0019471235304620387,-0.012903327894805047,-0.014416900084414359,-0.00711298284192164,-0.008366338170812542,-0.025179158008630846,0.0063733272700266155,-0.022012271557779742,-0.0008216967970828545,0.02594288162147033,-0.00795149176459861,-0.006318629787572081,0.0,0.009765826779399694,0.0,0.014610322395397949,0.014360310285512146,0.002998500209540316,0.004916260036518194,0.028172678767982906,0.0024979238875922492,0.0,0.014416900084414336,0.016878809621321482,0.008366338170812573,0.03978948040402885,0.007986983015485415,0.025010771767319927,0.005737956833601033,0.0022297971465126297,0.010449415652190885,0.0063186297875721595,-0.023565194971839558,-0.009449353861891994,-0.02447319295040746,-0.038860225672450975,-0.0011657602434073907,-0.02662762328460703,-0.00870803373923625,-0.015132377907934511,-0.01230275405330594,-0.01425694558222896,-0.009148294887425183,-0.002336371019970394,-0.016106854779595028,-0.013681067663820112,-0.007539087513434086,-0.004615351726827274,-0.007886336942153436,-0.041075259529404884,-0.004351262288707243,-0.007938315794656895,0.02356519497183957,0.019215180641291765,0.02447319295040752,0.05347054806784895,0.015526070528919382,0.02962612349414726,0.01362429377575453,0.04330505667591755,0.014800677940898206,0.014256945582229001,-0.23832691286644092,0.2877485577514296,-0.0434611153554787,0.7219382923108704,-0.4398593980166545,-0.17892961022804243,-0.25461366889942205,-0.14924674840971974,-0.40488071149933624,0.07741100632461873
2025-09-26,121.58810194830033,217.30249370848978,132.714597303276,232.60000610351562,353.7099914550781,12.94542334521549,109.72757750096153,160.52000427246094,71.23344551698291,153.36101857773156,123.5805329013211,218.13966510902785,132.93252068245883,241.3000030517578,360.7200012207031,13.251532176201511,110.86166061898284,162.11000061035156,72.1584262978958,153.83896060893764,121.08999421004515,214.38712940589252,131.8429189012194,231.0500030517578,352.7799987792969,12.94542334521549,109.3694451910811,157.0500030517578,70.90522481673922,151.71806910561182,122.92302703857422,217.2827911376953,132.28866577148438,238.97000122070312,360.3699951171875,13.07379150390625,110.78207397460938,159.4600067138672,72.0589599609375,152.15618896484375,1167100.0,4185600.0,4182100.0,8163200.0,3073000.0,5898400.0,1878500.0,30316900.0,637200.0,2104000.0,0.012231076550532802,0.009427406431018396,0.0017988017729029032,0.027189780395813858,0.01738246911236825,0.01598818422844334,0.017026274871873665,-0.011286856306901204,0.01459871534227368,-0.0014387379269763655,0.0013118324297435602,0.00951807940819896,0.0050133425572071654,0.00017202057230008847,-0.0012714545630112834,0.00612092259448395,0.007462026732129016,-0.004661433469926599,0.0030764916175021854,0.006448450283355854,-0.013105067654670812,0.0024050965662773933,-0.00335299561360531,-0.025007137436330772,0.005101872707015426,-0.015891348963295734,0.0066403299350460574,0.021281448151543748,-0.004875000147096516,0.00012982049578386286,0.010919244120789238,-9.067297718069819e-05,-0.003214540784304396,0.027017759823513742,0.01865392367537952,0.009867261633959273,0.009564248139744687,-0.006625422836974587,0.01152222372477152,-0.007887188210332309,0.016253912895710605,0.0038451602127552403,0.0016406986058854873,0.03672071895318058,0.01962469329576016,0.023370865640873543,0.010282397452107425,0.009856548903434308,0.012901618474739494,0.0031116044870461526,0.005334668774921328,0.00393583318993587,0.0048552393901897155,0.009702959129666674,0.0009707696203805504,0.013503604006914116,0.0007181493123627982,0.016481971740408826,0.0013793947499679176,0.010998792697378478,-0.004105095973981263,-0.01350696643682805,-0.006589731933643432,-0.006686115800468462,-0.002632714478050347,0.0,-0.0032691692880225725,-0.021854326598678527,-0.004618324947824068,-0.010770750415251567,-0.015024340094770513,-0.013416293459647368,-0.003375191149339047,-0.033703875623982193,-0.021286638153429915,-0.009867261633959267,-0.01283341742776722,-0.015228903761703914,-0.016140548672595515,-0.0028835622049192583,0.020359008869691934,0.017352126649583237,0.00823043053952882,0.04340683475364885,0.022257407773810484,0.023370865640873543,0.013551566740130016,0.031710875502112844,0.017519943422563525,0.013882354902297682,-0.36852229741802667,-0.17374398246192335,-0.20917101856043274,0.4293594713153208,-0.5115292974632997,-0.42535992618854657,-0.25979702060432075,-0.33432303474934244,-0.44696671969531465,-0.2428755034438126
2025-09-29,123.2916262699545,217.42065546056912,131.74383678930593,240.5,362.0400085449219,13.133038648373837,110.87160475605225,160.1199951171875,72.79497319217964,152.84324085069332,123.75984874772698,219.8731067693988,132.2391143712206,249.1300048828125,363.1700134277344,13.202159602081887,111.08052159780696,164.3000030517578,73.0635125792323,153.73938406818203,122.10612745180894,216.47512753769007,130.46602727842185,237.25,358.79998779296875,12.935549536563432,110.12549703201475,159.89999389648438,72.13853177549221,151.8873415843358,123.28166198730469,219.7943115234375,131.85279846191406,247.0,359.4200134277344,12.994795799255371,110.77212524414062,161.36000061035156,72.35734558105469,153.42076110839844,1486100.0,4958400.0,4351900.0,7837500.0,4075900.0,9288700.0,2286200.0,39828800.0,671800.0,2043400.0,0.002913309277780577,0.011492471297205995,-0.0033002596275223672,0.0330503104795058,-0.002639609413194246,-0.006060623503096708,-8.980854807100917e-05,0.011844748250383216,0.004132304085724927,0.008276667217092292,0.0029941313548649106,0.0006342913937068367,-0.004126990050013586,0.00638206339734441,0.0046234586845964,0.004521511763231857,0.0008078439015734919,0.0041303544515466735,0.010162231004359836,0.004505274310736647,0.013913375475654384,0.0005436184165262291,-0.00734153083431807,0.03339982322085826,0.023277382359976038,0.014388773397191185,0.01037209204131821,-0.0024950683854279045,0.021684454729131303,-0.003381913899595725,-8.082207708444444e-05,0.010858179903499118,0.0008267304224913397,0.026668247082161273,-0.007263068097790552,-0.010582135266328535,-0.0008976524496444941,0.007714393798836557,-0.006029926918634811,0.0037713929063556743,0.0037904897216247966,0.011216611042703429,0.003752349618550372,0.03525477863105473,0.0031163546092696985,0.00524933298564644,0.0018825402296080297,0.025770539987858856,0.003682194958347676,0.00584603103288174,0.0038713117987093466,0.0003584311392044235,0.002925619196059179,0.008586531548893299,0.01037942270706036,0.015831468251975046,0.002780192679252418,0.018056146189022272,0.009712121876982557,0.002074638126525995,-0.009661930662618555,-0.004358325001623895,-0.009746541236180099,-0.013605652055778598,-0.008989630398304069,-0.015151790241743384,-0.006752220302803703,-0.0013749219605869354,-0.009058580425236055,-0.006273754304974096,-0.00958110858553409,-0.015216504905122916,-0.01057327165867134,-0.04027389913793996,-0.0017265623005134555,-0.0045696549754147674,-0.0058545678531591325,-0.009089315759423566,-0.003028653506601252,-0.010045147211329831,0.013452420384243328,0.015574936044327359,0.01349889085473051,0.04886043068683336,0.012105985007573816,0.02040112322738982,0.0086347605324115,0.02714546194844577,0.012740775383583739,0.01211978533785583,-0.11783249528765971,-0.011846500729177478,-0.16847474724785805,0.33728156817618427,-0.2508208919447803,0.023633283357956003,-0.06097150936426665,-0.06442815065885199,-0.38022923861227476,-0.24845301577783552
2025-09-30,123.19980512565441,219.69582666454892,131.60517105097657,246.58999633789062,360.5400085449219,12.95529797689329,110.79202629028713,160.7899932861328,72.58610686037137,153.19175604564117,128.16093939035218,228.84572413310426,133.22968105554273,252.10000610351562,362.0,13.103415517027868,111.26953098592533,162.27999877929688,73.1629706472117,154.5558896137263,122.79054056494994,219.21322641897913,130.93158562169745,245.3800048828125,349.8999938964844,12.807181378461078,110.02601810590873,159.3300018310547,72.47669995861182,151.77781817126333,128.1210174560547,228.0479278564453,132.6749725341797,246.60000610351562,352.75,12.994795799255371,111.12030792236328,161.7899932861328,73.01378631591797,154.51605224609375,2417900.0,9187300.0,7538300.0,8966400.0,5360700.0,6187500.0,2523100.0,29669300.0,751300.0,2177100.0,0.038503593816237205,0.0368636553646423,0.006216184536191316,-0.001620721147061916,-0.018732067730404332,0.0,0.0031383040784530598,0.0026612590913249285,0.009031300618495596,0.007113769508486497,-0.000664202997640621,-0.00044817779503829596,-0.0018798253422836692,-0.0016613130713784778,0.003111272810907058,-0.0030441395090345987,0.00017964139110225502,-0.0035387734276847455,0.003156561616399354,-0.0014937753191924682,-0.0007450250747250568,0.0104100021084607,-0.0010530949197924333,0.025006934010783,-0.004151795286883464,-0.01362627477536312,-0.0007180110585421777,0.004175620371151822,-0.0028733653022354625,0.002277617587163307,0.0391677968138779,0.037311833159680494,0.00809600987847507,4.059192431638362e-05,-0.02184334054131154,0.00304413950903459,0.002958662687350912,0.006200032519009619,0.005874739002096318,0.008607544827678852,0.03947934379214863,0.04080409917828915,0.012268252210853653,0.022098834847967812,0.004041280551536138,0.01136810804693551,0.0043006582271640365,0.00922410681522622,0.007915889540507155,0.008865331850424684,0.0003115469782707969,0.003492266018608626,0.004172242332378692,0.02205824292365122,0.025884621092847632,0.00832396853790095,0.0013419955398130587,0.0030240742962163066,0.0020411505384109333,0.00025778702274583174,-0.003327487809947647,-0.002199090844297766,-0.005131372199680429,-0.004918974294578991,-0.02995554934419261,-0.01149875587677098,-0.006937940774923999,-0.009121589406184296,-0.0015084076325708753,-0.009272715215880436,-0.04249528462382559,-0.03951092400397825,-0.01322738207815534,-0.004959566218895479,-0.008112208802881146,-0.014542895385805572,-0.009896603462274825,-0.015321621925194056,-0.007383146634667168,-0.017880260043559224,0.04280683160209622,0.043003190022586714,0.017399624410534036,0.027017809142546822,0.03399682989572876,0.022866863923706498,0.01123859900208808,0.01834569622141038,0.009424297173078135,0.01813804706630501,0.36880401364962623,0.5673432292260383,0.3676228424313095,0.4253469603029796,0.011330369195768242,-0.37307764020611245,0.045947494068848016,-0.34567599078168953,-0.2405287884187608,-0.17348319757294028
2025-10-01,128.11102719353752,230.1162643535656,133.52685192925674,245.25999450683594,347.1600036621094,14.732701763960218,110.42394213536522,160.92999267578125,72.88448074528934,153.78917872438578,138.7320439462397,241.11779773050733,134.17070680170409,248.99000549316406,349.8299865722656,15.315295346019203,110.76217399069378,164.17999267578125,73.16296827228604,155.87023296000925,127.96130089854229,228.50099927021554,127.8608746388947,239.7100067138672,340.04998779296875,14.554961093717855,109.5982477735217,160.49000549316406,72.0390700131305,153.59998921323745,138.332763671875,240.6942901611328,132.20941162109375,243.7100067138672,343.7200012207031,15.17705249786377,110.17523956298828,164.00999450683594,72.70545196533203,155.33255004882812,4333300.0,12243100.0,10613900.0,6545100.0,6505700.0,58988500.0,1708900.0,39895200.0,1053400.0,2297900.0,0.07668684737971014,0.05397180594085645,-0.003515204521918495,-0.011788594084769377,-0.025932214736454844,0.15523562883619116,-0.008541284410047947,0.01362821156232954,-0.004231902587275357,0.005270313866968798,-7.797824457033682e-05,0.009028861631820458,0.00640027396348186,-0.0054487655443447875,-0.015973811408114044,0.12552067862056965,-0.0062864920229589,-0.0053297142012540925,-0.001772544761343501,-0.004715293776849908,0.03908981856930759,0.04634069479150092,0.014496283841956921,-0.005408173620028299,-0.03781715194942559,0.12856481812960435,-0.0033278293356080674,0.000870318317755691,0.004102194240752695,0.003892251050828868,0.07676482562428058,0.04494294430903592,-0.009915478485400349,-0.00633982854042465,-0.009958403328340715,0.029714950215621386,-0.0022547923870890937,0.018957925763583603,-0.002459357825931895,0.00998560764381876,0.07964704335669452,0.04670092294464146,0.004810324883232911,0.01509390714089226,0.0076615044919423995,0.038782392056346794,0.003058348551798644,0.01999389999063915,0.003813662838993601,0.01344112588182492,0.0028822177324140594,0.0017579786356054661,0.014725803368633172,0.021433735681316957,0.01761990782028314,0.009067441840725334,0.005313140938887699,0.0010359742270554296,0.006273020664925366,0.003455518238006334,-0.0011694064186747496,-0.007044094893439731,-0.04335983974817312,-0.022888962542962115,-0.020693149600916227,-0.01213772865589948,-0.0075055905806265455,-0.0027377727580547044,-0.011667121287184152,-0.0012309447096420496,-0.0779342320429553,-0.05198703920247574,-0.033444361262772726,-0.016549134002537547,-0.010734746272575566,-0.04185267887152089,-0.0052507981935375455,-0.021695698521638364,-0.009207763461252225,-0.011216552353460736,0.08081644977536945,0.05374501783808119,0.04817016463140594,0.037982869683854455,0.028354654092858592,0.050920120712246233,0.010563939132425246,0.022731672748693844,0.015480784126177712,0.014672070591467145,0.924678033851233,0.7982178868929708,0.6701808481499292,0.07047551215512371,0.1667960988666799,1.7712609575502398,-0.3317677991732868,-0.06254656448862406,0.10936848233398067,-0.09221330830566465
2025-10-02,137.3046029497439,237.2569150967524,131.16932400801252,244.91000366210938,343.760009765625,15.13755429861533,109.72757770310152,168.67999267578125,72.75518722866099,156.58715535499343,140.3890864893814,239.01006807247575,132.1301638068792,248.17999267578125,351.7300109863281,15.13755429861533,110.61295825143692,171.05999755859375,73.57076111902208,158.89723649445557,136.65575346229653,230.9829917520117,129.27735985851845,243.25,342.4200134277344,13.94274403312719,109.09089972654124,166.1199951171875,72.39712965843259,155.87023466988475,138.45254516601562,232.99221801757812,131.73394775390625,244.33999633789062,351.4800109863281,14.110610008239746,110.02601623535156,169.72999572753906,73.14308166503906,158.12057495117188,2228800.0,8107700.0,5916700.0,4323200.0,3955400.0,29422700.0,1704200.0,55475200.0,831500.0,2167500.0,0.000865519215027152,-0.03252256875923156,-0.003602775857717593,0.002581661592007385,0.02232546588850849,-0.07285758574809957,-0.0013553360532709859,0.03428154591918081,0.006001171245465684,0.017789571750982017,-0.007460276546061075,-0.014384038757931152,-0.007898078918809174,0.0049117896742686355,0.00011639187853520848,-0.0026058871134396594,-0.004071457417880361,0.028076017375412283,0.0006838312486822924,0.008044455353238276,0.06930454907821951,0.030558905551104843,-0.017813557404209566,-0.0014280388661560576,-0.009842011449805586,0.027109063102181835,-0.006326249804969321,0.04703394313899606,-0.0017755265772495166,0.018030062997056995,0.008325795761088207,-0.01813853000130046,0.004295303061091602,-0.002330128082261188,0.022209074009973212,-0.07025169863465988,0.002716121364609235,0.006205528543768463,0.00531733999678353,0.009745116397743598,0.022215920039934407,0.00736209292744982,0.007298487908190106,0.013263448764338237,0.02292009917378172,0.0,0.008036517744972818,0.014010972422845042,0.011147473776732987,0.014644923721436533,0.013890124278846132,0.025500622928750185,0.0030031848470985084,0.015593576846599396,0.000711025163808417,0.07025169863466,0.005320396380363567,0.007805443879076473,0.005830133779949522,0.00489980732369277,-0.0047368218464672604,-0.02679950491115968,-0.01452886557962099,-0.0068010900043000725,-0.00390567488410946,-0.08221946394673363,-0.0058192505562250614,-0.015292996088301472,-0.004933552617902382,-0.004588926145366564,-0.013062617607555515,-0.008660974909859237,-0.018824168640712683,-0.004470961922038878,-0.02611474889408265,-0.011967765312073608,-0.008535371920834247,-0.02149852463206996,-0.01025089261468588,-0.014334042543110269,0.026952741886401656,0.034161597838609455,0.021827353487811233,0.020064538768638333,0.02682577405789105,0.08221946394673349,0.013855768301197747,0.02930396851114645,0.016081026394635423,0.01923384986680295,0.2696857788455187,0.3445164412453998,0.07811080548392368,-0.346104475113135,-0.31990682251192126,1.0411333328440406,-0.3167882954058374,0.2397849428649117,-0.10942722806543692,-0.13889347345901015
2025-10-03,138.75200923370045,233.32709772285975,131.9914919409239,244.8800048828125,352.0,14.317974151108846,109.9961730632594,170.67999267578125,72.99388657837842,158.2400527645047,142.83470858363427,235.2378412893048,134.09146431184362,246.4600067138672,352.5899963378906,14.456216999166884,111.83657057513274,170.67999267578125,73.5011360455584,159.70376452770685,138.6022829422616,230.1852215292351,131.5358298586262,242.66000366210938,346.30999755859375,14.071112527813865,109.48881769205319,163.13999938964844,72.86459096793547,157.0352383050141,141.38729858398438,230.3822021484375,133.31883239746094,245.32000732421875,346.739990234375,14.39696979522705,111.73709106445312,164.6699981689453,72.9541015625,157.98117065429688,2346000.0,6547300.0,5362200.0,3384000.0,3122100.0,14296000.0,1621300.0,42699100.0,649600.0,3411600.0,0.02097529055464076,-0.011265375723394772,0.011959154187847489,0.004002827625404273,-0.013577650491350068,0.020090756286530145,0.015431861560893155,-0.030265453890970104,-0.002587047932956949,-0.0008820217404721138,0.0021606007508044953,0.0014362680315635381,0.0019531241975495068,0.002207631588616934,0.001478333713120044,0.014588684365327712,-0.0002712742052999488,0.0055815014064692706,-0.002041853478813736,0.0007553267287138245,0.010486396511892659,-0.01670226196973695,0.006248427258641148,-0.0001224964936443564,0.02368740772309326,-0.05566301426933218,0.0024448471593093834,0.011787029950237823,0.0032754865179698413,0.010500443126457502,0.018814689803836278,-0.01270164375495824,0.010006029990298,0.0017951960367874487,-0.015055984204470234,0.005502071921202503,0.015703135766193033,-0.035846955297439254,-0.0005451944541432402,-0.0016373484691860286,0.028999844194902567,0.008155770945255516,0.015784671081617633,0.006431421174410739,0.001674722828464321,0.00960888255764422,0.016593039492017785,0.0,0.006925170361621716,0.00920742611933139,0.010185154391066422,0.020857414700213725,0.00577864109131964,0.0046362251376232755,0.016730707032934458,0.004106810636441731,0.0008899037258246521,0.035846955297439344,0.007470364815765089,0.010844774588517481,-0.0010796754202635477,-0.013557026142362271,-0.003458180603755135,-0.009107012861518595,-0.016296854959909853,-0.01739174271186922,-0.0046231523451773105,-0.04518169127664699,-0.0017728917301790892,-0.007642973354101506,-0.01989436522409971,-0.0008553823874039928,-0.013464210594053172,-0.01090220889830617,-0.0012408707554396174,-0.022893814633071705,-0.02032628811137039,-0.009334735979207696,-0.0012276972760358867,-0.006005624884915439,0.03007951961516616,0.021712797087617672,0.019242851685372812,0.015538434035929406,0.017971577788374198,0.02700062526951361,0.021216191837195017,0.04518169127664697,0.008698062091800851,0.016850399473432892,0.3028256815450021,0.11162026700973549,-0.04476519028767001,-0.5798150332259038,-0.5364293350813547,0.31190274641513227,-0.344055693987686,0.008317094607644293,-0.31632288717811186,0.2893268296070701
2025-10-06,141.25753315253414,228.21537190611954,133.05139154798394,246.0,346.92999267578125,14.416719550011756,111.80672876711859,226.4499969482422,72.48663770293867,158.0209852098882,141.6867739300856,229.43666069079987,133.96270058554458,248.41000366210938,357.3399963378906,14.495715196173268,112.80153906495916,226.7100067138672,72.75518466525628,158.52881285437778,139.65040486887534,224.48252401632251,132.18959818234293,242.0500030517578,342.0400085449219,13.982242554421054,110.7920256028333,203.00999450683594,71.81030760391616,153.968406959459,141.35736083984375,226.71829223632812,132.47686767578125,248.1699981689453,350.1400146484375,14.090862274169922,112.48320007324219,203.7100067138672,72.02912139892578,155.26283264160156,1538400.0,11940300.0,6745900.0,3400900.0,5340200.0,14574500.0,1607000.0,248859600.0,704300.0,2421400.0,-0.00021176523237259866,-0.016031434783500748,-0.006335448900575417,0.011550477207407905,0.009757924947102804,-0.021491231914165885,0.006655167191541883,0.21275398667706413,-0.012759996569171367,-0.01735647753669231,-0.0009182226313528357,-0.009449881507273728,-0.0020080393024472214,0.0027680253188052547,0.0005478179850332424,0.0013708593606996998,0.0006230340429053128,0.31858069641533615,-0.0064282603574994535,0.00025198914034696494,0.017896467172483353,-0.022151525262232068,0.00799799068785081,0.004563221355592732,-0.014508166219436923,0.006872931281902126,0.016326169809098255,0.2827337411178969,-0.006973454811642729,-0.0013853593288390225,0.000706457398980245,-0.006581553276226917,-0.004327409598128155,0.00878245188860274,0.009210106962069343,-0.02286209127486567,0.006032133148636639,-0.10582670973827206,-0.006331736211671913,-0.01760846667703934,0.0030341031510308977,0.005337206422362787,0.006825951160162641,0.00974908570779455,0.029564689878111738,0.005464489132556301,0.008858238501466255,0.0011475407893750567,0.0036979330603811042,0.003208519375160783,0.002327645752050639,0.01191875969858965,0.011153360758290818,0.0009666338191917296,0.020354582916042283,0.028326580407422045,0.002826105352829733,0.10697425052764721,0.01002966927205295,0.020816986052200174,-0.01144250910234345,-0.016491936584066304,-0.006498214315057181,-0.016187206938695,-0.014195295108676165,-0.030600477352761175,-0.009116944032733599,-0.10926894467204853,-0.009374211634674596,-0.025980410237902284,-0.01214896650132368,-0.009910383307839386,-0.002170804716929021,-0.024969658827297764,-0.023405402070745596,-0.007738386077895533,-0.015149077181370166,-0.0034422349337763928,-0.0030424754230027485,-0.008371943560862972,0.014476612253374422,0.021829143006429044,0.013324165475220008,0.02593629264648946,0.043759984986787924,0.036064966485317575,0.017975182534199947,0.11041648546142349,0.013072144695055642,0.029188929613063186,-0.10272887167480071,0.6739594747519089,0.17051765159080112,-0.5585743422370317,-0.0025322057433356804,0.2999914467490967,-0.32218337976971334,1.6818870848838685,-0.2102859316177348,-0.04777716390418085
2025-10-07,141.6069053678112,227.80168400785956,132.82355819953622,249.1300048828125,352.5899963378906,14.090861532527502,112.74185110692711,214.85000610351562,72.11864276537308,156.1590027640138,142.0161775342498,230.54961372111458,132.82355819953622,252.8300018310547,353.3299865722656,14.396969409866431,113.30889266420746,218.89999389648438,72.20815336461884,157.2642542232765,138.19300888547477,224.15749031120106,130.68395509743422,248.2100067138672,344.239990234375,14.071112151175397,111.96590030115402,209.27999877929688,70.98479631229569,154.51605319294535,138.3127899169922,229.31846618652344,131.763671875,251.22999572753906,348.30999755859375,14.219228744506836,112.34392547607422,211.50999450683594,71.01463317871094,154.66542053222656,1444600.0,4901000.0,4816100.0,5930400.0,3275500.0,10747400.0,1719400.0,115748100.0,808600.0,1696700.0,-0.02177344414653096,0.011403476053930705,-0.005398093220934022,0.012254849387690097,-0.005240235508790874,0.009068663890648934,-0.0012389485000366502,0.037574805933872545,-0.014184544202556219,-0.003855168692548099,0.0017637887356258943,0.0047672000349210765,0.002613570784573946,0.003860880355905044,0.00697278208583181,-5.26328641199341e-08,0.0022968239637368923,0.0532426918418368,0.0012420779257376051,0.0057553613412215845,0.002470246134606087,-0.001814353241305821,-0.0017138388135543169,0.012643332244507643,0.016182889047901196,-0.022862143907729778,0.008328957112373242,-0.05258401789643524,-0.005089658285934426,-0.01185310533581781,-0.023537232882156877,0.0066362760190095535,-0.008011664005507879,0.008393969031785192,-0.012213017594622682,0.009068716523513022,-0.003535772463773426,-0.015667885907964346,-0.015426622128293781,-0.0096105300337697,0.0028860306172946867,0.011990639714670633,0.0,0.014742465183311716,0.0020965280012964793,0.021491257780242985,0.0050169509480934025,0.018674838016882526,0.0012403879684490535,0.007052801705499048,0.026423263499451587,0.0053543636956610114,0.008011664005507985,0.006348496151526681,0.01430954559591903,0.012422541256729938,0.00855272341186696,0.03434272392484679,0.01666701009674288,0.016663331739268834,-0.024403623674167867,-0.016126556914485644,-0.016239765600981254,-0.003699679080209071,-0.02396683826487031,-0.0014025568528287164,-0.006906338434271001,-0.026267076193304734,-0.015846861378004843,-0.010576741554155398,-0.0008663907920110166,-0.022762832933495215,-0.008228101595473455,-0.012093648111994294,-0.011753820670247687,-0.010471273376341782,-0.003370565970497605,-0.01059919028534043,-0.00042023924971113083,-0.0009662115203857713,0.027289654291462514,0.028117196629156283,0.016239765600981237,0.018442144263520907,0.026063366266166742,0.02289381463307162,0.011923289382364373,0.044941914210187305,0.017087249346453923,0.017629543259654594,-0.16475762058428245,-0.23946914640490036,-0.16830021078126833,-0.029515984321468736,-0.47742885753083897,-0.032977049484397725,-0.25136996232544817,0.866673492709495,-0.0524348537961945,-0.4042548970455009
2025-10-08,140.10958275185197,227.98882738012338,131.5556442141556,251.7100067138672,350.0,14.327848363760312,112.41356472238925,212.9499969482422,71.06435526628825,155.04379750631497,142.18587362820486,229.48590703317058,133.44760842497743,253.6699981689453,354.04998779296875,14.663580310906537,112.70206062227584,235.8699951171875,71.15387344934933,155.42216133510766,138.72206327577547,226.2159718737066,130.92168944004516,247.64999389648438,347.5199890136719,14.140233008965739,111.16010161007516,210.6999969482422,70.30846272687582,152.12632568490403,140.55877685546875,227.75245666503906,133.00186157226562,252.97999572753906,348.7699890136719,14.545085906982422,111.31927490234375,235.55999755859375,70.68640899658203,155.33255004882812,1698700.0,5412800.0,6654800.0,5672000.0,3285000.0,13480200.0,1756700.0,159983500.0,806300.0,2084200.0,0.016108027991848323,-0.00685239673273817,0.009353171522905324,0.006941580122207446,0.0013197668293625487,0.022658012691594034,-0.009162506307710887,0.10769339499080105,-0.0046326373342159555,0.004304096218730523,0.012907136464416434,-0.005815094453775086,-0.0015800413521727685,0.0019088206535378925,0.004840273651520679,0.007609895964191069,0.0006196834506565098,0.006785129317053055,0.0006999217850769577,0.002443434940290612,-0.010630096417740308,0.0008211815652346926,-0.009591705357680606,0.010302789685323086,-0.007372743943102039,0.016678612487704015,-0.0029160890131169678,-0.008882756590911308,-0.01472670034321681,-0.007167095093479019,0.0032008915274317346,-0.001037302278963145,0.010933212875078032,0.005032759468669515,-0.003520506822158063,0.015048116727403043,-0.009782189758367267,0.10090826567374818,-0.0053325591192928835,0.0018606612784397524,0.014710320485982302,0.006544995317212072,0.014279042525595082,0.00775654463125845,0.011504957136053613,0.023161808266733502,0.0025630922543287992,0.10222340305614015,0.0012588849642106688,0.002437394537699673,0.011509428958550533,0.007582297596175258,0.0033458296505168446,0.002723785162589119,0.015025463958211744,0.008113691539330468,0.01234528201269622,0.0013151373823921282,0.006591444083503442,0.000576733259259844,-0.009952463781063401,-0.007806454324476785,-0.004830558113529296,-0.016261223473679694,-0.007110968791457216,-0.01318094244883043,-0.011213093799205083,-0.010622075712113986,-0.010693706944419661,-0.018996375847824404,-0.013153355308495264,-0.006769152045513638,-0.015763770988607404,-0.021293982942349094,-0.003590461969299145,-0.02822905917623343,-0.0014309040408378025,-0.1115303413858622,-0.005361147825126849,-0.0208570371262641,0.02466278426704591,0.014351449641688883,0.019109600639124223,0.024017768104938136,0.01861592592751095,0.03634275071556394,0.013776186053534105,0.11284547876825428,0.011952591908630364,0.021433770385524045,-0.0035937881878389533,-0.14914798282035235,0.16036187368288957,-0.07920964698583965,-0.45821724074990655,0.16909600247804946,-0.22114545872251767,1.134581965169538,-0.03952609269884455,-0.18358656514889482
2025-10-09,140.02972600407563,229.7518448456534,133.30892798461625,253.50999450683594,349.7699890136719,14.614208639950373,111.81667569483706,236.3000030517578,70.64662420188876,155.43213078785598,140.68855215727706,230.26399142687885,133.8537363976087,254.1699981689453,350.6000061035156,14.703078977152813,112.7716926417995,240.10000610351562,70.68640921801655,155.92999153324502,138.2329343278745,227.14180291514094,131.7438488685077,249.61000061035156,344.29998779296875,14.337723878866852,110.17523723388909,229.52999877929688,69.16466839515398,150.72235719715277,139.8600311279297,227.21075439453125,132.05091857910156,252.0399932861328,347.4700012207031,14.38709545135498,110.59305572509766,232.88999938964844,69.35364532470703,152.2259063720703,1149900.0,4607600.0,3237600.0,4427400.0,2895500.0,8210800.0,1622200.0,94290700.0,1093700.0,2512200.0,-0.0049835970614675795,-0.0023813025463210267,-0.007175529891179046,-0.003722638895110573,-0.0037343138053180214,-0.01092154263060087,-0.00654512318185208,-0.011399411247178212,-0.01903461003735216,-0.020202659203377115,-0.003771013230765944,0.008740468243607271,0.0023060766628560563,0.002092830985657135,0.0028631165418580135,0.004741051765335459,0.004458283078412834,0.003136549395517203,-0.0005629935881763731,0.0006408755471702137,-0.0005701217033341457,0.007703165964644133,0.013239289537934006,0.007125590454326688,-0.0006573902803000424,0.019789168492738384,-0.005323906679954444,0.1040448150692653,-0.0058955527074692786,0.0025015368256098205,-0.0012125838307016849,-0.011121770789928239,-0.009481606554035136,-0.005815469880767749,-0.006597430347175951,-0.01566259439593629,-0.011003406260264924,-0.01453596064269538,-0.018471616449175804,-0.020843534750547326,0.004693868651112571,0.0022266485300839606,0.0040784828183109,0.00260007896098231,0.002370225692747117,0.006062676095627476,0.008504649731587434,0.015953331540308147,0.0005629967208086336,0.0031979559104759036,0.005906452481814189,0.013348419320012189,0.013560089372346026,0.008415548841749991,0.008967656039923078,0.021725270491563777,0.019508055991852173,0.030489292183003534,0.01903461316998442,0.024041490661023217,-0.012914536554668416,-0.011425286105558513,-0.011809703144114995,-0.015503546076007456,-0.015762429313318123,-0.01910015273448696,-0.014788542109780724,-0.029068462514024625,-0.02120016607878488,-0.030769728104413415,-0.011701952723966711,-0.0003035153156302346,-0.0023280965900798795,-0.009688076195239773,-0.00916499896614219,-0.003437558338550648,-0.003785135849515698,-0.014532501871329226,-0.002728549629609125,-0.009926193353866198,0.017608405205780834,0.013651934635642491,0.015888185962425968,0.01810362503698986,0.018132655006065288,0.02516282883011445,0.023293191841367956,0.045021794054332896,0.021763162799593512,0.033967684014889456,-0.3813634261585559,-0.2848724960460398,-0.5329416227461721,-0.32454537092866786,-0.5141612053696498,-0.3145128454430779,-0.2921850091223934,0.5729793630414974,0.28659533543747884,0.022055674075526
2025-10-10,139.41083608274863,228.01836714417314,132.92261153991947,251.64999389648438,347.9100036621094,14.466090461375808,111.55802559034903,232.77000427246094,69.37353608529067,152.58436611255146,140.31921620623743,231.1405554880184,133.22968124935832,252.9499969482422,348.7200012207031,14.584584866904367,111.74704197465431,234.22000122070312,69.77137867008967,153.59003934459525,136.04683814630943,227.0236053466797,130.7929086816274,240.7100067138672,336.94000244140625,13.873623142244718,110.06581015164474,213.1999969482422,67.30476071490868,147.8248186209513,136.37625122070312,227.0236053466797,131.3179168701172,240.94000244140625,337.510009765625,13.89337158203125,110.37419891357422,214.89999389648438,67.38433074951172,148.1135711669922,1968200.0,6156900.0,5654100.0,4548800.0,4282400.0,9074500.0,1480800.0,118656600.0,1337900.0,3504400.0,-0.025224525875551202,-0.0008240198233697501,-0.005566365514503792,-0.04503982846420685,-0.02908316541839059,-0.034919793790240995,-0.0019808987847249786,-0.08039346121811726,-0.028806200113429437,-0.027386291403202034,-0.003216915799659572,0.0035481631500027147,0.006579495733323261,-0.0015485694673699844,0.0012655023067632395,0.005475666197469357,0.008687564595138544,-0.0005153765360986481,0.0002867608282352447,0.002352019850309252,-0.00442949963036133,-0.007573607639925582,-0.0029021108207117345,-0.007364039348137692,-0.0053319280404127865,-0.010186928198466864,-0.002315841665126396,-0.015051337178793953,-0.01818485562094047,-0.018491514900238027,-0.022007610075891606,-0.00437218297337242,-0.012145861247827157,-0.04349125899683683,-0.03034866772515377,-0.04039545998771038,-0.010668463379863534,-0.0798780846820187,-0.02909296094166478,-0.029738311253511323,0.006494713807890833,0.01359980743819684,0.0023074747353749943,0.005152619704894285,0.0023254752679156133,0.008157818111902202,0.0016928987013892466,0.006209989896943196,0.005718407598653991,0.0065693071062468,0.028502323883782585,0.017971990411569265,0.014453335983202042,0.0486438787017311,0.0326741429930695,0.04855327809961254,0.012361362081252582,0.08608807457896182,0.03481136854031879,0.036307618359757925,-0.024426004461700814,-0.00437218297337242,-0.016151868168749924,-0.04444629165809969,-0.032038955958869644,-0.04181790006899705,-0.01346640341281387,-0.08782018195119982,-0.030274497515929887,-0.03168974876644233,-0.002418394385809225,0.0,-0.004006006920922852,-0.0009550326612628643,-0.0016902882337158512,-0.001422440081286612,-0.002797940032950322,-0.007942097269181212,-0.00118153657426514,-0.001951437512930976,0.030920718269591578,0.017971990411569265,0.018459342904124865,0.04959891136299403,0.034364431226785404,0.049975718180899166,0.015159302114203096,0.09403017184814302,0.035992905114583744,0.03825905587268907,0.13341420760765033,-0.011591467900473162,0.025013901349158374,-0.2867655511785969,-0.06305737733461036,-0.19908715450608838,-0.37362557036809996,0.7511785849712815,0.46029206713013515,0.3448453292026592
2025-10-13,137.60407148431642,226.53115121830794,130.75328427478362,242.22999572753906,339.25,14.258727073669434,109.99617104197756,220.1999969482422,67.72249569453676,149.92579055951487,139.59051142874705,230.28368657955656,131.5061007732654,243.9600067138672,340.2799987792969,14.456217127419396,111.01087417594373,224.19000244140625,68.34910026581744,151.77781792683552,136.51600454904465,225.76291634255577,129.63395208028155,239.8699951171875,335.6099853515625,14.06123796162184,109.12074073836362,214.89999389648438,67.17546875039982,149.7764232213895,137.98338317871094,226.82662963867188,130.13914489746094,243.55999755859375,339.32000732421875,14.258727073669434,109.68778228759766,216.4199981689453,67.31471252441406,150.45352172851562,1481500.0,5411900.0,4008100.0,3572500.0,3020100.0,11563700.0,1961900.0,63104000.0,1028300.0,2724800.0,0.011715647193592025,-0.0008680207927267478,-0.009017006092587243,0.010815358744988535,0.005348468086930847,0.025957283682174433,-0.006238413817606223,0.007048180436039366,-0.0010336856091106247,0.015674858534165413,0.008962895371980008,-0.0021715319473987827,-0.004309008136111924,0.005339720413560715,0.005142130277385754,0.025957283682174433,-0.0034308445593392665,0.02436343518274259,0.005005900295331157,0.012161089839821292,-0.01304471470391152,-0.00654371492077123,-0.01645486938393913,-0.038151538583276016,-0.02520653744776806,-0.014438176305535967,-0.01409930793920281,-0.055514649499276,-0.0240870606463336,-0.017577221413690048,0.0027527518216119884,0.0013035111546721879,-0.00470799795647535,0.0054756383314277625,0.0002063378095451362,0.0,-0.002807569258266937,-0.017315254746703337,-0.006039585904441813,0.00351376869434424,0.014332703973066336,0.01642950035791316,0.0057410228887521215,0.007116634563509313,0.0030315058053560348,0.013755427578821465,0.009182605585781442,0.01795770707065419,0.009209989727924934,0.01227728524579812,0.011579952151454392,0.015125989203240963,0.010449020845227301,0.001640996232081707,0.0028251679958108955,0.013755427578821465,0.011990174844048561,0.035272961817357576,0.01524957563236676,0.008763516551454012,-0.007938657141658432,-0.003397062529177137,-0.008597495829385663,-0.009790580820246276,-0.010787570835232787,-0.013947214494684602,-0.007990574113717017,-0.024363435182742674,-0.008110277198751245,-0.0009967717529213089,-0.01069140896327043,-0.0047005736838492945,-0.003889497872910341,-0.015266219151674015,-0.010993908644777797,-0.013947214494684602,-0.0051830048554500725,-0.007048180436039339,-0.0020706912943094483,-0.004510540447265507,0.022271361114724803,0.01982656288709023,0.01433851871813764,0.01690721538375558,0.013819076640588842,0.027702642073506176,0.01717317969949858,0.042321142253397,0.017320266926676067,0.013274056998719638,-0.13356683362169441,-0.14292747730293875,-0.31843478093546373,-0.5078374424342709,-0.37193081763852653,0.05585757122115709,-0.09559725145896003,0.0927766403914454,0.18452026840526514,0.10156259017236557
2025-10-14,136.02688525058898,224.63027512193827,130.21840411928613,242.05999755859375,335.2200012207031,14.120485019385374,109.66788398662827,219.1999969482422,67.0958947633744,148.63134908541008,139.67036720080398,227.1713505589863,132.08063777285648,246.07000732421875,338.82000732421875,14.347597260454979,110.99098349076972,224.97999572753906,68.736990675652,153.05235487304424,135.2981766752933,224.07870836962223,129.99056552169085,239.5500030517578,332.7200012207031,14.080987197386209,109.31970190390687,215.89999389648438,66.87708096330857,148.63134908541008,137.79371643066406,225.67428588867188,132.0113067626953,244.1999969482422,335.94000244140625,14.209355354309082,110.9312973022461,218.08999633789062,68.44855499267578,151.8773956298828,1142100.0,5527600.0,8147900.0,3788600.0,3036900.0,7653000.0,1788000.0,71216300.0,927500.0,2604800.0,-0.001375507815696103,-0.005093232749538181,0.014283352801658973,0.0026242404631092223,-0.010011056668278933,-0.00346857003694723,0.011273079245878294,0.007686849154551295,0.01670361728524427,0.009419376896813582,-0.014280714293745743,-0.009730150639052006,0.000608849058327227,-0.0061776894920314,-0.01215660018391272,-0.009742564190685785,-0.0001814250013408487,0.012763585468758682,-0.0032559625875909952,-0.012185137844475624,-0.01152796247213384,-0.008426639484379885,-0.004099148898148016,-0.0007020511606037011,-0.011950262374367636,-0.009742564190685785,-0.0029889942596077967,-0.0045516692779446356,-0.009295548492032773,-0.008671369150131456,0.01290520647804959,0.004636917889513865,0.013674503743331679,0.008801929955140763,0.0021455435156337117,0.006273994153738615,0.01145450424721909,-0.005076736314207444,0.019959579872835306,0.02160451474128926,0.0264325745092685,0.011248752049624427,0.014199555818478284,0.016430458840682834,0.010681978189032106,0.01595590860047058,0.011992405982452527,0.02602694922266876,0.024164630872804713,0.029310978648115816,0.013527368031218776,0.006611834160110466,0.0005250520751464278,0.00762852888554226,0.008536434673398497,0.009681914446731988,0.0005379017352332772,0.03110368553687621,0.004205050999969552,0.007706463906826721,-0.005371492940884927,-0.0024584621677574765,-0.0017511975558379253,-0.010423443155827545,-0.0074857372370946435,-0.0028011195671944857,-0.003179927982722634,-0.015169231900951067,-0.003266539291912398,0.0,-0.018276699418934683,-0.007095380057271278,-0.015425701299169679,-0.01922537311096826,-0.009631280752728422,-0.009075113720933031,-0.014634432229941804,-0.01009249558674365,-0.023226119164747608,-0.021604514741289167,0.03180406745015345,0.013707214217381811,0.0159507533743162,0.02685390199651033,0.018167715426126815,0.01875702816766518,0.015172333965175252,0.04119618112361979,0.027431170164717033,0.029310978648115816,-0.37324850116778485,-0.13490395881460238,0.37045487986427794,-0.4223931538599075,-0.32684238243733255,-0.349785373037248,-0.1646739126857888,0.16694271837967634,0.0628074116350259,0.04827360276240178
2025-10-15,138.43257771904123,225.38658728821312,127.36483198686321,243.91000366210938,335.4200134277344,14.505588345380385,110.43388917147257,222.7100067138672,68.44855424201309,153.03242968202215,139.9698387793392,227.1226195639716,130.81734461426953,247.30999755859375,335.6000061035156,14.8116971678653,111.41874920447529,239.24000549316406,69.204454382619,154.9940021232464,137.1049639372834,223.52160290798702,125.10627598763257,239.05999755859375,329.2099914550781,14.436467393275098,108.8222938167227,220.75999450683594,68.23968859557252,152.05662693050303,139.40084838867188,224.41441345214844,128.79757690429688,239.7100067138672,330.6300048828125,14.564835548400879,109.2401123046875,238.60000610351562,68.8364486694336,152.81336975097656,1692500.0,5459400.0,14906400.0,4118100.0,3929900.0,11038300.0,1548600.0,108481000.0,1072600.0,2381500.0,0.011595825966893606,-0.005598344188097912,-0.024645575572689364,-0.018557661786035122,-0.01593263971647683,0.02470952402860834,-0.01536274180529229,0.08988073040695022,0.005650940723774929,0.006143783609815326,0.0046256452845276795,-0.0012756532724577927,-0.03583191523941058,-0.001188229374075784,-0.001549061920164655,0.02063340286377947,-0.004494012593767708,0.020962702021588814,-1.0966815848962047e-08,0.007576269973278535,0.017530851762577494,0.003361264617056092,-0.022157411496078812,0.007613700581064892,0.0005964815954691031,0.02690739701751807,0.006960491653451546,0.015885965707381412,0.01995956890601946,0.029180784714567778,0.00697018068236576,-0.004322690915640148,0.011186339666721232,-0.01736943241195939,-0.014383577796312089,0.00407612116482896,-0.010868729211524604,0.06891802838536122,0.005650951690590796,-0.0014324863634632573,0.011043558481435081,0.007672952358777152,0.026746373344853133,0.013843280748953251,0.0005364748438470212,0.020883239481210153,0.008878564706953028,0.07159674827826,0.010982800104685617,0.012736562553092544,0.004073377799069231,0.011995643274417336,0.015560033678131928,0.031212713160912772,0.014920052640159146,0.01680711831638119,0.019747293918477613,0.0026787198928987363,0.0053318484140950735,0.01416904891655581,-0.00963661102405041,-0.008309026882598025,-0.017892076990378,-0.020084763568258054,-0.018687698879649765,-0.004776515127063655,-0.01470083403603404,-0.008794393170656997,-0.0030560903361730725,-0.006396860574578691,-0.016606791706416248,-0.003986335966957865,-0.029078416657099065,-0.002715331156298554,-0.004304121083337633,-0.008852636291892597,-0.003832104824509483,-0.07771242155601825,-0.00870704202676379,-0.004964374211115323,0.02068016950548536,0.01598197924137517,0.044638450335231124,0.033928044317211234,0.0192241737234969,0.025659754608273827,0.023579398742987128,0.080391141448917,0.014038890440858702,0.01913342312767114,0.02643972581968157,-0.14919439493530007,0.9209880223272098,-0.32687315619195445,-0.04429312813586428,0.023230262646574573,-0.28747356141828995,0.540140561669638,0.2086472044827179,-0.03402568286534091
2025-10-16,140.58872072485366,224.41441342708478,128.87716560139015,239.80999755859375,333.8599853515625,14.673454731728933,108.46416071350339,236.2899932861328,69.13483339694605,153.80909704684092,143.0643070711851,226.28932767921452,130.49895523462587,240.08999633789062,336.6499938964844,14.811697581502477,108.46416071350339,241.1999969482422,69.16467026279359,153.80909704684092,140.00975368731963,223.66048485958822,126.23057598942432,233.75,327.5,14.515463441531953,105.90749866586518,232.24000549316406,68.37893324653834,149.96561155589333,140.8482666015625,225.05921936035156,126.98674011230469,234.02000427246094,329.2300109863281,14.633956909179688,106.17610168457031,234.55999755859375,68.98564147949219,150.76219177246094,2180200.0,4737500.0,9768100.0,4800800.0,4570900.0,6478000.0,2025000.0,69726400.0,1012100.0,4279200.0,0.010329603238627458,0.002869162075248109,-0.014159328195343733,-0.024023287345976984,-0.0042433121070241196,0.004734544416339663,-0.02844927239382388,-0.01707712695451463,0.0021650066135661112,-0.01351366482525604,0.00848516940813249,-1.1168466152524376e-10,0.0006177454480039791,0.00041704556758797825,0.009721759411484855,0.007429961326350599,-0.007128522250013918,-0.009728699446548751,0.004325323186617906,0.006494832596441402,0.015455350090498483,-0.0043226910273248195,0.011804085114725171,-0.01695238684437137,-0.004661818384827386,0.01150608249117953,-0.017997251461538456,0.05918932893881248,0.009976274877208693,0.005062346232978119,0.0018444338304948915,0.002869162186932724,-0.014777073643347708,-0.024440332913565004,-0.01396507151850886,-0.0026954169100109515,-0.021320750143809904,-0.0073484275079659,-0.0021603165730517903,-0.0200084974216974,0.017455475255767374,0.008319988926613488,0.012505474779309614,0.0011669048327987875,0.008322097309885345,0.009377184916416492,0.0,0.020566616402833148,0.0004314819000922184,0.0,0.01561104142527238,0.005450826739680677,0.02728254842265735,0.025607237746363944,0.022287168828394186,0.012072601826427531,0.021320750143809977,0.027915043910799055,0.0025917984731440315,0.02000849742169731,-0.004126664340327949,-0.003365193104409521,-0.020749543316771816,-0.025594764792400058,-0.019233644475945933,-0.010825535376263793,-0.023853743377380058,-0.017288492428464638,-0.010993921298420545,-0.0253061923523979,-0.005971098170822877,-0.006234355291342288,-0.00597246967342414,-0.0011544318788350011,-0.005268572957437151,-0.008130118466252856,-0.002532993233570126,-0.009940064920498839,-0.00883360472536873,-0.005297694930700501,0.02158213959609545,0.011685182031022874,0.03325501809608159,0.026761669625198915,0.027555741785831256,0.020202720292680422,0.023853743377380086,0.03785510883129785,0.011425403198512646,0.02530619235239791,0.2613901156307392,-0.29420345450656704,0.4730404759894249,-0.1649140892022949,0.1087499952357831,-0.5034819278008733,0.0031198025316694356,0.10778243889791383,0.14558974418015858,0.5085717993960515
2025-10-17,139.51064389789323,225.7040452776354,127.21558537066026,234.35000610351562,327.75,14.505588570463992,106.53423111855965,233.25999450683594,69.06521609450968,150.80201224807882,141.986230211397,228.86858660125768,128.60852328874591,239.1199951171875,335.1000061035156,14.525337952344723,107.47930545508598,235.3800048828125,69.48294742051277,152.41509134667743,138.77197390552456,224.99970550757192,126.56885985672488,233.60000610351562,327.70001220703125,14.278476329049743,106.40490851220983,227.91000366210938,68.65742533230431,150.62278967795882,141.6667938232422,227.73768615722656,127.89215087890625,238.38999938964844,333.260009765625,14.39696979522705,107.15101623535156,233.0800018310547,69.33375549316406,151.98692321777344,1506500.0,7150000.0,6806800.0,4436100.0,4035000.0,8815100.0,1501400.0,55804200.0,989400.0,4494000.0,0.005794590283249805,0.01183090258039919,0.007104665055287772,0.018501385394760674,0.012166367381055103,-0.01632689033741032,0.009140153839830837,-0.0063296581590557375,0.005033491415902355,0.008090779233670579,-0.009542288854463897,0.002861042182116972,0.0018004974560570863,0.001409150365528164,-0.004505505388934557,-0.008810650064141598,0.0033673001933061603,-0.005557720576465107,0.001152830561560907,0.00026409285530861425,-0.0076978550239689,0.005730204369049633,-0.012976576187290529,-0.023031182548036922,-0.018470576907443314,-0.011506066974152553,-0.017953449950503714,-0.012906148084431003,-0.0010074860114908737,-0.01974440456638876,0.015336879137713607,0.00896986039828235,0.005304167599230601,0.017092235029232416,0.016671872769989514,-0.007516240273268762,0.005772853646524564,-0.0007719375825906456,0.0038806608543414077,0.007826686378361874,0.01758918386304061,0.013923374285137345,0.010889917225560913,0.02014974714259751,0.02217789031346788,0.0013605755856141396,0.008831969182155962,0.009047562480526839,0.006030142604873345,0.010639863629453787,0.002252304725326925,0.004953513886854817,0.005585749626330326,0.0030575121133651195,0.0055060175434784855,0.008876815858882822,0.0030591155356313685,0.009819500063117399,0.002149481750531843,0.002813177251091826,-0.005308788116489083,-0.003125513565031981,-0.0050966631410301,-0.003205473331024438,-0.00015252968841158603,-0.015780742252278143,-0.001214643982067753,-0.023202857461904845,-0.005921930478871166,-0.0011891695049316526,-0.020645667254202738,-0.012095373963314247,-0.010400830740260802,-0.020297708360256857,-0.016824402458401087,-0.008264501979009306,-0.006987497628592361,-0.0224309198793142,-0.009802591333212554,-0.009015855883293534,0.022897971979529568,0.01704888785016912,0.01598658036659101,0.023355220473622026,0.02233042000187949,0.017141317837892217,0.010046613164223762,0.03225041994243166,0.011952073083744338,0.011829033134385398,-0.07646102489207784,0.15245752736973373,0.13826752378267848,-0.19619431222096217,0.01631140103611095,-0.17551543314279172,-0.2195016604786293,-0.11526752228678205,0.15873437878021868,0.5760564326591258
2025-10-20,142.744873046875,229.15625707673527,127.79266993911955,240.10000610351562,334.6400146484375,14.515462872872048,107.27039647947468,236.47000122070312,69.45310858373809,152.57439602256318,144.37196983053133,230.40619484783386,129.16571965222653,244.19000244140625,344.20001220703125,14.604333205551846,108.53380222106765,242.8800048828125,69.81116616393766,155.40225653383644,142.01617970804756,228.16423864783167,127.48423475588778,239.74000549316406,334.25,14.189605614181016,106.99185080981955,234.39999389648438,68.87623719472585,152.37525476800968,142.744873046875,230.20779418945312,128.85726928710938,242.17999267578125,343.3999938964844,14.219228744506836,108.20551300048828,240.55999755859375,69.43321228027344,154.11776733398438,1580500.0,5246700.0,5810000.0,3495200.0,3903200.0,6856300.0,1108900.0,56741700.0,1074600.0,4230400.0,0.007581154450825623,0.010787886741157373,0.007518014672253595,0.01577323564095583,0.029972935275797426,-0.012422568023516921,0.009793110954127786,0.03158777840064827,0.001433436295899618,0.013922547426629866,0.007581154450825623,0.0062096488641337115,-0.0007781529188024897,0.00714754320553841,0.004132375493862801,0.008196732695011408,0.0011135105859685541,0.014439605022977973,0.0017199483652954317,0.003857834178433237,0.02291803358853938,0.015179509262415987,0.0045260146804280525,0.02423977823477082,0.020804248263852274,0.0006804924217425737,0.006886364232493076,0.013667667440387339,0.005600609219636726,0.011684520556795202,0.0,0.004578237877023913,0.008296167591056048,0.008625692435417345,0.025840559781934707,-0.020619300718528428,0.008679600368159282,0.017148173377670353,-0.0002865120693957839,0.010064713248196681,0.011334160586449728,0.0054396996448919785,0.010687043794124036,0.01689109214722598,0.02816754833471374,0.006103793333937887,0.011708948978046904,0.026746159157313452,0.005142142445602451,0.018364638776105034,0.011334160586449728,0.0008614617678681312,0.0023908762030679875,0.008265399711808685,0.002326988552778891,0.02672309405246624,0.003029348609887648,0.00959798577964308,0.005428654514998206,0.008299925527908479,-0.005117939566179496,-0.00433840159859813,-0.0024164765997057697,-0.001500502955970811,-0.0011661549256089612,-0.02270478868247354,-0.0026000457859345345,-0.008792323489789792,-0.008340598012100776,-0.0013060600813612471,-0.005117939566179496,-0.008916639475621995,-0.010712644190761858,-0.010126195391388197,-0.02700671470754369,-0.0020854879639451624,-0.011279646154093792,-0.025940496867460125,-0.008054085942705005,-0.011370773329557807,0.01645210015262923,0.009778101243490064,0.013103520393829692,0.01839159510319694,0.029333703260322648,0.028808582016411472,0.014308994763981505,0.03553848264710323,0.013482740457703209,0.019670698857466355,-0.05257470126687558,-0.15042507383535408,-0.029238311719796073,-0.40697763052611435,-0.00750785870569004,-0.43261664710014536,-0.47852452622886865,-0.10855420774966262,0.22463481888250492,0.4890045912400165
2025-10-21,145.04077802483073,230.29708043903815,128.34984225266814,242.52000427246094,343.5899963378906,14.298224323163481,107.92696480688235,239.38999938964844,69.49289246702003,157.32398473058907,149.23328189462052,230.951816258375,128.64833329428393,252.08999633789062,358.3699951171875,14.317973704428086,108.4741134950525,242.25999450683594,70.64662763797743,166.1062549685579,144.01261683297838,227.9956054730365,126.86735395211286,242.52000427246094,343.32000732421875,14.011864886743012,107.1311211393077,234.02000427246094,69.09504987460784,152.1462363730931,145.4200897216797,229.54315185546875,126.89720153808594,250.50999450683594,357.54998779296875,14.140233039855957,107.61857604980469,238.02999877929688,70.61679077148438,165.92701721191406,1658400.0,3298100.0,4934700.0,4475500.0,4389700.0,4900900.0,2172400.0,47122400.0,1151500.0,7302200.0,0.01856779192224452,-0.00289131671275598,-0.015328030190819623,0.03381759687654045,0.04037924766404113,-0.005571044300077259,-0.005439044364527639,-0.01057281751183037,0.01690262969235574,0.07383100321990624,0.01595599835835716,0.0003877754856596971,-0.003945673894627717,0.0014029777371246696,0.0005531447297680811,0.005540170822637891,-0.0025775704850243765,-0.004875509924006343,0.000859164525289049,0.02059024295685208,0.01595599835835716,0.004966013362683468,0.004350493696428248,0.010028670172542121,0.02639370451170299,-0.01507912989589042,0.006102029883134855,0.012272663453664104,0.0005726524558932546,0.030654956205048683,0.002611793563887407,-0.0032790921984156853,-0.011382356296191864,0.03241461913941568,0.03982610293427283,-0.01111121512271523,-0.0028614738795032135,-0.005697307587824092,0.016043465167066617,0.05324076026305425,0.028495801251353294,0.002838971599827796,0.0023229050182881723,0.03870195326077221,0.042116883195719705,0.0013802940824720164,0.00505681264074527,0.011917488306570197,0.01646589394972943,0.05432039769141795,0.02588400768746607,0.006118063798243507,0.013705261314480069,0.006287334121356295,0.002290780261446878,0.012491509205187249,0.007918286520248435,0.017614795894394197,0.00042242878266276297,0.001079637428363523,-0.007114018007366574,-0.010043775010836876,-0.011617594712786778,0.0,-0.0007860972358410122,-0.020230893743402315,-0.007401231132308232,-0.022687418559790447,-0.005741389597800856,-0.03346513632230994,-0.009725811571253991,-0.006764682812421176,-0.00023523841659492755,-0.03241461913941581,-0.040612200170113875,-0.009119678620687119,-0.004539757252804994,-0.016990110971966378,-0.0217848547648674,-0.08670589658536411,0.03560981925871989,0.012882746610664493,0.013940499731074972,0.03870195326077221,0.04290298043156091,0.02161118782587443,0.012458043773053493,0.03460490686636066,0.022207283547530127,0.08778553401372781,-0.01735377256684778,-0.5977184000664302,-0.19052397360898432,-0.13899842744278068,0.10315085342701558,-0.7492487217221431,0.20175409612256168,-0.3032030019754153,0.2629818384642473,0.9761102497695759
2025-10-22,145.0208127119012,229.82090739469632,126.97679897131351,248.61000061035156,355.4800109863281,14.169857210745139,107.62853028593027,236.85000610351562,70.4477115249344,166.44480324788566,147.4764306628878,230.30700187372864,128.290145878418,251.0500030517578,360.19000244140625,14.248852852950774,108.2552580513379,240.1300048828125,70.45765208848388,168.45614966196638,144.20228354928346,226.60676223870703,126.46936724169925,247.1699981689453,352.8699951171875,13.80450118841616,106.51434000207189,224.8800048828125,67.7523391008148,164.82177240277258,145.60975646972656,226.85476684570312,127.30513000488281,249.13999938964844,354.0899963378906,14.110610008239746,107.29029083251953,230.22999572753906,67.83190155029297,166.51449584960938,1495400.0,3523500.0,6186800.0,3899900.0,3436000.0,9979700.0,1824600.0,59668800.0,1554500.0,5275800.0,0.0013034180334493045,-0.011781018245188546,0.0032094813173863235,-0.005483832951775338,-0.009724070586862433,-0.0020971439629359706,-0.003055113336094526,-0.03331792032067882,-0.040235337221551176,0.0035343314607474297,-0.002749456140379306,0.0012093047659433238,0.0006270625245283782,-0.007613411975771097,-0.005806158577748041,0.002092835553661151,9.249124229483931e-05,-0.004969655880297022,-0.0023971917068533097,0.003115706103651856,-0.00013766257649190097,-0.0020697874324724884,-0.010755293771663595,0.024801207163644715,0.03401994435652483,-0.009018379569054031,-0.0027689826372085183,-0.010666963468121111,0.013646273460213328,0.056356466366706034,0.004052874173828536,-0.012990323011131805,0.002582418792857919,0.0021295790239957914,-0.003917912009114333,-0.0041899795165971235,-0.0031476045783892966,-0.028348264440381802,-0.03783814551469791,0.0004186253570957226,0.016791102831316778,0.0021128675312949807,0.01029007885514556,0.009766728652573485,0.013162657004444227,0.005559425145596094,0.005806174987974362,0.013753408554959826,0.00014109560219782743,0.01201173409588169,0.012738228657488136,0.015103190542426636,0.007707660062287554,0.007637149628577626,0.017080569013558533,0.009749404662193248,0.008953779566363814,0.04210167299534161,0.0379792411168956,0.01159310873878604,-0.00566020735225252,-0.014084151774176618,-0.004004261853428404,-0.005809054396586987,-0.00736931646346251,-0.026122264727404868,-0.010406139945462698,-0.0518601068280554,-0.03901176950268489,-0.009799019589962352,-0.009713081526081049,-0.001093828763044869,-0.006586680646286386,-0.007938633420582809,-0.0034514044543482378,-0.02193228521080779,-0.007258535367073441,-0.02351184238767366,-0.0011736239879870762,-0.01021764494705798,0.02245131018356914,0.016197019305471506,0.014294340708574046,0.015575783049160559,0.020531973467906747,0.03168168987300108,0.016212314933437128,0.06561351538301533,0.03915286510488283,0.021810753685844037,-0.1301814750416046,-0.5133714721600366,0.012943732625213755,-0.24846130543546785,-0.11277619317127119,-0.03392565693623695,0.03512123083014984,-0.08909639968334204,0.5311449521950848,0.5955825241259216
2025-10-23,146.0389957800216,227.16230648741237,127.59368024432047,246.05999755859375,352.510009765625,14.248853141940977,107.73795953865402,230.16000366210938,67.7921259831757,166.5045492094387,148.06537292957162,228.0253576805309,128.12100784786685,250.08999633789062,354.3500061035156,14.268601582041748,107.73795953865402,235.89999389648438,68.98564622853748,170.8956846382823,145.3402476649296,225.43618896417524,125.43461120110794,245.44000244140625,348.7099914550781,13.952619006810565,106.46459596725222,228.5399932861328,67.6329859034119,165.99673671787,147.19692993164062,226.42820739746094,125.7032470703125,249.80999755859375,354.1199951171875,14.021739959716797,106.99185180664062,234.99000549316406,68.66737365722656,170.86581420898438,1210000.0,5818000.0,6700600.0,2885700.0,2408100.0,5771900.0,1513800.0,39024400.0,868700.0,4779100.0,0.010841207396367384,-0.001882089548453907,-0.012662856130813293,0.0026856341346721325,8.471718749184968e-05,-0.006318017815459765,-0.0027854791366773365,0.020464192724498478,0.012241567422407765,0.025796168436070053,0.0029435381904402234,0.0013547494436200885,0.002264038521101427,-0.012439586298085814,-0.004472089419397622,0.009749424943839886,0.004163818960024091,-0.0003040555444805414,-0.0005865563644001199,-5.9736164169637213e-05,0.006996412364268722,-0.011635573567511643,0.004846457313959468,-0.010310007274089948,-0.008390001428511852,0.0055594454272428345,0.0010162143816348625,-0.02865231998486235,-0.038424701879098064,0.0003588891929259601,0.007897669205927084,-0.0032368389920741057,-0.014926894651914852,0.015125220432757793,0.004556806606889359,-0.01606744275929965,-0.0069492980967015144,0.020768248268979144,0.01282812378680791,0.025855904600239624,0.013780204794320081,0.003792072128779401,0.0041243493283753966,0.01624543972460108,0.0052061241334270805,0.0013850074243145476,0.0,0.024633225385872953,0.017452405022860128,0.026030707376296865,0.0058825355883929,0.00702891112085338,0.01905124398029023,0.001120219291843019,0.0006493175265377054,0.01745245018361415,0.006949298096701441,0.003864977116893948,0.004624281236052018,0.00017480277605705342,-0.004796151203332181,-0.007627625409563677,-0.017066245313832315,-0.002522870584076547,-0.010838411634696218,-0.021009189138900985,-0.011889480669877023,-0.007063514813079513,-0.002350231073082603,-0.003054501789223591,-0.012693820409259338,-0.004390786417489658,-0.0021393506619174227,-0.01764809101683443,-0.015395218241585656,-0.004941746379601292,-0.004940182573175538,-0.027831763082058602,-0.015178354859890575,-0.028910406389463274,0.018576355997652266,0.011419697538343026,0.021190594642207558,0.01876831030867751,0.016044535768123355,0.02239419656321551,0.011889480669877089,0.031696740198952404,0.019802636095942572,0.02908520916552035,-0.3342425886981033,-0.005066554881336671,0.07771751282677641,-0.4855375091251286,-0.4519389304799972,-0.5674254987880101,-0.13991141235044147,-0.5166395919227007,-0.06283552829227013,0.4725702222419308
2025-10-24,147.8557354343567,226.95397598806343,126.33007603674862,250.00999450683594,357.2099914550781,14.308099559260684,106.9222101521954,243.36000061035156,69.49289543933038,171.2640931443574,148.85395134246133,227.211895331434,127.46432986199511,251.08999633789062,358.1000061035156,14.545086493256576,107.32012818460807,253.38999938964844,69.81116800922985,172.11046247276303,147.2667917041508,224.4441705624576,124.37000356599769,247.11000061035156,353.2900085449219,14.189606092262737,106.1562020012211,241.9499969482422,68.50823327364616,167.0322768893369,147.76589965820312,226.1702880859375,126.21067810058594,247.64999389648438,353.5199890136719,14.36734676361084,106.62376403808594,252.9199981689453,68.52812957763672,167.77906799316406,1135500.0,3554700.0,5071100.0,2793900.0,2016900.0,7043600.0,1673000.0,71221100.0,1294900.0,3612300.0,0.0038579127616958932,-0.0011397268970911748,0.00402861188572544,-0.008684184754271004,-0.0016957952087461713,0.024349066406287513,-0.003446266148719965,0.07353024252733531,-0.00202986430484764,-0.018230493758030986,0.004465688162781166,0.002319318427392207,0.004974185565243199,0.0008002759477051358,0.008687995255642443,0.020216800216603728,-0.0006511180823542652,0.034998847595584415,0.011950347403505425,0.0023282332630056185,0.01236335736870845,-0.0009175205646819503,-0.009952709086671594,0.015925496380463044,0.013244801862531729,0.004149357457304221,-0.007600416179055748,0.05576709586456355,0.024778471190313293,0.028184137863245324,-0.0006077754010852761,-0.003459045324483413,-0.0009455736795177995,-0.00948446070197614,-0.010383790464388441,0.004132266189683615,-0.002795148066365727,0.03853139493175096,-0.013980211708353,-0.020558727021036664,0.006728595112934362,0.001135793714962164,0.008938426936812995,0.004310530924166763,0.00248847383864316,0.016427458860832002,0.0037146578315351998,0.040387970381464765,0.00456947365090241,0.004929724865233478,0.007336370514019725,0.004594839039445529,0.009884000616330645,0.013794991626142878,0.012872264303031695,0.012295192671148217,0.0065098058979008964,0.0018565754497138,0.01854968535925541,0.025488451886270243,-0.00399118642495864,-0.011120255181784607,-0.01563711039350547,-0.011667310999264078,-0.011034546615717582,-0.008316048409686872,-0.0071899489314999,-0.005810750392850006,-0.01427059162965837,-0.025019700961662027,-0.0033834110238732612,-0.007661209857301188,-0.014691536713987688,-0.0021828502972879513,-0.0006507561513290444,-0.01244831459937064,-0.004394800865134238,-0.04434214532460088,-0.0002903799213054651,-0.00446097394062534,0.010719781537893066,0.012256048896746733,0.024575537330318382,0.015977841923430762,0.01352302045436086,0.02474350727051897,0.010904606763035188,0.04619872077431466,0.01884006528056073,0.029949425826895422,-0.39641741789964335,-0.4895834738790814,-0.21055901739812555,-0.46425665576849795,-0.6081606759431679,-0.377179325198302,-0.03412327803732751,0.04225824888246166,0.300900122864709,0.1656374468838635
2025-10-27,148.01544795031364,226.13059764681594,125.42465875901429,249.44000244140625,355.57000732421875,14.426593215254373,106.86252160895276,257.8800048828125,68.65742400592129,169.2527308784209,148.384782948026,226.77541870724903,127.01660087731007,252.25,358.55999755859375,14.47596572924258,107.18086060435313,260.4200134277344,69.16467351382077,169.8999589487307,146.2585935028898,225.30722053509365,124.51924908040262,247.19000244140625,352.4100036621094,14.209355660430065,106.21589338991441,249.8000030517578,68.07061204809395,166.68376766773065,146.32846069335938,226.2099609375,126.53901672363281,250.77000427246094,357.79998779296875,14.308099746704102,106.99185180664062,259.6700134277344,68.23969268798828,167.6794891357422,1187900.0,2784400.0,6254200.0,3033200.0,2828200.0,7837400.0,1715300.0,65613100.0,1527800.0,2922300.0,-0.00977543676670753,0.0001753960379564332,0.002598134157779401,0.012519767028028884,0.012034107212185348,-0.004132253089172755,0.003446266148720045,0.0263384198507311,-0.004217911969302066,-0.000593688002470315,0.0016873839634515219,-0.00017550458323396467,-0.006247309363094084,0.007201980708501366,0.005782126479433166,0.004115208637530417,0.0022367494912955755,0.019421153426102813,0.0018849574636653254,0.008745004368858108,0.0010796085623663186,-0.0036345499077173166,-0.0071928830426118565,-0.002282479993474714,-0.004601663984955331,0.008247474827214015,-0.0005583985750702318,0.05795254835785387,-0.012095254244687749,-0.01181372265217852,-0.011462820730159085,0.0003509006211902349,0.008845443520873623,0.005317786319527511,0.00625198073275201,-0.008247461726703082,0.0012095166574246062,0.006917266424628233,-0.006102869432967348,-0.00933869237132848,0.0024921383343527994,0.0028474847886416606,0.012612543796392466,0.011202244136702866,0.008373847018743422,0.003416483786608464,0.002974529993181434,0.009801384485565154,0.00736096471347029,0.0038167402201510253,0.013954959064511706,0.0024965841674514195,0.003767100275518963,0.0058844578171753535,0.002121866285991389,0.011663945513311397,0.0017650133357569463,0.0028841180609369362,0.013463834146437554,0.013155432591479561,-0.011940402979923923,-0.003647802605718422,-0.0072449346477625855,-0.009061133529522772,-0.00892687532943364,-0.01517265750574369,-0.006069410682144824,-0.03183376946857386,-0.008583690335518018,-0.01529463634069217,-0.0004775822497648023,-0.0039987032269086925,-0.016090378168636142,-0.014378919849050245,-0.015178856062185593,-0.006925195779040588,-0.007278927339569303,-0.03875103589320217,-0.002480820902550701,-0.005955943969363632,0.014432541314276686,0.006495287394360107,0.01985747844415506,0.02026337766622556,0.017300722348176974,0.018589141292352014,0.009043940675326306,0.041635153954139095,0.015944655048988374,0.019111376560843208,-0.3401050483263095,-0.7049692001884242,-0.018995571270940204,-0.33461187023172023,-0.2518093324970305,-0.2618970085501804,0.005211445300425055,-0.06471475793401638,0.4252142732007158,-0.06422405875178505
2025-10-28,145.47999361320862,225.18819363735167,126.33007188693176,250.0,360.0,14.337723920629552,106.30542418125495,259.1400146484375,67.90152257327645,167.59984136418504,147.0072627517484,226.57701344639412,127.80260842985396,254.67999267578125,363.70001220703125,14.387095493261489,106.80282930746715,264.5799865722656,69.2740791473076,167.7790639318834,144.37197333313406,222.51966151990524,125.5540043047238,249.19000244140625,357.79998779296875,14.051363525830965,105.62895290601436,257.0,65.14647645000737,165.63826889680084,145.5897979736328,225.723876953125,125.97188568115234,253.35000610351562,359.9100036621094,14.27847671508789,106.12635803222656,258.010009765625,66.47924041748047,166.1162109375,1470100.0,3724200.0,4763000.0,3425100.0,3005600.0,6781600.0,1589700.0,47448700.0,3248700.0,2448100.0,-0.00506076118437064,-0.0021511297940610226,-0.004491940670186917,0.01023575459661548,0.0058798734123102535,-0.002072514157766127,-0.008122239138276078,-0.006413264091289618,-0.02613667502126397,-0.009366745152914501,-0.005815249412327549,-0.0045271299179121234,-0.001652593327263764,-0.003075283554296525,0.00612989449244994,0.002068307396585041,-0.006436369071436242,-0.002043133073702409,-0.004967941700510115,-0.0004751129330677178,-0.017278070142486612,-0.004176229296721853,0.007192850193609858,0.002242502765230907,0.012381875225201972,-0.006179154330118025,-0.005226852414011778,0.00487413335092598,-0.011070811133477413,-0.009813805304396303,0.0007544882279567826,0.0023760001238512228,-0.0028393473429232812,0.013311038150911841,-0.0002500210801395231,-0.004140821554351252,-0.001685870066839794,-0.004370131017587287,-0.02116873332075387,-0.008891632219846745,0.010443415815476188,0.006148433577529063,0.011588852101753004,0.01854690852806207,0.010225354106249418,0.00343755833855074,0.00466810666714578,0.020775099555319494,0.02001233987486698,0.001068776729415332,0.009688927587519406,0.003772433453678025,0.014428199444676444,0.005235870377150272,0.010475375186388953,0.007578379892901885,0.006353976733985504,0.025145230572906848,0.04118107319562093,0.009960408949262001,-0.007645459087311657,-0.011921004685541192,-0.0061621206839216,-0.0032452503676611236,-0.006129894492449863,-0.020174660990228577,-0.006383802211657119,-0.008292427832561943,-0.041420239617550446,-0.01177293390770977,-0.008399947315268512,-0.01429700480939232,-0.0033227733409983765,-0.01655628851857301,-0.005879873412310346,-0.016033839435877256,-0.004697932144817283,-0.003922296814974712,-0.020251506296796604,-0.002881301687862972,0.018088874902787936,0.01806943826307023,0.01775097278567483,0.021792158895723217,0.01635524859869932,0.023612219328779147,0.011051908878802938,0.02906752738788148,0.06143257949241742,0.012841710637125043,-0.1020832164940515,-0.36900104523882327,-0.268415138980167,-0.1649816902404968,-0.16204171669630085,-0.4111751896659701,-0.04773407869635449,-0.4123178159617744,1.1064301395995368,-0.24714874760165806
2025-10-29,145.26038732651682,225.80323435025133,125.54405168441829,253.14999389648438,355.5199890136719,14.367346379486667,105.80802190885836,264.19000244140625,65.82280377437954,166.43483579954352,145.78944055427166,226.18020620443212,125.91218961299592,255.44000244140625,355.5199890136719,14.387094819273816,106.28552659261321,267.0799865722656,66.55880761172845,167.28120511712092,142.61510595617614,222.25180648902239,123.49443653668985,247.5,337.04998779296875,14.100735379592605,104.88284804555822,257.3999938964844,64.70884607303347,162.90998851971725,142.94451904296875,223.34303283691406,123.80287170410156,247.75,337.8599853515625,14.189605712890625,105.15144348144531,264.3299865722656,65.22604370117188,163.92562866210938,1902500.0,5469300.0,5182000.0,5780700.0,6746500.0,5900100.0,1668700.0,49335600.0,1841300.0,3163400.0,-0.01833648818904371,-0.010603615506336763,-0.01736819624079492,-0.022351782803060983,-0.06322244523196578,-0.006243574088347829,-0.009228811198530414,0.024199890037420985,-0.019030892306192256,-0.013274768111566497,-0.0022651578346075322,0.0003515066801385842,-0.0034020461196865794,-0.000789781707513564,-0.012272534820889454,0.006204740511022754,-0.003004103089477713,0.023670168789246677,-0.009923384538860323,0.0019162469200990483,-0.0015106696066506532,0.002727506803989919,-0.006241393462609783,0.012521256443398292,-0.012522555901029096,0.002063918956671553,-0.004689973156317531,0.019300037771659423,-0.03109211785961425,-0.006975385299747748,-0.016071330354436315,-0.010955122186475375,-0.013966150121108347,-0.021562001095547508,-0.050949910411076195,-0.01244831459937064,-0.006224708109052641,0.0005297212481744428,-0.009107507767331926,-0.015191015031665497,0.0036354861592212137,0.0016680785522942849,0.0029280497449305763,0.00900538365853216,0.0,0.0013735925351970406,0.004502781851820336,0.010879638214149724,0.011119541652012281,0.005072403052351749,0.01970681651365756,0.012623200738769576,0.016894199866038816,0.030567384754079684,0.05094991041107632,0.013821907134567624,0.010727489960873037,0.010349916965975254,0.020227049419344285,0.020263418084017295,-0.01837847186936896,-0.015852973027785582,-0.01646059965261856,-0.022571592296899805,-0.053350224466950535,-0.01873106851448494,-0.008782343629923058,-0.02603727904959701,-0.017068423585018012,-0.02140602562539482,-0.0023071415149326525,-0.004897850841310205,-0.0024944495315102106,-0.0010095912013523254,-0.0024003140558743934,-0.006282753915114336,-0.0025576355208703156,-0.02656700029777138,-0.007960915817686045,-0.006215010593729313,0.022013958028590148,0.01752105158007973,0.01938864939754911,0.03157697595543209,0.05335022446695056,0.02010466104968206,0.013285125481743234,0.03691691726374671,0.0281879652370303,0.02647842867774659,0.19691319685698971,0.05558812236582966,-0.14825310962384108,0.36462201878238254,0.6446876631056533,-0.4353002915708224,0.001955732714677083,-0.38394050909962374,0.510724626379071,-0.006796149351787406
2025-10-30,142.67499202840762,225.2378011245984,124.50929654843584,245.80999755859375,338.20001220703125,14.100735227345885,105.4200499763695,259.9200134277344,65.22604618238567,164.3039973705176,145.01082882271837,227.8170401157417,125.79279588775607,251.8800048828125,344.70001220703125,14.219228689896417,106.94210853935222,263.8800048828125,66.9367640220155,168.53581369722968,141.9562905896573,224.60290989663994,123.70338135970043,245.47999572753906,333.1000061035156,13.814375790756518,105.23103358835453,252.30999755859375,65.1962093158227,163.89576310723913,143.10423278808594,226.3786163330078,124.04166412353516,249.25,339.239990234375,13.843999862670898,106.28553009033203,254.83999633789062,66.33999633789062,165.7378387451172,1519600.0,5020700.0,4877400.0,3982200.0,4373200.0,7956700.0,1503000.0,45162500.0,1859300.0,2143700.0,0.001116689100663313,0.013500037655462267,0.001926953866669282,0.0060362356318502414,0.004076227568675031,-0.024657788666928037,0.010727522869575337,-0.03656238886955803,0.016934145870883894,0.010994414102288018,-0.0018873157058061831,0.008447884585525301,0.005689827889865015,-0.007861303355294084,0.0010059074205485616,-0.006282764712191,0.002551215610463759,-0.016824328725744117,3.8040230685767995e-08,0.0023055132504629385,-0.017958646060242455,-0.0025072376009500296,-0.008276322231243378,-0.029423304450841573,-0.049944002990527765,-0.01873107931156163,-0.0036734924985889115,-0.01629460747756962,-0.009107469727101206,-0.012885501781202574,0.0030040048064693516,0.005052153069936811,-0.0037628740231958105,0.013897538987144473,0.0030703201481265116,-0.018375023954737047,0.008176307259111629,-0.01973806014381398,0.016934107830653248,0.008688900851824981,0.01623916061764984,0.011386113209467046,0.010255692044731321,0.024393933151209666,0.019037036377713805,0.008368241879059648,0.01433480086164558,0.015120529836711269,0.02588948265883197,0.02542991695313209,0.013235155811180293,0.00633396013953027,0.01401856606792689,0.010496394164065333,0.015966716229587213,0.026743265833796725,0.006158493602533799,0.03485858998052529,0.008955374828178635,0.016741016101307106,-0.005050063082085862,-0.00282273984529963,-0.006493770000645199,-0.0013434097384245885,-0.015194709035591863,-0.020517165894940542,-0.001794592608256342,-0.02971546248179968,-0.0004575425715422034,-0.0024877195109615324,-0.00805406788855525,-0.007874892915236475,-0.0027308959774494687,-0.015240948725569005,-0.018265029183718497,-0.0021421419402035125,-0.009970899867367962,-0.00997740233798569,-0.01739165040219541,-0.011176620362786549,0.021289223699735665,0.014208853054766797,0.01674946204537637,0.025737342889634345,0.034231745413305745,0.028885407774000182,0.01612939346990192,0.044835992318510993,0.026347025230374,0.027917636464093665,-0.00865766247977362,-0.006030905856100333,-0.19917357226322174,-0.003960261518352937,0.20613815416152015,-0.07086764324689199,-0.09634440260316168,-0.46203589373403275,0.4802166526342635,-0.3953581837727036
2025-10-31,142.52526227133995,221.22011608688888,123.2158406915224,249.66000366210938,338.70001220703125,13.770000457763672,105.30067062534812,259.6000061035156,65.94999694824219,164.7819549380508,146.72775783225902,222.08316730132498,123.7033765488309,250.8800048828125,341.260009765625,13.960000038146973,107.07143177673431,262.1300048828125,66.87000274658203,166.62403057943527,142.34559072391056,214.2759868823677,121.99204416295827,248.05999755859375,336.79998779296875,13.550000190734863,105.20119111152425,253.41000366210938,65.63999938964844,164.50315413618173,146.098876953125,216.29969787597656,122.99695587158203,250.10000610351562,340.30999755859375,13.869999885559082,106.63372039794922,256.1199951171875,65.98999786376953,165.78762817382812,1487200.0,10825300.0,7044900.0,3847800.0,3763400.0,14090300.0,2608900.0,34449200.0,2236100.0,2096600.0,0.020710366533327553,-0.04554395486664814,-0.008457904110967219,0.0034044534459261974,0.0031491670303408414,0.001876310222431058,0.0032706353906742746,0.005010182707993929,-0.005289795293477199,0.0003003656373551444,-0.004054002263110191,-0.02305068481070302,-0.0066798902899166445,0.0016435980493437088,-0.001592996842163861,-0.005359569869229726,-0.009309364923799622,0.01850612546310829,-0.00589614542726189,-0.005784140558962869,-0.0010499974566407428,-0.01799853174076625,-0.010442764313112387,0.015541137036487958,0.0014773233059627168,-0.02373459382396675,-0.001133057664688039,-0.001231934680705545,0.011037962403391317,0.0029047602928622836,0.024764368796437616,-0.022493270055945157,-0.001778013821050544,0.001760855396582546,0.0047421638725046395,0.007235880091660738,0.012580000314473812,-0.013495942755114416,0.0006063501337846523,0.0060845061963179,0.02905961910012501,0.0038937329687429743,0.003948955422102467,0.004874749733492573,0.007529882850934212,0.013703754082705584,0.016676410592075322,0.009698574195301525,0.013853644249830932,0.011116845759027856,0.0042952503036873865,0.026387003024688212,0.005726969243153088,0.0031138943369100904,0.0027877189784297485,0.006467873991044742,0.004096410277601648,0.023194516950416005,0.013247294116046127,0.005032339562710006,-0.0012614247429288343,-0.03189336377595373,-0.009981789047832557,-0.006429364346106741,-0.005625549740545169,-0.016105784582028593,-0.0009451652390033807,-0.0241332634823295,-0.004711575966091684,-0.001693370643299122,-0.026025793539366543,-0.009400093720008653,-0.008203775226782069,-0.008190219742689289,-0.010367713613049827,-0.02334166467368924,-0.013525165553477209,-0.010637320727215129,-0.00531792609987637,-0.0077778768396169935,0.030321043843053893,0.03578709674469673,0.013930744469935022,0.011304114079599564,0.013155432591479561,0.029809538664734063,0.01762157583107869,0.03383183767763108,0.01856522021592251,0.012810216402327051,-0.007418817745701745,0.7371440532504021,0.15487160691644952,-0.044715291248250466,0.046625104121805094,0.501329291124236,0.43133614418516686,-0.7220826116987169,0.6029432684850171,-0.39323128655999895
2025-11-03,144.8111964452577,214.95054734254026,123.08650113295643,249.52999877929688,340.30999755859375,13.890000343322754,106.48449237244445,259.3299865722656,65.66999816894531,165.29971124314838,145.32028110085,217.2520373787048,123.43473561602373,249.52999877929688,342.4599914550781,13.890000343322754,107.46935241608828,260.9100036621094,66.0199966430664,165.5685602868749,142.27571938038608,210.00038503697948,121.82290526841435,242.94000244140625,332.8800048828125,13.4399995803833,104.93259077763597,253.88999938964844,65.20999908447266,160.79906126118962,144.43186950683594,210.2682342529297,123.2158432006836,248.44000244140625,337.4700012207031,13.619999885559082,106.41485595703125,259.6499938964844,65.66000366210938,161.49606323242188,1785800.0,8874300.0,5833000.0,4196300.0,3916600.0,9559400.0,1852700.0,36351400.0,1331200.0,3141200.0,-0.01147572682684423,-0.028280914553166326,0.0017780341850000836,-0.006659484769826578,-0.008380338647002404,-0.018188933756823362,-0.0020545973285041527,0.013688481197572594,-0.005013215176026126,-0.026226854845583826,-0.008852831410903086,-0.006256946865197322,0.0007277633890276844,-0.0022817187356553286,0.0,0.001440955407740295,-0.0014004251251323843,0.01245526459262401,-0.004861010703081819,-0.0029473629813087693,0.01591153738553449,-0.028750216921142522,-0.0010502504320229564,-0.0005208633390727187,0.0047421638725046395,0.008676835499400815,0.011179575189341361,-0.0010406781624904841,-0.004254660569297227,0.0031371432150091275,-0.002622895415941126,-0.02202396768796895,0.0010502707959724707,-0.004377766034171232,-0.008380338647002404,-0.01962988916456364,-0.0006541722033717719,0.0012332166049484302,-0.00015220447294426106,-0.02327949186427509,0.0035093412294748168,0.010650152828809644,0.0028251903915859065,0.0,0.006297877872167377,0.0,0.009206350096174428,0.006074204127018362,0.005315503257609045,0.0016251126265584806,0.006132236645415934,0.03267412051677869,0.0017749195956133798,0.004377766034171156,0.014678216519169738,0.019629889164563673,0.00986052229954615,0.004840987522069743,0.005467707730553275,0.02490460449083378,-0.017663939735884773,-0.023298625085271044,-0.010318975457322474,-0.0267646342306732,-0.022074880393994002,-0.032933877609990614,-0.014681211622656773,-0.021200230232551114,-0.007029354954780938,-0.027604739160146736,-0.015041044319943618,-0.0012746573973020838,-0.011369246253295075,-0.022386868196501982,-0.01369454174699162,-0.013303988445427035,-0.0140270394192849,-0.022433446837499673,-0.006877150481836777,-0.004325247295871545,0.021173280965359705,0.0339487779140806,0.013144165848908599,0.026764634230673198,0.028372758266161424,0.032933877609990614,0.02388756171883105,0.027274434359569485,0.012344858212389892,0.02922985178670516,0.16809633998975215,0.5532555138446593,-0.026630722839847465,0.03147818288450388,0.10202818924168255,0.13445506046869227,0.0819377548096849,-0.5721528609302027,0.0524591991420813,-0.001956329439103399
2025-11-04,143.24398284263674,210.6749608116922,123.67352986279509,246.97000122070312,335.0199890136719,13.279999732971191,107.3101913875353,250.35000610351562,65.7300033569336,161.1276566810766,148.44469442682637,215.34737453623566,125.21571329359534,248.57000732421875,340.54998779296875,13.739999771118164,108.25525815065517,257.3800048828125,66.31999969482422,161.53589093953303,143.24398284263674,210.6749608116922,123.21584158710897,241.07000732421875,332.80999755859375,13.210000038146973,106.31538107275634,247.38999938964844,64.91999816894531,158.6682234177107,145.8193817138672,214.1668701171875,125.16596984863281,242.89999389648438,335.3500061035156,13.4399995803833,108.24530792236328,250.0500030517578,65.1500015258789,159.9029083251953,2176600.0,6184000.0,5607700.0,3688300.0,3694300.0,10859400.0,2365400.0,56491800.0,1303400.0,3520900.0,0.009560839241953884,0.018371456441819343,0.015702975159513508,-0.022551566637609648,-0.00630184034388353,-0.013303988445427035,0.01705483029775489,-0.037673636714120946,-0.0077976408554049316,-0.009913958021049149,-0.008258554939630626,0.0019324540227933854,0.0037076297025835617,-0.005934500813788615,-0.007286422347575432,-0.02528016837825277,0.008378434621468861,-0.03647458362773984,0.0010655254997723707,-0.00228381664914488,-0.010881450355571826,-0.020091513665175538,0.004757900498556219,-0.010312266847959856,-0.015666760994577738,-0.04491005754281641,0.007724262418097221,-0.0352413670227913,0.0009133210268281594,-0.025563308513419987,0.01781939418158458,0.016439002419025957,0.011995345456929794,-0.016617065823820998,0.000984582003691874,0.011976179932825813,0.008676395676285953,-0.0011990530863811562,-0.00886316635517744,-0.007630141371904242,0.03566311064829735,0.021935944167933947,0.012392686388524478,0.006457648771467866,0.01637172309978978,0.0340521461954398,0.00876831440406922,0.027693647880854114,0.008936012878431727,0.0025304034452720047,0.017843716466712803,0.0054969417489080545,0.00039734093159460917,0.023074714595288873,0.015387141096097895,0.02207596626261417,9.191872778328376e-05,0.028892700967235313,0.017799179233609304,0.010160544817176126,0.0,0.0,-0.0037076427980963678,-0.02417949857424731,-0.00661844950568216,-0.005285002518728157,-0.009313655612280501,-0.011893926853452693,-0.012399778905438528,-0.015381572475288582,-0.017819394181584642,-0.01643900241902597,-0.015702988255026157,-0.007562432750426338,-0.007603031509373991,-0.017261182451553916,-0.01799005128856649,-0.010694873767071572,-0.0035366125502610444,-0.007751431103384314,0.03566311064829735,0.021935944167933947,0.016100329186620854,0.03063714734571526,0.02299017260547208,0.039337148714168046,0.01808197001634981,0.03958757473430674,0.021335791783870257,0.01791197592056055,0.34549729418633746,0.1804350638505099,-0.07363032638628297,-0.07381305361525925,0.03757932189467006,0.26144280126672825,0.3102922736668976,-0.09542404457130615,0.007483285138834006,0.07565384425545574
2025-11-05,142.8945963695104,214.01806291970328,125.25551751982648,243.3800048828125,332.6099853515625,13.479999542236328,110.16529168302326,243.24000549316406,65.1500015258789,160.00248483395234,147.22686484166272,215.69456136215058,126.0713844404657,248.99000549316406,336.8399963378906,14.430000305175781,113.24920212826817,259.6499938964844,66.19000244140625,164.1247710962625,142.20584021048802,210.90312563486623,123.2954450469518,242.75999450683594,331.239990234375,13.369999885559082,108.58354693209648,242.80999755859375,65.11000061035156,159.4548349888439,146.50814819335938,215.0398406982422,123.91232299804688,247.82000732421875,335.5299987792969,14.220000267028809,110.6626968383789,256.3299865722656,66.02999877929688,163.61695861816406,1664700.0,4928200.0,4597100.0,3631800.0,2646700.0,15497800.0,2965900.0,67366600.0,1418300.0,2656200.0,0.004712301672445748,0.004067838469590009,-0.01006637248422519,0.020052894862499837,0.000536586807744908,0.05641413927996944,0.022086786547473782,0.024804714397747823,0.013416838727515711,0.022961269756930396,-0.02026147415364759,-0.0006950604376461187,0.0007151756500728496,0.00197421709072139,-0.008204192334692509,0.0029717676519085837,0.017581868489824178,-0.02761227723428529,0.0,0.0006225372507140163,-0.002442079972062934,0.015743941981379815,0.012710521107002553,-0.014642848733099685,-0.0072196103310006796,0.014947947584734497,0.02625826416611,-0.028811330320666458,-0.00886316635517744,-0.0070076041211901184,0.024973775826093184,0.004762898907236018,-0.010781548134297983,0.018078677771778448,0.00874077914243734,0.05344237162806079,0.00450491805764966,0.05241699163203292,0.013416838727515711,0.02233873250621617,0.029867425208805393,0.007802921552310295,0.006492498655566025,0.02278872910630384,0.012637440878348375,0.06810232240905104,0.02760882950836432,0.06528591394840624,0.015837104023785433,0.025437592605081112,0.004893649382712225,0.003040022645074238,0.017274046789863846,0.004710051334525328,0.0038966617359109616,0.014659950780990274,0.0231039114507145,0.012868922316373285,0.00242026529626989,0.0030988600988649862,-0.004831683228626998,-0.01466150979248284,-0.01577232359736528,-0.0025507496314668065,-0.004127429728010988,-0.00819368897110937,-0.014461995128712669,-0.0017693983913525204,-0.000614170368934703,-0.003428629413804443,-0.029805459054720228,-0.019424408699718978,-0.004990775463067276,-0.02062942740324529,-0.012868208870448313,-0.06163606059917028,-0.018966913186362382,-0.05418639002338547,-0.01403100909645037,-0.025767361920020677,0.034699108437432395,0.022464431344793076,0.022264822252931304,0.02533947873777071,0.01676487060635942,0.07629601138016034,0.042070824637076766,0.06705531233975887,0.01645127439272028,0.028866222018885508,0.07838911120560788,-0.041866802150281046,-0.2538496733307287,-0.06695963795580262,-0.2850955348438866,0.6101360084636109,0.5103384866042848,0.12387587362351837,0.06372810311063581,-0.21829183657808748
2025-11-06,145.52988847088588,214.16686542486966,123.2257969610127,247.72999572753906,333.0,14.350000381469727,110.77212170703146,253.47000122070312,66.37000274658203,163.49746496161282,147.7459289738858,217.9266087402948,124.37000250222165,248.6699981689453,333.20001220703125,14.600000381469727,113.30889092367646,253.50999450683594,66.80999755859375,164.78195418690817,144.84113229860495,213.92877554437027,122.72831695100382,240.17999267578125,324.54998779296875,13.920000076293945,110.45378272519915,235.74000549316406,65.56999969482422,158.88728481304062,147.22686767578125,217.29171752929688,124.32025146484375,241.33999633789062,327.3500061035156,14.1899995803833,113.10992431640625,237.6999969482422,65.58000183105469,163.1489715576172,1286000.0,6615300.0,4714700.0,3512400.0,3888700.0,11561800.0,2769000.0,66049700.0,1092700.0,5193100.0,0.0048936686327215265,0.010417454628358086,0.0032866664247354926,-0.026495993271550024,-0.024681414021596168,-0.0021119815528376413,0.02187331976549429,-0.07545626293979761,-0.006838366381947882,-0.0028643584737469883,-0.006699561417905039,-0.004067860379224686,-0.005555822817403896,-0.000363279576693674,-0.007568877573481384,0.009100525635393996,0.0009883258493711537,-0.011220146818420646,0.005136022821335797,-0.0007305924364856544,0.0182742144081882,0.000695038528011343,-0.016337370951701864,0.0177153981950847,0.0011719015689561373,0.06254289726345498,0.0054932439070209,0.04119684481361239,0.01855286154885158,0.021608140069730584,0.01159323005062651,0.014485315007582714,0.008842489242139252,-0.026132713694856275,-0.017112536448114907,-0.011212507188231755,0.02088499391612295,-0.0642361161213769,-0.011974389203283786,-0.00213376603726134,0.015112617870531893,0.017402892798035648,0.009242593687311373,0.0037872827419086924,0.0006004569479910956,0.017271586053467812,0.022642503849861637,0.000157770667690267,0.00660754485414086,0.007825624791466984,0.0035193878199053256,0.0029175777904528496,0.0004001044451719572,0.029919996436765184,0.01771299339610605,0.028484093241699586,0.001757509933738708,0.06439388678906713,0.018581934057424684,0.009959390828728243,-0.004743982110756381,-0.0011123210902524087,-0.004045313009943531,-0.030950814428414096,-0.0257029201131415,-0.030423308401725472,-0.0028779559281085633,-0.07251595154861647,-0.012126918919387233,-0.028602435110656157,-0.01633721216138292,-0.015597636097835122,-0.01288780225208288,-0.004818100733557773,-0.008590383665026586,-0.01921080121349376,-0.023762949844231534,-0.008279835427239604,-0.00015252971610355052,-0.026468669073394756,0.01985659998128838,0.018515213888287984,0.01328790669725502,0.03473809717032284,0.026303377061132737,0.047694894455193516,0.02552045977797031,0.07267372221630684,0.01873446377352822,0.0364280599021231,-0.18531227218394442,0.2344606343418203,-0.24738270453559252,-0.08881281960533016,0.08491994053797924,0.30003168058120266,0.41490905351068363,0.12193277015657245,-0.1970334333250019,0.4158338569015054
2025-11-07,146.25860172699652,217.5595633138974,125.00677212624923,240.0,325.8299865722656,14.0,113.40837263384442,230.94000244140625,65.33000183105469,163.20870619483642,146.85752214359385,219.2261621770493,125.98183625326523,246.5500030517578,331.010009765625,14.149999618530273,114.18432344276059,235.8699951171875,66.38999938964844,164.5728397167314,144.3220603937093,215.35728114933966,124.02176386484433,239.44000244140625,323.0299987792969,13.720000267028809,112.71200846938123,224.63999938964844,65.33000183105469,161.96405438478521,146.47821044921875,217.4107666015625,125.72314453125,245.75999450683594,326.95001220703125,14.130000114440918,113.4979019165039,233.5399932861328,66.26000213623047,164.1347198486328,1027200.0,4647900.0,5458500.0,4047400.0,4112600.0,12468900.0,2337700.0,52162600.0,1172800.0,2506400.0,-0.005098031350381923,0.0005477266847458443,0.011221314456760266,0.01814871513617783,-0.0012226621889649687,-0.004237256805073298,0.003424224005355277,-0.017656021628138414,0.010315629774437786,0.006023833742304268,-0.006598415000715171,0.001231896191976309,0.0055070035051225,-0.005567789129396159,-0.004654221783134939,-0.013480131985395627,0.0026350938899987624,-0.02885141443213929,-0.0038194224569974332,0.00036606853129780647,0.00499481504991133,0.01571721119955904,0.01434949274726186,-0.03170050282425238,-0.021766758231249857,-0.024692639173627313,0.023520087806121966,-0.09308753055351619,-0.015793811660281213,-0.001767697505963601,0.001500383650333163,-0.0006841695072304496,0.005714310951637765,0.023716504265574045,0.003431559594170045,0.009242875180322331,0.0007891301153564778,0.011195392804000837,0.014135052231435324,0.0056577652110063196,0.004086580036558547,0.007631233595086313,0.0077698269950084095,0.02692590170598917,0.015772884154381005,0.010657267514996408,0.006818793650565605,0.02112283799918328,0.016095056657206033,0.008323478942196106,0.002586196386225417,0.008315403102316718,0.0020555160433704607,0.0032093974404153627,0.012341324560211041,0.001414392334674109,0.00602966353520929,0.009927445195182573,0.001960004425770648,0.0026657137311897026,-0.013328966833390212,-0.01017424565561765,-0.00791084760163211,-0.0023360496012303764,-0.008630537361498224,-0.020202687854778488,-0.006159253425338279,-0.027658828974888316,0.0,-0.007655363790945497,-0.01482935048372337,-0.009490076148387167,-0.013625158553269985,-0.02605255386680442,-0.012062096955668247,-0.029445563035100812,-0.006948383540694679,-0.0388542217788892,-0.014135052231435226,-0.013313129001951972,0.017415546869948707,0.017805479250703818,0.01568067459664048,0.029261951307219602,0.024403421515879185,0.030859955369774844,0.012978047075903915,0.048781666974071596,0.016095056657206033,0.015978842733141676,-0.37749810576934983,-0.10445111401081242,-0.09913361918681574,0.05880175365934548,0.14292336930785332,0.35967420111488124,0.22276109645267894,-0.07301556357980843,-0.11970572035195204,-0.295890910753414
2025-11-10,146.66785208488363,215.26801244842545,124.78788362925955,247.33999633789062,328.0,14.329999923706055,112.71200914212248,242.13999938964844,66.12000274658203,164.2940468880834,147.61616935709066,218.10518593686632,125.51420778237657,248.25999450683594,329.9599914550781,14.34000015258789,113.60733233326187,248.89999389648438,66.37000274658203,168.44620370439804,144.84113042642255,214.42479067666122,123.92227327184767,240.39999389648438,325.0,13.890000343322754,111.80672813311685,240.5,65.4000015258789,163.26845496238354,146.098876953125,216.96437072753906,125.2555160522461,244.5500030517578,328.8500061035156,14.210000038146973,112.99055480957031,243.97999572753906,66.16999816894531,166.95262145996094,1310500.0,4530800.0,4251600.0,2818600.0,3087000.0,6632800.0,1784500.0,43361600.0,1062900.0,2754900.0,-0.0025930513698949036,-0.0020553479829279746,-0.0037264444638903924,-0.004935628143124136,0.0057944469641771894,0.005645739997944291,-0.004480121970613935,0.043732897309755485,-0.0013592687598798724,0.01702251523243037,0.0012938373483905499,-0.009904676514506508,-0.007466858878274578,0.0064084659003725165,0.003206317040779705,0.014055031720427894,-0.0069483775720205285,0.03616272885962392,-0.002115114619695288,0.0009702381038808853,0.002794220998723826,-0.01058884602173696,-0.0017525479266367258,0.030124970165946553,0.006637876634949859,0.023297906900750367,-0.006159247456664165,0.047358121663624735,0.01201993761173985,0.006628003314887262,-0.0038868887182854917,0.007849328531578523,0.003740414414384186,-0.011344094043496598,0.002588129923397536,-0.008409291722483662,0.0024682556014066484,0.007570168450131565,0.0007558458598154745,0.016052277128549557,0.006444934047679966,0.013093629386350095,0.005803596667325837,0.0037126684532058354,0.00595780071154531,0.0006976092961829703,0.007912075529829189,0.027535116092648224,0.003773874048541276,0.024958641762864355,0.010331822765965481,0.005244300854771609,0.0020631822529416583,0.01505676249670245,0.0033696707881477987,0.009106901018666541,0.005443819928422642,0.019964947642516644,0.0030180281887259423,0.008906364634314785,-0.012533031085156339,-0.003924770664226653,-0.0069608243050313275,-0.028459716235885706,-0.009188426054406255,-0.031186055032495892,-0.008064234869638667,-0.0067959792131226885,-0.01094903269754127,-0.006261982194130212,-0.008646142366870906,-0.01177409919580514,-0.01070123871941543,-0.01711562219238913,-0.011776555977803726,-0.022776763310012278,-0.010532490471045288,-0.014366147663254352,-0.01170487855735675,-0.022314259322679723,0.018977965132836182,0.017018400050576706,0.012764420972357214,0.03217238468909173,0.015146226765951558,0.03188366432867892,0.015976310399467866,0.03433109530577103,0.014722906746082646,0.031220623956994493,-0.12779369872908042,-0.12108300893781809,-0.351961166703024,-0.29118137206847194,-0.14502780718233765,-0.24374411298734344,-0.042529423242269715,-0.23904657465405066,-0.2197534543600259,-0.20190653277276915
2025-11-11,146.64791054428318,217.25203559512227,125.96193878462275,244.88999938964844,329.5,14.350000381469727,113.52775210521114,241.66000366210938,66.41999816894531,166.95261229858232,149.7124256253546,223.6207920824297,126.5091698396929,244.88999938964844,334.0,14.369999885559082,114.48276906507976,248.4600067138672,66.62999725341797,169.45186764746776,146.5181375952003,217.25203559512227,125.13612013458693,238.52999877929688,329.1300048828125,14.020000457763672,112.45335517918387,234.63999938964844,65.44999694824219,165.28975931424375,149.15342712402344,223.37278747558594,126.35992431640625,242.55999755859375,333.2200012207031,14.270000457763672,113.199462890625,237.52000427246094,65.79000091552734,167.94833374023438,1218600.0,4802400.0,5293900.0,3766700.0,2827200.0,7805000.0,1985100.0,61336800.0,1056400.0,2365800.0,0.020691856507049942,0.029108918588645227,0.008778597649033371,-0.008170707075598688,0.013201197856736471,0.004213518773962953,0.0018471915125197593,-0.02683438876577158,-0.005759295338180436,0.005946326510827766,0.0037509155237157345,0.0013249840654542986,0.005624008847761855,0.0013893281745833226,0.001974615635020714,0.009804023995360733,0.004743089510629442,-0.009554442455934127,0.003771028028787654,-5.4874124084791815e-08,-0.00013597319456981732,0.009174312597032783,0.009364423262146065,-0.009954765868913458,0.004562745558418237,0.001394732272877107,0.00721134511203603,-0.001984274005802449,0.004526873888603126,0.016052222254425347,0.01694094098333414,0.02778393452319102,0.003154588801271559,-0.00956003525018193,0.011226582221715615,-0.0055905052213977785,-0.0028958979981096858,-0.017279946309837473,-0.00953032336696812,0.0059463813849519554,0.02068174407646581,0.02889359087457347,0.004335006211429318,0.0,0.013564639034138492,0.0013927233381702203,0.008377004181703451,0.027750099054318134,0.003156696972263746,0.014858906354209972,0.0037408030931317866,0.001109656351382465,0.0011804174101579155,0.00956003525018203,0.002338056812422896,0.006983228559567887,0.011272902179813069,0.045030045364155585,0.012687020339232014,0.008912524969258257,-0.0008853205095386023,0.0,-0.006577682289307756,-0.026314044175130984,-0.0011235296095394767,-0.023265054531681286,-0.009508803937372723,-0.029479372685166073,-0.014711742652186749,-0.010009962672587148,-0.017826261492872822,-0.027783934523191035,-0.009732271090579224,-0.016754008924949063,-0.012350111831255096,-0.01767454931028351,-0.00661290593926301,-0.012199426375328571,-0.0051814192852185905,-0.01595634405753903,0.021567064586004565,0.02889359087457347,0.010912688500737202,0.026314044175130964,0.014688168643678015,0.024657777869851467,0.017885808119076158,0.05722947173948438,0.01786843962445062,0.02486886902679716,-0.203741482966036,-0.0558338437271555,-0.11114108451141114,-0.0009325297180193814,-0.22936320833369805,-0.08198993814680122,0.058773022816005493,0.11522624439499296,-0.23239404377365247,-0.3493594626638892
2025-11-12,149.64255133450686,223.6009478632375,126.30023135356677,244.0,333.6099853515625,14.270000457763672,113.16961817375271,253.1300048828125,66.33000183105469,167.9383784462851,152.3976217739891,232.13231240825542,128.42944525628312,246.97000122070312,338.3999938964844,14.270000457763672,114.28380081605604,263.510009765625,66.73999786376953,171.0450244166629,148.51456247750136,223.49182523055705,125.91219754079697,242.30999755859375,333.17999267578125,13.960000038146973,113.11987462444988,250.0,66.0199966430664,167.9383784462851,151.2496795654297,231.3684539794922,128.17076110839844,246.52999877929688,337.04998779296875,14.069999694824219,114.01520538330078,258.8900146484375,66.37000274658203,170.3480224609375,2064500.0,8583200.0,4979700.0,3230700.0,2990200.0,7859200.0,1825100.0,108942000.0,1149900.0,2694300.0,0.013956489935802006,0.03516941021786155,0.014229069015141123,0.016234592591004512,0.011428314917898497,-0.014114614131011683,0.007180399080008791,0.08615146919821483,0.008777323526906342,0.014187140513634133,0.0032739707536373532,0.0010209119213482655,-0.00047251584874424455,0.005919132904359327,0.0011696659813578345,0.0,-0.0002636819207365855,0.06365136159857736,0.008174446128880327,-5.9277688524145455e-05,0.020214911736971455,0.0288048464445393,0.0026820729525273363,-0.0036409023458225647,0.01239624820307336,-0.0055905052213977785,-0.0031595799188462023,0.046371415288739865,-0.0013558772380879833,0.00588710369642787,0.010682519182164792,0.03414849829651355,0.014701584863885347,0.010315459686645238,0.010258648936540576,-0.014114614131011683,0.007444081000745237,0.022500107599637623,0.000602877398026032,0.014246418202158296,0.018243578822361974,0.03744454083062231,0.016717828258104687,0.012098651411056718,0.01425600755003908,0.0,0.009797096558316192,0.040188144943357804,0.0061621301722886036,0.01832970537241376,0.007561059640197149,0.0032960425341088347,0.002016243394219362,0.0017831917244115413,0.0039973586134983965,0.014114614131011779,0.0023530155575710882,0.017688037343720233,0.005559252774262405,0.004083287170255448,-0.007566441894500373,-0.0004881431390277101,-0.003077042004912584,-0.006950337246436113,-0.0012897396468330693,-0.021963363500670647,-0.000439645248119604,-0.01244229217962951,-0.004684635564867262,0.0,-0.018248961076665075,-0.03463664143554111,-0.017778626868798067,-0.017265796933081393,-0.011548388583373736,-0.007848749369658943,-0.007883726248864879,-0.03494239977926703,-0.00528751296289333,-0.014246418202158344,0.02581002071686223,0.0379326839696499,0.019794870263017336,0.019048988657492893,0.015545747196872135,0.021963363500670536,0.010236741806436007,0.052630437122987275,0.010846765737155852,0.01832970537241376,0.31350985751872784,0.5022337721211549,-0.11750560043747171,-0.14229833126962532,-0.15964607084594817,-0.05808536085391225,-0.03347566198830876,0.689449856424968,-0.15106543186730015,-0.2255076578857178
2025-11-13,149.17338322231976,231.87439772298222,127.8623005288556,245.42999267578125,335.010009765625,14.010000228881836,114.10473536792787,251.89999389648438,66.51000213623047,169.69084288519383,151.8286411129652,237.38008800543653,128.93685912037967,248.5800018310547,340.0,14.140000343322754,114.85084307327126,259.6300048828125,67.37000274658203,171.82168612017173,146.25859468679803,230.30700675709244,127.35487640864328,244.32000732421875,332.79998779296875,13.619999885559082,113.6869168744876,246.05999755859375,65.8499984741211,168.52585064487212,146.6279296875,230.4359588623047,128.6085205078125,247.57000732421875,333.6000061035156,13.670000076293945,114.41313171386719,247.9600067138672,66.08999633789062,169.88998413085938,1940700.0,7968500.0,5182400.0,3703500.0,3084600.0,9732800.0,2911800.0,63178600.0,1323300.0,3878900.0,-0.031033690740595258,-0.004038490575778644,0.0034096195047863135,0.004209714907782513,-0.010288562301674313,-0.02884119311949573,0.0034840400113518824,-0.04313584773138287,-0.004227794469302452,-0.00269245997161012,-0.013822703111192405,0.0021843572666172873,-0.002409538258931115,-0.004471940628524966,-0.006070839806116749,-0.004273472750527741,0.0007849378614520429,-0.02737115851286445,0.002107155874548699,-0.0038653251786588067,-0.0031401839290277067,0.03633285556313077,0.012292046604954235,0.0058435190581203195,0.004187809130423925,-0.01838808688153947,0.008229018862197198,-0.004871050913226871,0.002710033272574772,0.01038109302349956,-0.01721098762940277,-0.006222847842395822,0.005819157763717303,0.008681655536307273,-0.0042177224955576055,-0.024567720368967982,0.002699102149899785,-0.015764689218518483,-0.006334950343851144,0.0011728652070487505,0.01764324857598873,0.02346676742759112,0.00836891261410864,0.012752988332101197,0.014785206334147781,0.009236308062729013,0.006517511838023311,0.03022540023497513,0.01284751132592333,0.012479020277297331,0.03485423620539136,0.029689615269986792,0.0025497548503912275,0.004071332795793778,0.019002928829705303,0.0338040284316971,0.003818409688123538,0.04599008945349371,0.019182461669774508,0.011306155070248632,-0.019733023747377298,-0.006782605096230097,-0.003976415654399644,-0.00453287290302573,-0.006618739008787803,-0.028232084366999356,-0.0036684308480062215,-0.023456760418621856,-0.009972939398017104,-0.006889055863060317,-0.0025220361179745274,-0.0005597572538342817,-0.009795573418117067,-0.013214528439333087,-0.002401016513230197,-0.003664363998031354,-0.006367532997906021,-0.007692071200103421,-0.003637989054165872,-0.008061921070109081,0.03737627232336597,0.03024937252382103,0.012345328268508274,0.017285861235127032,0.02140394534293568,0.03746839242972837,0.010185942686029636,0.05368216065359693,0.02282045072394056,0.01936807614035769,0.2574889180594422,0.40192390215285734,-0.04591429401912528,0.007256367791875107,-0.10889994969866024,0.13537695344805556,0.41550091731000904,0.14953053092455804,-0.024016858972123245,0.1438162434342427
2025-11-14,145.0607510071586,231.74543998223112,128.63837268439457,245.77000427246094,332.9100036621094,13.479999542236328,114.50266286500381,240.11000061035156,65.8499984741211,168.91000366210938,147.73596247597692,233.1243450774218,130.29996925691046,249.14999389648438,333.75,14.029999732971191,115.23882035448524,253.44000244140625,66.2699966430664,169.33999633789062,144.2422066066126,228.48170581142762,128.1210044114728,244.08999633789062,328.5899963378906,13.359999656677246,112.72195153506615,235.0800018310547,64.6500015258789,166.99000549316406,146.55807495117188,230.5054168701172,129.93182373046875,245.2100067138672,331.1099853515625,13.819999694824219,113.7466049194336,246.80999755859375,64.73999786376953,167.5800018310547,1302600.0,5461500.0,6998900.0,2845000.0,2761400.0,7612600.0,1925900.0,47655600.0,1168800.0,2748800.0,-0.0004765216384462611,0.00030137458685647534,0.010236814548552076,-0.00957838624285024,-0.007492086567996198,0.010913139940358998,-0.005842649543210809,-0.004648669953026953,-0.02063817857038924,-0.013690215273900698,-0.0107456604531579,0.005666539705473945,0.00023208969675494564,-0.00729724326799476,-0.0020704945996211873,-0.01399658479154967,0.0007822191200604937,-0.032170315695478756,-0.003637989054165872,-0.005785025012406535,-0.027956648082560598,-0.0005563081369219379,0.006051247460472445,0.001384412268312527,-0.006288217095178814,-0.038564305160517724,0.003481321269960379,-0.0479350049139973,-0.009972939398017104,-0.004612159805357851,0.01026913881471154,-0.005365165118617331,0.01000472485179697,-0.0022811429748554437,-0.005421591968375032,0.024909724731908608,-0.006624868663271278,0.02752164574245179,-0.01700018951622331,-0.007905190261494163,0.018274016010490828,0.0059324532744601715,0.012834092991709265,0.013658943610425049,0.0025200155335788404,0.03999080355623637,0.0064085945530400765,0.05402996404448313,0.006357850427482042,0.0025424562152665817,0.00800487719577911,0.011297618393077455,0.0028293681399121787,0.01594008658528055,0.007941607501953751,0.01508107882432779,0.01303346321631122,0.02650831830203119,0.023358039943705416,0.010447646476760648,-0.005658750201137534,-0.01418338276559326,-0.004029990873017067,-0.0068591618798727865,-0.01306143232203602,-0.00894192911474265,-0.01567389862463334,-0.021171264681131573,-0.0183912761972339,-0.011432087093577487,-0.0159278890158491,-0.008818217646975953,-0.014034715724814057,-0.004578018905017358,-0.007639840353660943,-0.03385165384665131,-0.009049029961362014,-0.04869291042358351,-0.0013910866810105218,-0.0035268968320832724,0.02393276621162814,0.02011583604005342,0.016864083864726306,0.02051810549029776,0.015581447855614862,0.04893273267097899,0.022082493177673388,0.07520122872561472,0.024749126624715956,0.013974543308843944,-0.13392620692340174,0.03762055410698828,0.2531788863291453,-0.2342482558766843,-0.20062071629502398,-0.102986832355203,-0.01032690763861055,-0.12454250905994613,-0.1564996023967815,-0.1759919759955526
2025-11-17,146.10885146850092,231.39822509454993,130.02136698240793,243.92999267578125,331.1099853515625,13.84000015258789,113.74660439947539,242.75,64.62000274658203,166.91000366210938,146.7776542710987,233.47155522096617,131.26506699646623,244.97999572753906,332.3800048828125,14.180000305175781,113.8460914998642,248.77000427246094,64.79000091552734,167.82000732421875,143.7929985792214,227.40039183285376,129.29505042512565,240.58999633789062,324.42999267578125,13.800000190734863,111.36900842434555,237.14999389648438,63.22999954223633,164.97000122070312,144.2621612548828,232.13232421875,129.37464904785156,241.3300018310547,325.07000732421875,13.920000076293945,111.68734741210938,240.52000427246094,63.310001373291016,165.38999938964844,1445600.0,5023100.0,5816600.0,3187800.0,3300000.0,7689500.0,2633400.0,37942200.0,964200.0,2908400.0,-0.01578955732645424,0.007033209401317296,-0.004297428707690954,-0.015949714589909497,-0.01841003592811499,0.007209864129820749,-0.0182697838086308,-0.02581553602230269,-0.02233589925345645,-0.013154542532267244,-0.0030698640325306017,0.003865781756986275,0.0006889183028306997,-0.005233744782827811,0.0,0.0014461649573204258,-4.571197653081175e-09,-0.016586692785669314,-0.0018552126010833183,-0.004006093180642709,0.007199274782180921,-0.001499383361630983,0.010693643154627862,-0.007514887757683298,-0.005421591968375032,0.02635588968922907,-0.006624873234468902,0.010934952956782623,-0.018855402117306682,-0.01191128344213689,-0.012719693293923617,0.003167427644330848,-0.004986347010521716,-0.01071596980708164,-0.01841003592811499,0.005763699172500381,-0.01826977923743323,-0.009228843236633399,-0.02048068665237305,-0.009148449351624587,0.004566983810759866,0.008920106067562572,0.009519892693845181,0.004295288257548091,0.003828305177323783,0.02426958141088551,0.0008742557078325134,0.02449668481959106,0.0026272816926128702,0.005437253154274378,0.017286677104683446,0.005752678423231638,0.014506239704367008,0.015011258064629619,0.022238341105438788,0.018505882238385042,0.019144034945265724,0.03372552805622448,0.023107968344985966,0.01458570250589912,-0.015977146420530827,-0.017427840024100534,-0.00560179308248589,-0.013787044166265668,-0.020380828401063793,-0.0028943552301342276,-0.021124118022824972,-0.023339280584785134,-0.021745138069079722,-0.011691120343569708,-0.0032574531266071527,-0.02059526766843144,-0.0006154460719642106,-0.0030710743591839565,-0.0019707924729488254,-0.008658054402634622,-0.0028543387853917548,-0.01411043734815182,-0.0012644514167066542,-0.002542670991945111,0.020544130231290706,0.026347946091663063,0.01512168577633119,0.018082332423813584,0.02420913357838753,0.027163936641019733,0.021998373730657578,0.047835965404376256,0.024372419761692556,0.017128373497844202,-0.025303174138800344,-0.043878048475967546,0.06808502468916089,-0.11587732100455028,-0.014042332270152613,-0.09867023090943228,0.2593101256553094,-0.3323564346926453,-0.3435134690455879,-0.10081865453751426
2025-11-18,142.9844536114358,233.12434265915675,130.08107873818372,241.05999755859375,323.7799987792969,14.050000190734863,111.27947981636751,236.77999877929688,63.189998626708984,163.99000549316406,145.03078405856596,235.29686555096433,131.364570486499,241.75,326.6400146484375,14.140000343322754,112.03553776306512,238.0,63.810001373291016,166.58999633789062,139.9898058567289,230.25740985916886,128.63837456081527,237.42999267578125,320.79998779296875,13.609999656677246,110.9810336929921,224.7100067138672,62.959999084472656,163.30999755859375,143.5833740234375,232.00335693359375,129.3448028564453,240.0,324.4700012207031,13.720000267028809,111.18000030517578,230.2899932861328,63.380001068115234,165.7899932861328,2330800.0,6232600.0,6775000.0,3375300.0,3286400.0,7941600.0,2253600.0,45619900.0,1257600.0,2325700.0,-0.004716338497487764,-0.0005557309800238207,-0.00023072243945299205,-0.005526375712878475,-0.0018474805748168838,-0.014472018626680341,-0.004552914444676745,-0.043463908828844065,0.0011050548677653171,0.002415569175835529,-0.008896300281590693,0.004264398618476111,0.005445487305487816,-0.0011194440224673364,-0.003976297241192957,0.009295748968029238,-0.0036585536579989033,-0.015671829106742495,-0.0018972771949321945,-0.008500833727025172,-0.021615993575514313,0.007431826262807043,0.00045914029496612317,-0.011835413829548922,-0.02238633316930788,0.015059448140529666,-0.021928332895432095,-0.02490067234337585,-0.022377963847305324,-0.017649283078649835,0.004179961784102943,-0.004820129598499961,-0.005676209744940707,-0.004406931690411169,0.0021288166663760723,-0.02376776759470962,-0.0008943607866777946,-0.027792079722101588,0.003002332062697522,0.010916402902860892,0.014210115393530943,0.009276003867736277,0.009818500044936795,0.002858279301001248,0.008794422813938215,0.006385275393487877,0.00677124936469098,0.0051392388434163315,0.009763900349182727,0.015730198086558015,0.010030153609428234,0.014096133466236182,0.015494709789877525,0.007265210991412432,0.006665606147562299,0.030153042988197515,0.007665610151368629,0.0329313185655179,0.00676156828648522,0.004813795183697072,-0.0211663036968871,-0.012374114285107223,-0.011152768862805812,-0.015173042691159697,-0.00924643110268189,-0.03181761791758723,-0.002685553974785709,-0.05232072296629872,-0.0036464494849016977,-0.004155263713168034,-0.025346265480989942,-0.007553984686607292,-0.005476559117865036,-0.010766111000748452,-0.011375247769057932,-0.00804985032287749,-0.0017911931881079341,-0.024528643244197117,-0.0066487815475993126,-0.015071666616028823,0.03537641909041809,0.021650118152843473,0.02097126890774255,0.01803132199216096,0.01804085391662007,0.03820289331107512,0.009456803339476544,0.05745996180971503,0.013410349834084663,0.019885461799726036,0.4353660081447295,0.14004590793928173,0.20476111855824897,-0.04461744204107099,-0.003698652646979994,-0.09054602174256488,0.10172845677515774,-0.14645613662974455,-0.08225877446288088,-0.26719295715617974
2025-11-19,145.230431368442,231.67598673332128,129.23535421943998,240.0,323.17999267578125,13.800000190734863,110.81999969482422,230.25999450683594,63.650001525878906,165.58999633789062,145.230431368442,236.24919248372083,130.82729629745023,244.3800048828125,323.3599853515625,13.989999771118164,111.1500015258789,235.27999877929688,64.0,167.30999755859375,142.50529109615263,228.52137526570976,123.95211903109711,240.0,315.17999267578125,13.6899995803833,108.30999755859375,219.7100067138672,63.11000061035156,164.55999755859375,144.14236450195312,231.051025390625,125.51420593261719,241.0800018310547,318.1099853515625,13.770000457763672,109.4000015258789,223.5500030517578,63.61000061035156,166.5800018310547,1848300.0,7618400.0,10296100.0,2554600.0,3738400.0,9155100.0,2596800.0,52093400.0,1270100.0,2219100.0,0.00388558343561652,-0.004113265836694649,-0.03006278205487749,0.004489912868068172,-0.019795896841797778,0.003637704223631948,-0.016139608334618097,-0.02970423877462386,0.003622329170592545,0.004753798744078513,0.011405792728601854,-0.0014120545119769787,-0.0008465355174899845,0.0,-0.003983664828442344,0.005813964224045722,-0.003243251584797004,-0.0001302737167926428,0.004250977861041062,-0.0012070552162897015,0.015585754512704556,-0.006232184110476886,-0.006522745262430805,-0.004406931690411169,-0.0018548481620662808,-0.01795380337066392,-0.004137612371474743,-0.027922353438894317,0.0072533099237386085,0.009709347686571114,-0.007520209292985236,-0.002701211324717652,-0.029216246537387483,0.004489912868068172,-0.01581223201335539,-0.0021762600004137118,-0.012896356749821019,-0.0295739650578312,-0.0006286486904484439,0.005960853960368174,0.0,0.01954736171868346,0.012242911154909619,0.018085487526794418,0.0005567874734688666,0.013674166332475217,0.0029733934529042787,0.02156720766827592,0.005483734383296637,0.010333532938589969,0.007520209292985341,0.022248573043401138,0.04145915769229727,0.013595574658726179,0.016369019486824336,0.015850426332888978,0.01586975020272521,0.051141172726106965,0.006112383073745039,0.004372678978221656,-0.01894253333995138,-0.013710034611287603,-0.04173983919638296,0.0,-0.025065539925415374,-0.00800299733549817,-0.022909797378673786,-0.04690055586302687,-0.008520103708993455,-0.006239601030132569,-0.011422324046966133,-0.011008823286569967,-0.012523592658995423,-0.0044899128680680285,-0.009253307912059996,-0.005826737335084357,-0.010013440628852746,-0.01732659080519558,-0.007891455018544935,-0.012200454990500794,0.018942533339951433,0.0332573963299711,0.05398275035129274,0.018085487526794418,0.025622327398884398,0.02167716366797354,0.025883190831578046,0.06846776353130275,0.014003838092290026,0.01657313396872237,0.1928271211583077,0.3022631226186938,0.5978195749201323,-0.30205323286979713,0.12094883359089259,0.05596240945835618,0.22583348033087347,-0.006973349717753763,-0.06226536397811877,-0.27081088695290667
2025-11-20,146.89745267969064,231.3982250697878,121.88259954645814,242.7899932861328,318.8699951171875,13.989999771118164,109.86000061035156,232.6999969482422,64.23999786376953,168.72999572753906,147.09709280954513,233.07473872199728,125.08637194908724,244.75,323.17999267578125,14.109999656677246,110.91000366210938,234.25,64.69999694824219,169.75,143.69317300031193,226.18021331714243,121.48461402975062,239.5399932861328,312.0899963378906,13.449999809265137,109.37999725341797,204.52999877929688,62.970001220703125,163.9600067138672,144.8011932373047,227.61863708496094,123.3451919555664,240.7899932861328,312.3999938964844,13.510000228881836,110.55000305175781,206.02000427246094,63.25,164.61000061035156,1443700.0,4283600.0,11654000.0,2905500.0,3884800.0,10222500.0,2368700.0,66342900.0,1375300.0,3303500.0,0.004560266941115161,-0.014966991107468705,-0.01743208350898343,-0.001203679759583842,-0.01811279043974706,-0.019062177070344043,0.010457030973096162,-0.08166184413769763,-0.005675572678297239,-0.01189664205238024,0.01893328895796524,0.0015015690653767692,-0.02936066422101944,0.007068008312679796,0.002386292032961442,0.015850426332888978,0.004195929534610238,0.04011494086235426,0.009855336098679803,0.012824093389719276,0.011413079664979925,-0.00119964225934101,-0.058576910758406986,0.01155792118074788,-0.01342593998039393,0.013674166332475217,-0.008700427215210794,0.010540975804523029,0.009226687408231541,0.018784947350087632,-0.01437302201685009,-0.01646856017284539,0.011928580712035949,-0.008271688072263556,-0.020499082472708624,-0.034912603403233024,0.006261101438485923,-0.12177678500005189,-0.01553090877697712,-0.02472073544209954,0.0013581215271088166,0.007219024846487027,0.025946191654282313,0.008040436887880618,0.013425939980393861,0.008540969215846406,0.009512261165202162,0.006638863924844236,0.007135117954429266,0.006026987549847804,0.015731143543958742,0.023687585019332536,0.014017610942246161,0.016312124960144125,0.03392502245310245,0.043453572619079534,0.003251159726716356,0.12841564892489618,0.02266602673140623,0.030747722991947325,-0.022054459263735084,-0.022808058758929637,-0.0032706613650835296,-0.013476455031546061,-0.021491884883968988,-0.03936368045018379,-0.004378800662028702,-0.12903539917194515,-0.019967594498484297,-0.02867724230461979,-0.007681437246885,-0.006339498586084202,-0.015199242077119564,-0.005204766959282445,-0.0009928024112603924,-0.004451077046950805,-0.01063990210051454,-0.0072586141718932705,-0.004436685721507197,-0.003956506862520259,0.023412580790843913,0.030027083605416813,0.02921685301936569,0.021516891919426642,0.034917824864362935,0.04790464966603027,0.013891061827230983,0.13567426309678948,0.027102712452913486,0.03470422985446768,-0.06305935904681093,-0.2582013346080032,0.694031241179907,-0.1736852953477399,0.13545095124882778,0.13766298877967387,0.11150893222141,0.20829265301109245,-0.005660578710473985,0.1455334038435545
2025-11-21,144.21226060078902,228.7098577556938,124.05161188116493,241.8800048828125,313.57000732421875,13.520000457763672,110.98999786376953,208.80999755859375,63.529998779296875,165.36000061035156,151.48924822918764,236.11030695094527,128.0712511524663,253.97000122070312,327.75,13.760000228881836,111.75,208.8300018310547,66.0999984741211,169.3800048828125,144.21226060078902,228.30312655639167,123.26559257799771,241.2899932861328,311.5899963378906,13.279999732971191,110.45999908447266,195.0,63.529998779296875,165.1699981689453,150.98016357421875,234.3941192626953,127.46432495117188,251.85000610351562,324.19000244140625,13.75,110.9800033569336,203.77999877929688,65.0999984741211,168.08999633789062,2469000.0,8017600.0,9401000.0,5959400.0,4825400.0,9306300.0,2411100.0,67421100.0,2023500.0,3183500.0,0.041786740620579375,0.029332384759590546,0.03284965780238944,0.04490853997590911,0.0370453727713034,0.017608655198812332,0.0038821002371681266,-0.010932297637795064,0.028829398167893636,0.02092048501184583,-0.004075474299554916,0.004782619376470826,0.005710840516578514,0.0045165991414576855,0.0037382455644195513,0.0007399355593091603,0.003972153008152801,0.013451463696336242,0.004417088456218652,0.0045458756177019395,-0.018448496316404966,-0.011685940796374502,0.017639421228614442,-0.0037550889308059668,-0.016760836908289115,-0.034172667843923955,0.010233254446638723,-0.10832532130371562,-0.011113820320758482,-0.020174859824397675,0.04586221492013411,0.02454976538311973,0.02713881728581105,0.04039194083445162,0.0333071272068839,0.016868719639503163,-9.005277098460958e-05,-0.024383761334131355,0.024412309711674896,0.016374609394143983,0.04922840743955206,0.03184489462639093,0.03188905482071813,0.048774399021305176,0.04422847865136099,0.017595744665974633,0.00682414557684377,9.5796726872259e-05,0.03965650770939116,0.024019821256454826,0.0033661925194179263,0.007295129243271207,0.00475023753490728,0.008382458186853563,0.010921351444477109,0.0007270250264715041,0.006914198347828484,0.02447955806100365,0.015244197997716128,0.0076452118623109135,0.0,-0.001779955146348986,-0.006356387145721567,-0.0024422538327340854,-0.006334434689990108,-0.017910980532380636,-0.004786631732108554,-0.06842517732622487,0.0,-0.0011496836174404066,-0.045862214920134155,-0.026329720529468706,-0.03349520443153254,-0.04283419466718568,-0.039641561896873935,-0.03477970017188369,-0.004696578961124024,-0.044041415992093526,-0.024412309711675025,-0.017524293011584372,0.04922840743955206,0.033624849772739794,0.03824544196643981,0.05121665285403941,0.05056291334135106,0.03550672519835532,0.011610777308952382,0.06852097405309716,0.03965650770939116,0.025169504873895247,0.4347075822726243,0.32797559038500523,0.448334923555354,0.5068024502051252,0.3086564840276367,0.029834796338910508,0.11097749303466031,0.2271554864303944,0.3581764568227275,0.11485028523615348
2025-11-24,151.62899423817922,234.11635147724908,126.81760131541365,250.99000549316406,325.0,13.789999961853027,110.88999938964844,207.16000366210938,64.72000122070312,168.24000549316406,153.3259735107422,235.72341650371897,128.86722408737714,251.3300018310547,325.7699890136719,13.989999771118164,111.0,217.1300048828125,65.01000213623047,170.75999450683594,150.20155276412336,226.65636858164788,126.08133303724124,243.24000549316406,318.3399963378906,13.720000267028809,109.41999816894531,205.85000610351562,64.0199966430664,166.63999938964844,153.3259735107422,227.6781463623047,126.54896545410156,243.6199951171875,318.7300109863281,13.880000114440918,110.37999725341797,215.0500030517578,64.0999984741211,169.55999755859375,3984500.0,10225900.0,14041300.0,5596900.0,5414400.0,5428400.0,6647200.0,46749600.0,1644400.0,7138100.0,0.015417739692701401,-0.029070976026447065,-0.007207209180922953,-0.03322408219731286,-0.016985387324217373,0.009410139211100958,-0.005421102017463159,0.053829598864827154,-0.01548018565356222,0.008707303627252578,0.004288248663283918,-0.0011857486025985359,-0.005086677135982268,-0.003420576839722901,0.0024954111304054637,0.0029048649263521214,-0.000811321684842561,0.01645048467753598,-0.005854234163990363,0.0008920355865009949,0.05015046358341809,0.023364016780521173,0.022052140149828665,0.03697136399472882,0.03580253833728927,0.019773584565855196,-0.0009013744558271896,-0.00793327665659538,0.01855807554768465,0.017266644980645004,0.011129491029417403,-0.027885227423848576,-0.002120532044940647,-0.029803505357589986,-0.01948079845462291,0.006505274284748785,-0.004609780332620519,0.03737911418729121,-0.0096259514895719,0.007815268040751396,0.011129491029417403,0.006840933455703023,0.016032759652972874,0.00135370435122599,0.0023663948429945903,0.014399083278068535,0.0009914878513269938,0.047004815760272156,0.004470845464872809,0.014867465675640021,0.0,0.03472616087955148,0.018153291697913645,0.031157209708815994,0.021847193297617352,0.007893808993319854,0.005601268183947374,0.009625701572980863,0.014096796954444693,0.007052197634888646,-0.009458632537195312,-0.03238314457388712,-0.005822645004098435,-0.0313644867514443,-0.0207051998317968,-0.0050890472784523265,-0.013345041559513972,-0.006343681367156364,-0.010874809505518378,-0.009555770755183875,-0.020588123566612795,-0.004497917150038648,-0.003702112959157791,-0.0015609813938542857,-0.0012244013771738902,-0.011594321563201145,-0.008735261226893536,-0.043722795554447524,-0.001248858015946539,-0.0173710387959352,0.020588123566612833,0.039224078029590194,0.021855404657071417,0.032718191102670255,0.023071594674791314,0.019488130556520905,0.014336529410840957,0.053348497127428444,0.015345654970391193,0.02442323643082375,0.8527949661881298,0.5062156174118115,0.8090843564204491,0.4134157831122529,0.3913538419032321,-0.4908492268310418,1.0573597454518975,-0.12204835574804207,0.14704600833471027,0.8776619164058506
2025-11-25,150.510995992863,228.4816918413165,126.6484608338029,245.0,317.7699890136719,13.9399995803833,111.12000274658203,201.47999572753906,64.72000122070312,170.2899932861328,159.9840706069874,232.21167568517163,128.1607967119734,251.67999267578125,321.5199890136719,14.029999732971191,112.45999908447266,206.5800018310547,65.62999725341797,172.16000366210938,147.73595693915286,228.47176196934618,125.5938056502227,245.0,315.57000732421875,13.770000457763672,110.68000030517578,194.27999877929688,64.2699966430664,170.22000122070312,156.91954040527344,229.9498748779297,127.40463256835938,249.22999572753906,319.54998779296875,13.8100004196167,111.62999725341797,206.1300048828125,65.41000366210938,171.5399932861328,3698000.0,7134100.0,8035500.0,3664500.0,3765000.0,4853900.0,2085500.0,69773500.0,1435300.0,2605800.0,0.02316699166964628,0.009928356966535228,0.0067387929054778,0.022766533528607052,0.002569334020483118,-0.005055965517491905,0.011260873293917858,-0.04236351202154882,0.02023086783815429,0.011609604337533237,-0.018530056224608307,0.0035230909995114493,0.0007859115021918139,0.005648596315655071,-0.0030165677946498307,0.004313411907067642,0.00668179003496229,-0.0651804737486027,0.009625951489571918,0.004295994526475976,-0.007400565195190781,-0.024362136424337003,-0.0013346205427489486,-0.02415490904193493,-0.02249736624927263,0.010818686191816583,0.0020720097023416376,-0.027801359561311578,0.0,0.012111262567227355,0.041697047894254616,0.006405265967023728,0.005952881403286066,0.017117937212952038,0.005585901815132941,-0.009369377424559651,0.0045790832589556575,0.02281696172705379,0.010604916348582526,0.007313609811057299,0.06103810697574547,0.01619326699005437,0.01187047637965419,0.026900199663926146,0.011731899890512256,0.006435499850918316,0.011986871559791295,0.024997655770081673,0.013962575024607632,0.01092147163253319,0.019341059081490863,0.009788001023030655,0.0059175949763683455,0.009782262450974084,0.006145998075379381,0.01580487727547806,0.007407788300835808,0.0021806940430277554,0.0033576586760251906,0.003607861821475858,-0.01860953892351874,-4.346119671087001e-05,-0.008362288716240406,0.0,-0.006947265451682694,-0.012270029246636914,-0.003967565487343519,-0.03638968847773625,-0.006977384460074098,-0.0004111013922913369,-0.06030658681777327,-0.006448727163734581,-0.014315170119526413,-0.01711793721295199,-0.012533167266815557,-0.002900651822077322,-0.008546648746299072,-0.05920665020479005,-0.01758230080865665,-0.00772471120334857,0.07964764589926435,0.016236728186765168,0.02023276509589472,0.026900199663926146,0.018679165342195006,0.0187055290975554,0.015954437047134874,0.061387344247817964,0.020939959484681754,0.011332573024824377,0.7320521799335413,0.11367630198882317,0.22480101936419494,-0.013483251140053554,0.016776099866666172,-0.5859896246903649,-0.11540049903538296,0.25911996851882435,0.05188837037457539,-0.13316636411865446
2025-11-26,155.4621554237798,230.18795658296915,127.43447778377154,250.27999877929688,319.20001220703125,13.859999656677246,111.45999908447266,210.0500030517578,65.18000030517578,171.11000061035156,157.83789899503037,230.62444712688125,128.36974260672247,251.94000244140625,321.6700134277344,14.020000457763672,111.62000274658203,215.58999633789062,66.48999786376953,172.3699951171875,153.74522279458597,224.83106295877627,126.37981502886656,246.88999938964844,316.1000061035156,13.829999923706055,110.54000091552734,207.0,65.18000030517578,170.67999267578125,154.09458923339844,225.84292602539062,127.89215087890625,247.85000610351562,317.5199890136719,13.90999984741211,110.55000305175781,214.24000549316406,66.33000183105469,170.8000030517578,3294300.0,5920800.0,5473800.0,2389100.0,3025000.0,4373200.0,1825300.0,43270200.0,2339100.0,2031600.0,-0.018166562828113395,-0.018021609809666723,0.003819232632422148,-0.005552398665251695,-0.006372944021216994,0.007214997159507768,-0.009721871513622818,0.03858984618397894,0.013967103182575585,-0.004323137201585826,-0.009330863971068616,0.0010348278711610607,0.00023422790565680502,0.004204138495133862,-0.001095814077365553,0.0036139711848060317,-0.0015240324948684733,0.018838550744993184,-0.0035225298686534204,-0.0025098083125978023,0.032366183923186,0.007440093838184701,0.006187109308942767,0.021322075708085825,0.004490087737767296,-0.005755406239753567,0.00305505076408698,0.04165551247204711,0.007082386479929118,0.004803801498459471,-0.008835698857044848,-0.01905643768082775,0.003585004726765276,-0.009756537160385506,-0.005277129943851419,0.003601025974701832,-0.008197839018754389,0.019751295438985694,0.017489633051229064,-0.0018133288889880285,0.015166222127846098,0.0018944397804465686,0.007312381234174557,0.006610687361771376,0.007708313237070924,0.0114779452662093,0.0014344960393915124,0.02603282663935099,0.01989885019430353,0.007336672727900136,0.024001920984890863,0.02095087746127428,0.0037273765074091743,0.01636722452215676,0.012985443180922209,0.007876919291507373,0.009632335058145845,0.006281531200365047,0.002409217143074251,0.009150001616888155,-0.011105493569461201,-0.023546888834552263,-0.008310555038196377,-0.013637395421698865,-0.009759265287847712,-0.002166828830882826,-0.008288319240001906,-0.014626818878742698,0.0,-0.0025162127030852856,-0.0022697947124163394,-0.004490451153724552,-0.011895559764961561,-0.0038808582613133304,-0.004482135343996341,-0.005767854805584607,-9.048022124757618e-05,-0.034378114317728525,-0.017489633051229133,-0.0007028838140972981,0.026271715697307255,0.02544132861499898,0.01562293627237091,0.0202480827834702,0.017467578524918488,0.013644774097092104,0.009722815279393471,0.04065964551809357,0.01989885019430353,0.009852885430985411,0.5890025046814493,-0.0767042742003543,-0.16183423161831634,-0.3970780227063848,-0.16195503188209237,-0.6753034089715317,-0.2531497504494382,-0.2121110489542204,0.5283160039753803,-0.35994124703027985
2025-11-28,153.8350475407251,225.03939227352004,127.51407502258995,247.49000549316406,317.79998779296875,13.970000267028809,110.47000122070312,216.13999938964844,66.56999969482422,170.66000366210938,154.28424163359287,226.26948546841075,128.73787155034591,251.4499969482422,322.30999755859375,14.079999923706055,111.55999755859375,218.3000030517578,66.70999908447266,172.24000549316406,152.9466360302745,223.71007604146024,127.35487778171053,245.1300048828125,317.5199890136719,13.90999984741211,110.0999984741211,214.02000427246094,65.97000122070312,170.00999450683594,153.22613525390625,225.88259887695312,128.25033569335938,250.0,320.1300048828125,14.0600004196167,110.30999755859375,217.52999877929688,65.9800033569336,172.0500030517578,1531600.0,2655600.0,2572400.0,1493700.0,1802200.0,2200700.0,1140400.0,18658000.0,772900.0,1596300.0,-0.0056517912527598605,0.00017565025431348673,0.002796764041138779,0.008637168769819036,0.008186404674795153,0.010725921261536675,-0.002173373059621164,0.015239858856859172,-0.005290594464209027,0.007291850759207015,-0.0016857211722325568,-0.0035642763973571467,-0.00296058665866117,-0.0014535497448527838,0.0008814418171857267,0.004304197417618787,-0.0007239329744107789,0.008829435468050517,0.003611709885637387,-0.000820004654954973,-0.010521420029277443,-0.022620714078184882,0.0006244180681040525,-0.01121008690523837,-0.004395688126665869,0.00790522339232073,-0.008921771993165187,0.028580730907036462,0.021101342936866475,-0.0026333335439429205,-0.003966070080527238,0.0037399266516707228,0.005757350699799929,0.010090718514671856,0.007304962857609596,0.006421723843917833,-0.0014494400852103875,0.006410423388808616,-0.008902304349846452,0.008111855414161937,0.0029157175605807107,0.0054512388374237525,0.009551582716155154,0.015873951133760427,0.014091592067268342,0.007843152927976127,0.009818538940773164,0.009943934484400951,0.0021008319691060546,0.009215590381657425,0.006881787641108081,0.0017113121857531572,0.003794232016355156,0.0057832326190884065,0.006786629209658943,0.0014214290840583216,0.011267979025983534,0.0035335110955921818,0.01100313631895262,0.001103734967495293,-0.005791832052108304,-0.005924553516847747,-0.0012492479749428426,-0.009581497363571494,-0.0008814418171856706,-0.004304197417618843,-0.0033549720646638996,-0.00985685448938817,-0.00905390928963621,-0.0038160680281409585,-0.0018257619715810645,-0.009664480168518423,-0.007006598674742773,-0.019672215878243336,-0.008186404674795176,-0.010725921261536632,-0.0019055319794535526,-0.016267277878196915,-0.0001516049397897484,-0.011927923442303054,0.008707549612689068,0.011375792354271556,0.010800830691097961,0.025455448497331817,0.014973033884454142,0.012147350345595026,0.01317351100543727,0.019800788973789125,0.011154741258742367,0.013031658409798438,-0.17727154690167346,-0.8466602938210688,-0.884979341151098,-0.8177095770049316,-0.6355336392581279,-1.2977609815033926,-0.7097108278439386,-1.0091006123848594,-0.5351655570117995,-0.5863342128491063
2025-12-01,152.26784838414673,225.3766784305365,128.0015961716865,253.1300048828125,316.3900146484375,13.989999771118164,110.30999755859375,213.8800048828125,65.37000274658203,170.67999267578125,153.67533647443682,227.65832393700617,129.19556030081893,258.8999938964844,326.1400146484375,14.0600004196167,110.9800033569336,220.97999572753906,66.4800033569336,171.97999572753906,148.92383422075108,222.19229248425043,127.31507894294299,251.02000427246094,316.1099853515625,13.850000381469727,109.33999633789062,213.5,65.05000305175781,169.61000061035156,149.83221435546875,223.3132781982422,127.36482238769531,257.42999267578125,322.8500061035156,13.989999771118164,109.55000305175781,219.75999450683594,66.0199966430664,170.47999572753906,2043900.0,5208300.0,5766900.0,5025100.0,3651300.0,7534600.0,2485600.0,30768700.0,1559400.0,2244600.0,-0.0223987413435339,-0.01143976973076963,-0.006928515935298402,0.02928689217359017,0.008460659428412606,-0.004991143910232762,-0.006913467950371181,0.010199250350865078,0.0006059588993417577,-0.009167187252111233,-0.00627370792366729,-0.0022422615282497367,-0.0019413676063673223,0.01244229217962954,-0.011751502419049317,-0.004991143910232762,0.0,-0.016921633529743765,-0.009288237037904042,-0.007994734573304315,-0.010239778004194467,0.0014976651234209408,0.003815983093432597,0.022533010694301372,-0.004446539561439771,0.0014305799336851014,-0.0014494400852103875,-0.01051121014093503,-0.01819054138775049,0.00011712084085767169,-0.01612503341986664,-0.009197508202519944,-0.004987148328931075,0.016844599993960555,0.020212161847461906,0.0,-0.006913467950371181,0.02712088388060883,0.00989419593724584,-0.001172452678806871,0.00920104182518651,0.010072796962978362,0.009284493828155717,0.022538653140816153,0.03035110581757261,0.004991143910232645,0.006055473296789466,0.03265704744066363,0.01683772140200467,0.007587750732165759,0.02532607524505308,0.019270305165498217,0.014271642157086775,0.005694053146855439,0.010138943970110607,0.004991143910232645,0.012968941247160436,0.005536163560054705,0.0069435254647587505,0.008760203410972656,-0.022206134963111485,-0.014229939460582226,-0.005377783358432708,-0.008370575789175404,-0.0008854681902656103,-0.01005751214071345,-0.008832301875068426,-0.0017783002415338563,-0.004907227768032206,-0.006288727925500054,-0.006081101543244861,-0.005032431258062247,-0.0003906350295015787,-0.02521517578313612,-0.021097630037727636,-0.01005751214071345,-0.0019188339246972034,-0.028899184122142704,-0.01480142370527804,-0.005116275246693188,0.03140717678829788,0.024302736423560577,0.01466227718658833,0.030909228929991598,0.031236574007838174,0.015048656050946073,0.014887775171857635,0.03443534768219729,0.021744949170036915,0.013876478657665734,0.09537703044089696,-0.13649578074023694,-0.06767551816783346,0.3821323240134049,0.07205346526765233,-0.035731684392343865,0.07184490306946856,-0.5032282896444009,0.18476278700680382,-0.24890584986556874
2025-12-02,150.69068327297742,223.02559827471052,127.80261172238234,257.79998779296875,321.6199951171875,14.0600004196167,109.58999633789062,221.7899932861328,66.01000213623047,170.8800048828125,151.18979123724307,224.82114927208676,128.33989863583574,262.9599914550781,325.9599914550781,14.140000343322754,109.79000091552734,225.97999572753906,66.37000274658203,171.92999267578125,148.48461936903402,221.32924004150394,125.00677649113274,257.0,318.0799865722656,13.9399995803833,108.55000305175781,214.38999938964844,65.2300033569336,169.64999389648438,148.5445098876953,222.5791778564453,125.683349609375,261.0199890136719,322.80999755859375,13.960000038146973,108.83000183105469,215.24000549316406,65.95999908447266,171.55999755859375,1653000.0,5096700.0,5479700.0,4966400.0,3959500.0,4755400.0,1623800.0,42002500.0,1164000.0,1928500.0,-0.008631453849106484,-0.003292726733055099,-0.013289940123299999,0.013849180613558158,-0.0001239306902894484,-0.0021466722501835393,-0.006594045365811676,-0.020782306648491802,-0.0009091917664642004,0.006315082689053568,0.00571318364990404,-0.0012890652306210724,0.0034313921427675084,0.0014362331184687976,-0.00381712873364055,0.004991143910232645,0.00036500216015520834,0.00919494117501604,-0.0001513975149198128,0.0023436216173411805,-0.010411849769962648,-0.01048657343314107,-0.0015557561861635758,0.01828083311242937,0.016395033113821313,0.004991143910232645,-0.006548465790215883,0.03631582505562491,0.009742798422326093,0.001171168938534333,-0.014344637499010413,-0.002003661502433951,-0.016721332266067545,0.012412947495089612,0.0036931980433509595,-0.0071378161604162835,-0.006959047525966933,-0.029977247823507715,-0.0007577942515443597,0.003971461071712384,0.003306662478562496,0.008018638644347684,0.0041952247654524965,0.01981785370651877,0.01340393899343754,0.005673768521443986,0.0018233625266918447,0.01871552290889464,0.005438910477813155,0.006125790285409613,0.017651299977572928,0.010022300146781644,0.02091655703151995,0.007404906211429087,0.009710740950086342,0.012811584681860166,0.008782410052658902,0.048692770732402385,0.006196704729357632,0.0021543292136971567,-0.014747901109032641,-0.0076351884928247855,-0.022119029985053808,-0.003107958259085445,-0.01106782799069927,-0.00857154099648486,-0.009535171620699773,-0.033934174494919755,-0.011886740791868331,-0.00722412909320607,-0.00040326361002223244,-0.0056315269903907915,-0.005397697718986214,-0.015520905754175003,-0.014761026034050372,-0.0014337248360685253,-0.0025761240947328222,-0.003956926671412026,-0.011128946540323927,-0.011195590164918418,0.018054563587595183,0.015653827137172352,0.02631425475050619,0.022925811965604143,0.024471766984136653,0.014245309517928696,0.011358534147391679,0.05264969740381422,0.01732565126968145,0.013349919378615644,-0.11302716442270722,-0.1304277068233919,-0.11563578303499789,0.3619575989892265,0.1525432601611083,-0.46104440756744935,-0.34730634692464335,-0.1992219099526764,-0.10096507348853301,-0.37629756310681906
2025-12-03,149.50279797174798,223.04541989360874,125.64354708900352,261.9800109863281,321.9800109863281,14.020000457763672,108.83000183105469,216.25999450683594,65.83999633789062,172.0500030517578,151.1598247716242,228.947926517439,126.92704639484522,274.05999755859375,326.989990234375,14.109999656677246,109.51000213623047,218.1999969482422,67.44999694824219,174.69000244140625,148.83399515385494,222.72798186763967,124.57894019684773,261.75,320.6300048828125,13.699999809265137,108.29000091552734,211.77000427246094,65.7699966430664,171.16000366210938,148.9936981201172,228.40232849121094,124.65853881835938,272.8500061035156,326.7799987792969,13.710000038146973,109.04000091552734,217.60000610351562,67.31999969482422,173.08999633789062,2163100.0,4872900.0,4918800.0,6961900.0,3082200.0,8534500.0,1721200.0,28545200.0,1187900.0,2883300.0,0.003019367338967253,0.02582577868571588,-0.008187335504083284,0.04432522535233696,0.0122232505798281,-0.018070603710174993,0.0019277472516517798,0.01090483288870167,0.020408880978034494,0.008878623862998248,0.006430464969498091,0.002092533534482458,-0.0003167390456582537,0.003671216255858383,-0.0025744413520005127,0.00428881419038712,0.0,0.004727651974320487,-0.0018209830638920002,0.002852104563057581,-0.007914172529512462,8.887203204845482e-05,-0.017038071311725765,0.016084163750948014,0.0011187566913504346,-0.00284900197002921,-0.006959047525966933,-0.0252495958491874,-0.002578777315436322,0.006823565634769875,-0.0034110976305307002,0.023733245151233505,-0.007870596458425092,0.040654009096478524,0.014797691931828772,-0.022359417900562086,0.0019277472516517798,0.00617718091438118,0.022229864041926537,0.006026519299940607,0.011022611070419196,0.026119155201896057,0.0101635771348243,0.04507884470451044,0.015440093589379646,0.006398827275642752,0.006228840261962387,0.008930697296262047,0.024159036661554945,0.015227838511677002,0.01443370870094987,0.002385910050662679,0.018034173593249263,0.004424835608032156,0.0006424016575509705,0.028758245176204997,0.004301093010310839,0.0027535163818806813,0.0019291726196284506,0.009201319211736265,-0.004483549824707593,-0.0014242127429406495,-0.008509333654230565,-0.0008783571546069821,-0.00420164036114051,-0.023089095345378303,-0.004974226438186223,-0.020980561866154684,-0.0010637444747077698,-0.005186337036670205,-0.0010724521941768844,-0.025157457894174146,-0.0006387371958054696,-0.04153236625108554,-0.018999332292969233,-0.000729677444816239,-0.006901973689837951,-0.027157742780535867,-0.023293608516634267,-0.011212856336610877,0.01550616089512661,0.027543367944836795,0.01867291078905484,0.04595720185911759,0.019641733950520168,0.029487922621021154,0.011203066700148742,0.02991125916241662,0.025222781136262633,0.02041417554834714,0.15623447714035166,-0.16341793244222202,-0.2170677369057774,0.6679504541045596,-0.08887349361118702,0.13583726482556102,-0.2731574354459152,-0.5513319194512398,-0.07600092085428045,0.035884468103844824
2025-12-04,148.99369955454665,228.27337181169025,124.55904941552431,276.29998779296875,328.57000732421875,13.699999809265137,109.04000091552734,216.8800048828125,67.69000244140625,171.89999389648438,149.5327446695141,229.09674896210603,124.93713149670651,280.7099914550781,330.8900146484375,14.039999961853027,110.13999938964844,219.1199951171875,68.91000366210938,172.00999450683594,143.96269812705688,225.7734810171628,123.43473971592267,269.1700134277344,324.1199951171875,13.699999809265137,109.01000213623047,214.13999938964844,66.80999755859375,168.74000549316406,148.05538940429688,226.88455200195312,124.76799011230469,269.3399963378906,328.7300109863281,13.930000305175781,109.23999786376953,215.97999572753906,67.19999694824219,169.27000427246094,2865100.0,3732900.0,5226900.0,4119400.0,3592300.0,10009200.0,2192500.0,24478200.0,1728700.0,2860400.0,-0.006317554074398527,-0.0066673659042547715,0.000877623574683261,-0.01294770757644031,0.005949620692852244,0.015919313342880596,0.001832481265587862,-0.0074727520081617075,-0.0017841626733539045,-0.022316570839537118,9.627450568158306e-09,-0.0005647626219778794,-0.0007984140190520984,0.012564971747286156,0.005462769450459103,-0.000729677444816239,0.0,-0.003314315326731816,0.005481129798579814,-0.006898792398447721,-0.0034110880030801248,0.023168482529255737,-0.008669010477477129,0.0532189808437647,0.020260461382287678,-0.023089095345378303,0.0019277472516517798,0.002862865587649509,0.027710993840506258,-0.0008722730985070525,-0.006317563701849018,-0.006102603282276948,0.0016760375937353185,-0.02551267932372646,0.0004868512423931904,0.01664899078769693,0.001832481265587862,-0.004158436681429899,-0.007265292471933716,-0.015417778441089481,0.0036113765547468274,0.0036004889803972666,0.0030307667973703003,0.015834889766522944,0.0070361108126814455,0.024514576968817956,0.010037482508208354,0.010275274966785182,0.01786286392450768,0.0006397058405515837,0.009928940256595733,0.00970309226267403,0.001354729203634835,0.0413475690902493,0.006549259570288075,0.007865586181120914,0.008205001242620762,0.014433711648215122,0.02512815639644136,0.01605748428164101,-0.034349794947800154,-0.011011709649912918,-0.009067302907444905,-0.02614398761036648,-0.013636124789891204,0.0,-0.0002751550476155434,-0.012714223824421448,-0.013085761193115919,-0.018553775591111297,-0.028032231245951143,-0.004909106367636042,-0.010743340501180169,-0.0006313082866399573,-0.014122976032284332,-0.016648990787696938,-0.0021076363132033686,-0.008555787142991534,-0.005820468721182156,-0.0031359971500218523,0.037961171502547034,0.014612198630310215,0.012098069704814961,0.04197887737688938,0.020672235602572586,0.024514576968817956,0.010312637555823958,0.02298949879120674,0.030948625117623633,0.01919348143166263,0.4101474363968798,-0.41603234346820095,-0.16273360201760134,0.1369065937680709,0.0490015903074017,0.31708483307244606,-0.016029808041947646,-0.654419468764825,0.2892861822975572,0.024207224520335302
2025-12-05,148.5245385502407,227.1027713908875,125.02667884896226,268.1000061035156,330.6000061035156,14.09000015258789,108.94000244140625,217.1699981689453,67.51000213623047,169.1999969482422,148.7341705932343,227.42022455351608,125.41471264666913,271.0,348.5899963378906,14.170000076293945,109.45999908447266,223.63999938964844,68.4000015258789,169.33999633789062,144.5017296513785,223.25375018451578,124.01181538500396,266.07000732421875,329.7099914550781,13.899999618530273,108.5,216.24000549316406,67.26000213623047,165.66000366210938,145.23043823242188,224.27552795410156,124.44960021972656,266.5899963378906,346.260009765625,13.920000076293945,109.27999877929688,217.97000122070312,68.02999877929688,167.47999572753906,2142100.0,3985200.0,4361100.0,3785400.0,7650400.0,5815800.0,2061500.0,33292400.0,1931200.0,3021400.0,-0.019264746359429884,-0.011565975130262378,-0.0025551171197391105,-0.01026262449838136,0.051953187594106824,-0.000718149312362759,0.000366107601946052,0.009171653217877404,0.01227556429732891,-0.010631182800847612,0.003163730873470856,0.000961345810758729,0.002071211769352406,-0.0046144404175608,0.0056724252888789356,0.01142052704058224,-0.002749982684030422,0.005494657518854913,0.0046025645809094975,-0.000413669305785342,-0.0031538328283780867,-0.005141257471518095,0.0037472493630876977,-0.03012711974128726,0.006159276531272275,0.02806951782827911,-0.0009175014184427044,0.0013362208374249653,-0.002662727891024367,-0.015831447746874828,-0.022428477232900836,-0.012527320941021188,-0.004626328889091516,-0.005648184080820576,0.0462807623052279,-0.012138676352945096,0.0031160902859766046,0.0036769956990225033,0.007672999716419466,-0.010217513495062232,0.0014104352289618363,0.0013968631601909414,0.003098801726820801,0.010758752871970253,0.05298723214684977,0.00566172234667174,0.0047618829856496,0.029357164887549747,0.013097080239726208,0.0008270774526230716,0.023838912461862732,0.01392418410121194,0.007725130615912172,0.0164069369527908,0.006706469841621856,0.0178003986996167,0.0016457926996732,0.0256801691885271,0.005424080523306642,0.011044590947685458,-0.027458709967654815,-0.017093634677087143,-0.008150298892277924,-0.007600608423847488,-0.002695749544035512,-0.013576524047325046,-0.004047121385572496,-0.004291521170443629,-0.003710028624040456,-0.02114391185943363,-0.0050302327347538775,-0.00456631373606591,-0.0035239700031864107,-0.0019524243430268557,-0.048976511849263424,-0.0014378476943800128,-0.007163211671549032,-0.007968516869466254,-0.011383028340459978,-0.010926398364371344,0.02886914519661664,0.018490497837277978,0.011249100619098758,0.018359361295817805,0.05568298169088528,0.019238246393996756,0.008809004371222185,0.033648686057993364,0.01680710886376664,0.02197098931205684,0.09381833757892011,-0.32529037330599486,-0.3399296026031955,0.048608033846564425,0.7711327073517893,-0.19148507480046106,-0.06288576159013104,-0.3126193342719077,0.3715835790237545,0.10604657551776242
2025-12-08,144.56164140702484,224.2755384482032,123.99191795765924,265.7300109863281,347.45001220703125,13.970000267028809,108.5199966430664,219.08999633789062,67.87000274658203,165.77000427246094,144.56164140702484,224.3152125268882,123.99191795765924,268.6300048828125,348.4800109863281,14.109999656677246,108.91999816894531,223.7100067138672,67.87000274658203,165.82000732421875,141.92633667276738,220.614987856736,121.096580713425,265.010009765625,338.05999755859375,13.819999694824219,107.8499984741211,218.36000061035156,66.5999984741211,162.2899932861328,142.18588256835938,221.3391571044922,121.47466278076172,266.5,339.1199951171875,13.859999656677246,108.05999755859375,221.11000061035156,67.1500015258789,163.9600067138672,2195300.0,4006100.0,6391900.0,3218800.0,4293600.0,4816400.0,2170600.0,30943200.0,1934500.0,3254000.0,-0.02118647638417229,-0.013179158809260629,-0.02419511218186606,-0.00033764032101085077,-0.02083595350818459,-0.004319691396165047,-0.01122677882920559,0.014302873763714837,-0.013019820720684,-0.021241379056328856,-0.004615709398332151,4.679111233360866e-08,-0.0036844307117348193,-0.003231086894768057,0.003430838739452138,0.0035855319961556518,-0.00697892779511081,0.005125143344289063,-0.0023546152294248246,-0.01026260443046581,-0.027044186631232998,-0.01252727414990898,-0.008310759600826324,-0.008879270975588735,0.04971160104467997,-0.008553144356789439,-0.0038628375091342396,0.008802139043311681,0.005318384486994728,-0.020480117925528056,-0.01657076698584018,-0.0131792056003729,-0.020510681470131232,0.0028934465737571686,-0.024266792247636605,-0.007905223392320691,-0.004247851034094748,0.009177730419425927,-0.010665205491259277,-0.010978774625863117,0.0,0.00017688317782837916,0.0,0.01085418924254324,0.00296006637748041,0.009971549149531416,0.0036791941376009213,0.020868012650251656,0.0,0.00030159564756522165,0.016570766985840084,0.013356088778201236,0.020510681470131256,0.007960742668786021,0.027226858625117138,0.01787677254185211,0.007927045171695733,0.011690282230825884,0.010665205491259235,0.01128037027342838,-0.018397833547679675,-0.01645633244313408,-0.023627970791470082,-0.002713199058818571,-0.02739741759332016,-0.010795396125976355,-0.0061930981699458345,-0.003337507876317792,-0.01888959654869576,-0.021216494251979225,-0.0018270665618394593,-0.0032771268427612284,-0.0031172893213388107,-0.00560664563257585,-0.0031306253456834907,-0.0028901727336556903,-0.0019452471358510374,-0.012515238295743641,-0.008224391057436522,-0.010237719626116148,0.01839783354767953,0.016633215620962327,0.02362797079146996,0.013567388301361883,0.03035748397080061,0.0207669452755078,0.009872292307546798,0.024205520526569494,0.0188895965486958,0.02151808989954458,0.08037628987531953,-0.3126298077463314,0.03448476521206878,-0.10208160446799752,0.1913468096803168,-0.33247612635616264,-0.00760781207576855,-0.35968458633848854,0.3482681606706457,0.16715940678007435
2025-12-09,142.04612591536915,222.10301565037494,122.2109393885244,267.92999267578125,341.3999938964844,13.920000076293945,108.61000061035156,221.0399932861328,66.91000366210938,163.39999389648438,142.51528860788216,223.02560070290048,122.60892490920966,272.3999938964844,347.7799987792969,14.199999809265137,109.43000030517578,224.83999633789062,67.23999786376953,165.74000549316406,139.96983501120994,218.47222440082396,120.4498559265484,267.25,338.4800109863281,13.890000343322754,107.58999633789062,217.91000366210938,66.18000030517578,163.39999389648438,140.3890838623047,221.210205078125,120.63890075683594,269.5299987792969,344.32000732421875,13.960000038146973,108.0199966430664,221.6199951171875,66.43000030517578,165.08999633789062,2324500.0,4267900.0,5229100.0,3515000.0,4267700.0,7054000.0,2219600.0,25166100.0,1142600.0,2335000.0,-0.012717495436646485,-0.0005827690243672063,-0.006903911795424688,0.011305453273014614,0.015217466159009168,0.00718913107582218,-0.0003702417350766614,0.00230386347135281,-0.010780179421589972,0.006868220972936205,-0.0009833984919480675,0.003445136021477204,0.006042858845212501,0.005351481421690252,0.006700779836536788,0.004319691396165053,0.005076884088749499,-0.0003166677632937274,-0.0035804581660915965,-0.003421391511652911,-0.01755416547778823,-0.009734069578895646,-0.014467822624918749,0.008244927995447451,-0.017566012411099934,-0.0035855319961556917,0.0008290330546547718,0.008861062656132146,-0.014245663657350825,-0.014400166137515963,-0.011734096944698399,-0.004027905045844412,-0.012946770640637274,0.005953971851324355,0.008516686322472374,0.002869439679657085,-0.005447125823826199,0.002620531234646605,-0.007199721255498335,0.010289612484589072,0.0032974471848589777,0.0041452575265129,0.0032512547330056803,0.01654582684132246,0.018515299961497877,0.01991529078802182,0.007521588307520611,0.017045371605081513,0.004919789243587959,0.014219183491471775,0.01503154412955736,0.008173162572357312,0.016198025373643142,0.010591854989998028,0.009998613639025468,0.017045851108364745,0.012968714131346658,0.014424840370434993,0.012119510499086217,0.003929571006882702,-0.01472490005730103,-0.016482421694479027,-0.014515030161599897,-0.002541175122434849,-0.008589753612791514,-0.0021574789036475075,-0.009435817343427237,-0.014261499926733708,-0.010970180421828084,0.0,-0.002990803112602591,-0.012454516648634645,-0.0015682595209626242,-0.008495146973759384,-0.017106439935263874,-0.005026918583304611,-0.003988691519600975,-0.016882031161380325,-0.0037704591663297446,-0.010289612484589164,0.01802234724216003,0.02062767922099208,0.01776628489460556,0.019087001963757514,0.027105053574289335,0.022072769691669235,0.016957405650947645,0.03130687153181522,0.015889969665416125,0.014219183491471775,0.10890772965772122,-0.24633727317974063,-0.1766548092582596,-0.02509065936957633,0.16910254348890064,0.04601355472207125,0.003806123587988708,-0.5391361810418864,-0.18188963446710282,-0.15644524823668426
2025-12-10,141.25752518683402,223.20414963452902,120.64885085701712,268.3800048828125,342.1300048828125,13.989999771118164,108.04000091552734,222.0,66.66000366210938,164.5800018310547,143.67320581415092,224.1763234701327,122.46962187479475,273.6400146484375,347.9200134277344,14.100000381469727,108.30999755859375,222.61000061035156,68.22000122070312,166.72999572753906,140.80833108240452,219.2360758632485,120.09166809918698,268.04998779296875,340.57000732421875,13.75,107.01000213623047,218.6699981689453,66.5999984741211,163.41000366210938,143.2140350341797,223.38270568847656,121.9323501586914,272.2200012207031,343.1300048828125,13.800000190734863,107.19000244140625,221.4199981689453,67.91999816894531,165.66000366210938,1864000.0,8735200.0,6716200.0,3580500.0,6789900.0,11788000.0,2751900.0,23279400.0,1146000.0,3382000.0,0.019922521438581867,0.00977306587449798,0.01066459158697344,0.009930870509265674,-0.0034620804680758044,-0.011527494082291789,-0.0077133806079166,-0.000902839314093871,0.02218174877300531,0.0034467597190212572,0.006166905965937892,0.008973418229996592,8.24749712347851e-05,-0.004275792012449748,-0.006380682737585748,0.0021466722501835337,0.00018517331060022746,0.001713200396464318,0.003456361545631548,-0.0030939722540864576,-0.005567190978760515,0.0049455131841522814,-0.01286429566940249,0.0016781798388747309,0.0021360035848866895,0.005016111929840565,-0.0052619525132259915,0.0043337316311106815,-0.0037433597098669516,0.007195640230502606,0.01375561547264415,0.0007996476445013139,0.010582116615738617,0.014206662521715532,0.002918602269509804,-0.013674166332475318,-0.007898553918516727,-0.0026160397105580314,0.01872538722737375,0.0065407319731076935,0.01695667224113576,0.004346078670312459,0.014978747110199142,0.019409522558116107,0.016781810816373123,0.007832052121711565,0.002495925908351447,0.0027439823317559468,0.02313266706739855,0.012978926644151465,0.003201056768491642,0.0035464310258109424,0.004396630494460528,0.005202860036400494,0.013863208546863109,0.021506218454187,0.010394479826868343,0.005360022042313959,0.004407279840024587,0.006438194671043699,-0.0031850326736152087,-0.017937700686667432,-0.0046289154408678135,-0.0012304201330463544,-0.0045700900713020656,-0.017303948204420844,-0.009579229396566588,-0.015113646183646256,-0.0009005731814780073,-0.007134382828936546,-0.01694064814625932,-0.018737348331168725,-0.015211032056606467,-0.01543708265476181,-0.007488692340811927,-0.0036297818719455664,-0.0016806754780499121,-0.012497606473088162,-0.019625960408851697,-0.01367511480204432,0.020141704914751014,0.02228377935697979,0.01960766255106701,0.020639942691162427,0.021351900887675034,0.025136000326132373,0.012075155304918093,0.017857628515402076,0.024033240248876406,0.02011330947308799,-0.13312361909893866,0.43998941121291857,0.061730164801481635,-0.004092887612165086,0.5896562474088309,0.538884912238256,0.2024395917450832,-0.5686246254963656,-0.1829889193253642,0.19614256015150033
2025-12-11,143.31386034295875,223.7398376412078,122.40992851617516,273.1700134277344,341.6499938964844,13.800000190734863,107.69999694824219,217.80999755859375,68.70999908447266,166.55999755859375,143.62330482685178,224.1564987165196,123.61382921441574,277.6499938964844,357.0,14.119999885559082,109.91999816894531,221.5,69.12999725341797,170.0,141.8864037227085,220.4661888206188,122.01194299496065,269.7099914550781,333.7900085449219,13.65999984741211,107.66000366210938,210.19000244140625,68.01000213623047,166.22000122070312,142.61509704589844,222.19229125976562,122.6586685180664,270.3699951171875,350.42999267578125,14.0,108.8499984741211,221.42999267578125,68.58000183105469,168.60000610351562,1226100.0,4170600.0,5390000.0,4063100.0,10158700.0,7595500.0,2293900.0,30694600.0,1095400.0,2525200.0,-0.004190887475638418,-0.005343285727999969,0.005939061035208236,-0.0068191941797206106,0.02105155259821809,0.014388723630732752,0.015367790182511727,4.513721144525913e-05,0.00967045869021714,0.01759156449261939,0.000696792978475044,0.0015974682288166955,0.003909098075304742,0.0034837937709119664,-0.004322594974867363,0.0,0.004746572346750844,-0.01643823024346526,0.011564220674370497,0.005418072932544774,0.014452408451119135,0.002397115873318156,0.014491214691043294,0.017690456292627457,-0.0014039927053574523,-0.013674166332475318,-0.0031519815717659877,-0.019054269954023408,0.030289607901744287,0.011958804905652407,-0.0048876804541132905,-0.006940753956816764,0.0020299629599035765,-0.010302987950632607,0.025374147573085346,0.014388723630732752,0.010621217835760938,0.016483367454910434,-0.001893761984153335,0.012173491560074483,0.002156880609555539,0.0018605251335220042,0.009786943495963908,0.01626694454575596,0.04394897841767163,0.022923617975689394,0.020403255989357064,0.01679947756693433,0.006094014508020442,0.02044284684142157,0.007044561063668832,0.008801279090338994,0.007756980536060512,0.026569932496388646,0.018574830844586217,0.008534894344956464,0.009782038153596212,0.00031611011202381734,0.00798777649217383,0.00826935528134702,-0.010010289049835563,-0.014739593312880321,-0.003256548773456698,-0.01274708514760016,-0.02327472504200852,-0.010196763012298465,-0.0003714086782987595,-0.03561121673113248,-0.010239951120389088,-0.0020433707400595177,-0.005122608595722265,-0.007798839356063596,-0.0052865117333603055,-0.0024440971969676086,-0.04864887261509394,-0.024585486643031215,-0.010992626514059639,-0.05209458418604297,-0.00834618913623573,-0.014216862300134043,0.012167169659391092,0.016600118446402565,0.013043492269420757,0.029014029693356105,0.06722370345968,0.03312038098798776,0.020774664667655752,0.0524106942980667,0.01633396562840956,0.022486217581481012,-0.5259574518017462,-0.2632241734530414,-0.1622057555133729,0.11088851612922745,0.9314010043744503,0.1010652566996395,0.008970503035238053,-0.22877028711736713,-0.225719174815179,-0.09276351467097577
2025-12-12,142.33559798513747,221.9046091207004,122.8477141919345,271.9599914550781,351.5400085449219,14.079999923706055,109.37999725341797,218.3699951171875,68.88999938964844,168.47000122070312,142.59514386088398,222.03357636281862,124.94708042958392,273.44000244140625,362.7099914550781,14.119999885559082,110.19000244140625,222.49000549316406,69.5,169.83999633789062,138.9017329374968,219.3352849725002,122.29053901297475,270.29998779296875,349.0899963378906,13.760000228881836,109.19000244140625,209.05999755859375,68.19000244140625,167.8000030517578,139.4307861328125,221.53756713867188,124.82768249511719,271.55999755859375,356.42999267578125,13.829999923706055,110.05000305175781,210.77999877929688,68.72000122070312,168.89999389648438,1961800.0,5467600.0,4765300.0,2983800.0,5483900.0,7114500.0,2185600.0,37073900.0,1289700.0,2423500.0,-0.022581050882563,-0.0029510053643533206,0.01752880112608129,0.00439172723468571,0.016976895654424704,-0.012217189455146073,0.010964062040741998,-0.049291549658737166,0.002039321705115638,0.0017777059079792377,-0.0019617369269174377,-0.0012955829192194,0.0015400472211380704,0.005863592030024892,0.0031625761568103124,0.0056980156960335475,0.004857259145790987,-0.01391562993516219,0.004510047010987919,-0.0007713821249830017,-0.006849417381030773,-0.008236336876036143,0.0035700101810415942,-0.004439395920607764,0.02853672372989561,0.02008673932676642,0.015478476981551836,0.0025677375197484757,0.002616285026834524,0.011402109435091512,-0.020619313955645542,-0.0016554224451338496,0.015988753904943115,-0.0014718647953390267,0.013814319497614285,-0.01791520515117966,0.0061068028949510765,-0.035375919723575,-0.002470725305872374,0.0025490880329621587,0.0018218177922918908,0.0005810144293209616,0.0169447988004564,0.005427263057286611,0.03128006625368264,0.002836878648922792,0.007378137847850557,0.01869133202754915,0.008815731825441217,0.008099096188955086,0.02244113174793751,0.0022364368744549404,0.0009560448955131432,0.006899127852625645,0.017465746756068237,0.020752083800102454,0.001271334952899425,0.05406725175112412,0.011286457131313432,0.00555000815599299,-0.024420909502186634,-0.011646060215633483,-0.004545811444352574,-0.006122557117130858,-0.006993768968963531,-0.022989496172240394,-0.00173852642294481,-0.04356956901146047,-0.010213058409749114,-0.003984887423949896,-0.003801595546541035,-0.009990637770499628,-0.020534565349295625,-0.004650692321791825,-0.020808088466577897,-0.00507429102106071,-0.007845329317895977,-0.00819364928788544,-0.007742333103876761,-0.006533975456912203,0.026242727294478567,0.012227074644954568,0.021490610244808785,0.011549820174417523,0.03827383522264621,0.02582637482116339,0.00911666427079531,0.0622609010390096,0.019028790235190295,0.012083983612905089,-0.056474117230475684,0.02638850479202226,-0.2811952574716514,-0.187056023837048,0.2861173229673515,0.05131257851670057,-0.025048479535232815,-0.013291191567290639,-0.06114318581402145,-0.11035406427991035
2025-12-15,141.5669915320887,222.45022696910368,125.08637728840874,276.0,352.6000061035156,13.819999694824219,110.97000122070312,212.27999877929688,68.87999725341797,169.55999755859375,143.11421404957463,226.4778195318889,128.98661881855134,276.3999938964844,355.0,13.899999618530273,111.94999694824219,215.36000061035156,69.3499984741211,170.36000061035156,139.47073197123504,221.7756465388487,124.56899381732171,271.0199890136719,343.8800048828125,13.649999618530273,110.05000305175781,206.5800018310547,68.0999984741211,165.19000244140625,140.3491668701172,225.6345977783203,127.82251739501953,274.6600036621094,351.1499938964844,13.859999656677246,111.5,207.5800018310547,68.81999969482422,165.6999969482422,2712100.0,5971900.0,7716000.0,4041700.0,5480100.0,7835200.0,4213700.0,27222200.0,1195300.0,2576400.0,0.006565045321859894,0.018324688373045434,0.023708472669891376,0.01135088199223693,-0.014924381365953653,0.0021668288308827983,0.013089755197055157,-0.015298113356327449,0.0014541004954960034,-0.01912788166174444,0.015204722055120284,0.004111199127641419,0.002070270763583567,0.01621776527400509,-0.01080355931568054,-0.0007233439027728771,0.008325069809652511,0.007091222494826151,0.0023255248051574228,0.0039000444090625756,-0.0054145919005251265,0.0024557766825074492,0.018059024668526557,0.014745900478666118,0.0030107601819338962,-0.01863854905395253,0.014431872704603574,-0.028284697228748865,-0.00014520050071503774,0.006449132442024768,-0.008639676733260482,0.014213489245404134,0.021638201906307896,-0.004866883281768135,-0.0041208220502730805,0.002890172733655763,0.004764685387402592,-0.022389335851153477,-0.0008714243096614148,-0.02302792607080695,0.010869967680435254,0.017943635549724172,0.030704151926232857,0.001448204094180743,0.006783502201618812,0.00577201643544069,0.008792410271985348,0.014404897081206403,0.006800304513670319,0.004707016551772753,0.0195096444136957,0.003730146304319836,0.009065950019925198,0.006315087375948892,0.010904324251891898,0.0028818437017850756,0.0040277248845827,0.03679423293236006,0.007671728823331617,0.027734942622579625,-0.014918270844906621,-0.0030371078724287246,-0.004144787348128512,-0.01820828735954755,-0.025041513768378227,-0.012377302572871484,-0.008325069809652485,-0.027218396767109087,-0.011388629495568852,-0.026110490739524334,-0.006278594111646113,-0.01725059711783297,-0.025782989254436305,-0.01334140407777938,-0.020920691718105094,-0.015267475306527174,-0.013089755197055129,-0.0048290609159555315,-0.010517205185907496,-0.003082564668717455,0.02578823852534182,0.02098074342215271,0.03484893927436134,0.019656491453728168,0.031825015969996893,0.018149319008312292,0.01711748008163787,0.041623293848315535,0.018188934009239197,0.030817507291297175,0.2307186574049105,0.11014679335199062,0.19586318831122718,0.09885659934215951,0.2511548676937796,0.14636294384265014,0.5922548651193793,-0.29417322618467523,-0.1382766000228024,-0.04593519603674601
2025-12-16,140.22937278543432,224.60290163626203,127.76281787505312,281.1300048828125,350.0,13.850000381469727,111.0,206.9199981689453,68.91999816894531,166.0,140.2593180454932,225.02946230540516,127.95186270508893,281.1300048828125,355.8599853515625,13.850000381469727,112.0,210.22000122070312,68.98999786376953,167.0,137.79372342353554,220.1388185965764,125.6634516574027,270.8299865722656,345.42999267578125,13.520000457763672,109.16000366210938,205.11000061035156,67.61000061035156,162.83999633789062,138.94168090820312,221.884765625,126.22062683105469,272.0400085449219,347.8900146484375,13.619999885559082,109.48999786376953,209.1699981689453,67.94000244140625,163.1999969482422,1798800.0,6405900.0,5764200.0,5503300.0,4118200.0,5183500.0,3608900.0,23467600.0,1146700.0,2786500.0,-0.010079083424237183,-0.016758693466482146,-0.012611336550362935,-0.009584836717409645,-0.009327085264144228,-0.01746767667204602,-0.01819138952557592,0.0076304933538198,-0.012869397267751423,-0.015202482184639375,-0.0008539077301421752,-0.00458290546268234,-0.0004671592052733159,0.023283230736981738,-0.003280310740064495,-0.0007217088147077227,-0.004494389587839326,-0.003184580071882405,0.001451989156971957,0.0018088823413937134,-0.009493584463402685,0.009630583782721849,0.021171042701034478,0.01841634745521356,-0.007401132790337609,0.0021684639189479787,0.0002702957995634865,-0.025573915923035942,0.0005805648473104623,-0.021219043729413155,-0.009225175694095072,-0.01217578800379981,-0.012144177345089546,-0.03286806745439124,-0.006046774524079688,-0.016745967857338315,-0.013696999937736643,0.01081507342570224,-0.01432138642472338,-0.017011364526033187,0.00021352205027541643,0.0018973758622406664,0.001478560902696966,0.0,0.016604199431745733,0.0,0.008968669982760316,0.01582237091577749,0.0010151505017665051,0.006006024060211949,0.0094386977443703,0.014073163866040588,0.013622738247786615,0.03286806745439133,0.022650973955825444,0.016745967857338267,0.022665669920497056,0.005007297490075246,0.015336536926490035,0.02301738858624515,-0.01752164988081434,-0.0200756203690027,-0.016568244842847357,-0.037325944984566914,-0.013143157926482095,-0.024115155703210447,-0.016715471924108192,-0.008785812716679355,-0.019190474961780443,-0.019219687210769224,-0.008296474186719246,-0.007899832365202872,-0.0044240674977577615,-0.00445787753017565,-0.007096383402402467,-0.007369187845872206,-0.0030184719863714593,-0.01960088614238148,-0.004869088537057059,-0.0022083226847360413,0.017735171931089685,0.021972996231243373,0.0180468057455443,0.03732594498456704,0.029747357358227956,0.02411515570321052,0.025684141906868508,0.02460818363245686,0.020205625463547074,0.025225711270980992,-0.1908145750162955,0.16814249093875056,-0.09531405492389666,0.38023827167806523,-0.04562699189389541,-0.24706419143639735,0.4215603988175527,-0.41856313649969223,-0.18845278731611792,0.03459889498842372
2025-12-17,138.4225918726303,222.09309265789653,126.11117992612415,272.6499938964844,347.8900146484375,13.670000076293945,108.9800033569336,210.0399932861328,67.48999786376953,162.19000244140625,139.06144941558713,224.60289809411165,127.02654130376176,279.3800048828125,357.79998779296875,13.760000228881836,110.80999755859375,211.5,68.79000091552734,164.22999572753906,136.0268798944336,221.08122961316553,125.30526475569782,272.0,347.79998779296875,13.359999656677246,108.88999938964844,197.52999877929688,67.18000030517578,161.00999450683594,136.4161834716797,222.5196533203125,126.07138061523438,273.739990234375,354.6600036621094,13.479999542236328,110.5,198.11000061035156,68.08000183105469,162.1699981689453,2242000.0,5243400.0,8048900.0,5586800.0,4371600.0,6537200.0,3867900.0,31595400.0,1185800.0,2638500.0,-0.018343897754098264,0.0028572538893702286,-0.001183122959306596,0.006229569390328282,0.019273214430643833,-0.010332220793518313,0.009182319583210004,-0.05432487464481438,0.0020585124935737983,-0.00633126739018528,-0.003743017342590713,0.0009384569266212808,-0.0008674840734553353,0.002239753268198113,0.0,0.0036643639980312765,-0.00466879141643785,0.004150647093028652,-0.006645591564410886,-0.006207921278157592,-0.012968193036685715,-0.011237331077178633,-0.013011661418544922,-0.030628314186193127,-0.006046774524079688,-0.013081603859306986,-0.018365791354174422,0.014965720518730977,-0.020966977989134238,-0.023219285804190762,-0.01460088041150758,0.0019187969627488637,-0.00031563888585127106,0.003989816122130028,0.019273214430643833,-0.01399658479154967,0.0138511109996479,-0.05847552173784311,0.008704104057984774,-0.00012334611202776338,0.0046046516317753096,0.01123731530645437,0.007232153018876413,0.024383980790550163,0.02808775699832625,0.0065621928220711495,0.01665259095771011,0.006927041681382274,0.019078991744173972,0.012499355782010174,0.019205532043282868,0.009318518343705461,0.007547791904727691,0.020394164668420103,0.008814542567682252,0.020558777613620887,0.0028014799580623985,0.06540256341922542,0.01037488768618933,0.012622701894037948,-0.017458753446730736,-0.004566441475482793,-0.0064110200252248725,-0.0023868326901730253,-0.00025881313704480713,-0.022938513906292327,-0.0008262172054023838,-0.061407491444877865,-0.004603818375961638,-0.0073020618124183334,-0.002857873035223161,-0.006485238438231708,-0.0060953811393734845,-0.006376648812303077,-0.019532027567688688,-0.00894192911474265,-0.014677328205050187,-0.002931969707034709,-0.013307922433946268,-0.007178715700390562,0.02206340507850602,0.015803756781937125,0.013643173044101281,0.026770813480723132,0.02834657013537104,0.029500706728363458,0.01747880816311249,0.06833453312626013,0.023682810120135726,0.01980141759442851,0.03137613530109995,-0.023465634965010196,0.22994020207707244,0.3701009086578271,-0.0001809084688364493,-0.005305464627829437,0.46385996682392516,-0.10280571833278884,-0.15198401256702354,-0.02628633441891992
2025-12-18,136.84540991224142,222.2121394818449,125.94204351653961,265.0,355.8699951171875,13.600000381469727,109.93000030517578,203.82000732421875,68.30999755859375,163.3699951171875,138.73203729658283,224.45409579693967,126.93700355520855,272.3699951171875,358.3399963378906,13.75,110.7699966430664,206.36000061035156,69.13999938964844,164.22999572753906,135.9869436550955,221.01179046097067,124.30035793454734,261.5,351.3599853515625,13.539999961853027,109.52999877929688,200.5,68.0199966430664,161.42999267578125,136.65574645996094,221.04156494140625,124.4894027709961,269.9599914550781,355.80999755859375,13.680000305175781,110.45999908447266,201.05999755859375,68.19000244140625,161.75999450683594,2693900.0,4760400.0,5891700.0,6923200.0,3352700.0,6758200.0,3268800.0,29720100.0,984700.0,2606000.0,0.001754578361825877,-0.006664666743463744,-0.012627665386248894,-0.013904946885643248,0.003237279262556219,0.014727862977144198,-0.00036206477308169116,0.01478092376749154,0.0016144511748050156,-0.0025314351268934036,0.0031415083858073348,-0.0013829183901563982,-0.0010264303220807417,-0.032448889122078224,0.0034058875116381765,0.00886274926581948,-0.0051717185909432315,0.028414852268179733,0.0033726218429057284,0.007372380710031048,-0.011459372025700217,0.0005358785725924963,-0.001342069207932035,-0.02845907299994821,0.022679101942282044,-0.005133835525730227,0.008679392408704523,-0.03006066946966334,0.012076725900890416,0.007249034598003306,-0.0013869300239815743,-0.005281748353307396,-0.011601235064168188,0.01854394223643501,-0.00016860824908203746,0.0058651137113246805,0.004809653817861591,-0.013633928500688201,-0.0017581706681008393,-0.009903815836924531,0.013692389409996671,0.010038704365175394,0.00786909935326544,0.027431592138422747,0.00691676425044022,0.010969003321329853,0.00761214685653678,0.01238493199886495,0.012077292662058061,0.0052503211840069335,0.015079319433978193,0.01532045271848279,0.019470334417433705,0.008887649901987904,0.007085372499522213,0.005103889610004901,0.0028024930386751096,0.026018860499553043,0.013835463330158889,0.015154137020931404,-0.006293015318778154,-0.005416458248014496,-0.013120950926239635,-0.013295542481244614,-0.012754184711231875,-0.0044215561244755576,-0.003645329176129522,-0.016423040588663243,-0.004254402776764007,-0.011945970351784109,-0.00490608529479662,-0.00013470989470717697,-0.0015197158620714416,-0.0318394847176796,-0.012585576462149937,-0.010286669835800314,-0.008454982993991042,-0.0027891120879749835,-0.002496232108663141,-0.0020421545148594346,0.01998540472877473,0.015455162613190007,0.020990050279505065,0.040727134619667295,0.019670948961672215,0.015390559445805254,0.011257476032666207,0.028807972587528107,0.01633169543882201,0.01719629153579097,0.19616158542209128,-0.09659234573970288,-0.05413962314914933,0.5347232049537372,-0.2600994058706476,0.04311990447674141,0.2840640364372309,-0.1359329402931273,-0.3250942230737106,-0.046716168100996214
2025-12-19,136.96521770378268,221.17050666605456,124.40980409624775,270.0,355.5299987792969,13.720000267028809,110.29000091552734,204.60000610351562,68.41999816894531,161.67999267578125,138.0233241776132,227.6384710892153,125.49430689431004,276.80999755859375,357.54998779296875,13.890000343322754,111.27999877929688,215.17999267578125,68.5,163.94000244140625,136.18659524688536,220.5753046883036,123.13625646181244,270.0,351.5899963378906,13.5,108.87999725341797,204.1999969482422,67.70999908447266,161.67999267578125,136.9951629638672,225.00962829589844,124.81773376464844,272.25,355.8599853515625,13.529999732971191,110.36000061035156,213.42999267578125,68.01000213623047,161.9600067138672,4959100.0,18968800.0,14795700.0,8375700.0,8706300.0,11204100.0,6832600.0,58445500.0,2287800.0,3715700.0,0.0024806544854900155,0.017792433223563338,0.0026339493368405823,0.008446993590412576,0.00014048026262543072,-0.011025512055932695,-0.0009057013050899193,0.05970551690415167,-0.002643177737474604,0.0012357113043883392,0.0022620443336806963,0.0005831669308975493,-0.0006396057140063021,0.00014819077571767413,-0.0007872432175870216,0.0029197072579049094,-0.0015401875655791156,0.017453524514381483,0.00336719045192194,-0.0004946935187765744,0.0008751143096992772,-0.004698581422409931,-0.012240840778174491,0.018692133012152546,-0.0009558514666690168,0.008784820969229577,0.003269466252282424,0.0038195960136931705,0.0016090197838209185,-0.010398509355701096,0.00021861015180942275,0.017209266292666,0.0032735550508469114,0.008298802814695064,0.0009277234802125117,-0.013945219313837503,0.0006344862604892102,0.042251992389770156,-0.006010368189396445,0.0017304048231648413,0.007695678435524355,0.028824789936143687,0.00867940588820181,0.024909382440408714,0.005665547918644663,0.012314539723032909,0.00893626802638651,0.05041796977914513,0.0011685924807016122,0.013881494322301409,0.007477068283714971,0.011615523643477748,0.005405850837354676,0.016610579625713648,0.00473782443843228,0.026259759036870313,0.008301781765897286,0.008165977389374971,0.007178960670098014,0.012151089499136557,-0.005701038974438016,-0.0026947729786623,-0.010289469909212697,0.0,-0.011143916854981197,-0.016164956316096404,-0.012866935501708133,-0.001956992563360486,-0.0104312868112259,0.0,-0.005919649126247361,-0.019904039271328167,-0.01356302496005961,-0.008298802814695066,-0.01207164033519379,-0.002219737002258857,-0.013501421762197364,-0.04420898495313068,-0.004420918621829409,-0.0017304048231648024,0.013396717409962284,0.03151956291480595,0.018968875797414343,0.024909382440408714,0.016809464773625903,0.028479496039129252,0.021803203528094648,0.05237496234250559,0.011599879291927542,0.013881494322301409,0.744695149807038,1.2114713927734808,0.8547180375934698,0.6722433125844027,0.6538327343384953,0.5440586743355169,0.9683781663403117,0.5466752737347278,0.4924687483655603,0.30215521025733416
2025-12-22,137.37446946162328,224.3052908980623,124.5292008936091,271.6099853515625,355.5899963378906,13.579999923706055,110.23999786376953,220.0,67.80000305175781,162.17999267578125,138.94167576061898,226.82501108464066,126.59871198515036,272.79998779296875,359.57000732421875,13.880000114440918,110.7699966430664,220.1699981689453,68.51000213623047,162.63999938964844,136.9652125121256,222.4601359874025,124.1411594985686,267.8500061035156,354.70001220703125,13.520000457763672,109.7699966430664,213.30999755859375,67.73999786376953,159.07000732421875,138.2728729248047,226.09092712402344,124.5689926147461,270.6700134277344,357.5299987792969,13.859999656677246,110.05000305175781,214.9499969482422,68.11000061035156,160.0,2038300.0,4828100.0,5058000.0,3289500.0,2960800.0,7903900.0,2142300.0,24950700.0,883700.0,2334600.0,0.009283454456710949,0.004794057050422679,-0.0019948233492505726,-0.00582034551515413,0.004681917367747927,0.024097546544352727,-0.002812919176517614,0.007096553006015778,0.001469269616407392,-0.012175617383992735,0.0027649323727850887,-0.003135163978197988,-0.0023143095800821625,-0.0023536018869540834,-0.0007589824543713864,0.0036886940657964978,-0.0010879669922853334,0.030318670613611008,-0.0030925446405555596,0.0013573517375426924,0.0029835425245944543,0.014074102314468002,0.0009592454707648293,0.005945200927741042,0.0001687410258411604,-0.010256525248040929,-0.000453480731796087,0.0725706630033813,-0.009102912829952008,0.0030877565607074563,0.006518522083925864,0.007929221028620786,0.0003194862308315034,-0.0034667436281999933,0.005440899822119364,0.020408852478556175,-0.0017249521842322508,-0.0232221176075952,0.004561814256963029,-0.013532969121535385,0.011343695485472942,0.011170814187513941,0.01648210203185417,0.004371721296008326,0.011130521996947633,0.021850846811242174,0.004796161336050475,0.0007724205561702083,0.010417511238575499,0.0028323812119523807,0.004825173401547086,0.0032415931588932476,0.016162615801022788,0.00783846492420827,0.005689622174828405,0.0014419943326859205,0.006521113520282627,0.02399453816376536,0.00585569698161234,0.01636535033348781,-0.002983580429526045,-0.008260108283939454,-0.0031209325421481587,-0.013940014812080678,-0.00250597526617152,-0.0044280120393620425,-0.0042725507696471515,-0.030881051093978852,-0.0008854241036326586,-0.019362381401096303,-0.009502102513451887,-0.016189329312560244,-0.0034404187729796545,-0.010473271183880712,-0.007946875088290874,-0.02483686451791819,-0.002547598585414906,-0.007658933486383696,-0.005447238360595621,-0.005829412279560989,0.014327275914998916,0.01943092247145351,0.01960303457400243,0.01831173610808905,0.013636497263119163,0.026278858850604037,0.009068712105697666,0.03165347165014906,0.011302935342207998,0.02219476261304874,-0.13482814158223988,-0.1315118103814008,-0.18765516625577128,-0.23264405481334016,-0.40033295856093254,0.20330196421863356,-0.18553693722966713,-0.2548147370544811,-0.41733623291245436,-0.14706427271704392
2025-12-23,137.92349571250978,226.39845505187125,124.37000370075253,269.82000732421875,357.4700012207031,13.920000076293945,110.22000122070312,212.86000061035156,68.20999908447266,159.97999572753906,138.67215767353767,228.9479346329627,124.54909680971932,271.6700134277344,359.6700134277344,14.020000457763672,111.08000183105469,217.02999877929688,68.37999725341797,160.49000549316406,137.3944424785754,226.09093174996923,123.22579814851709,268.7799987792969,350.5799865722656,13.8100004196167,109.75,212.27999877929688,67.3499984741211,158.4499969482422,138.1131591796875,226.96389770507812,123.91232299804688,270.7699890136719,352.4200134277344,13.899999618530273,110.72000122070312,214.89999389648438,67.73999786376953,160.14999389648438,1208700.0,3612100.0,7534900.0,2598800.0,3052500.0,4812100.0,1659300.0,20272300.0,747600.0,1828900.0,-0.0011557296269908402,0.003853713120769388,-0.005285477049415669,0.0003692951633528952,-0.01439558704085873,0.0028818437017850756,0.006069667191377725,-0.00023265349795680086,-0.005447238360595621,0.000937022710096137,-0.0025299202908974183,0.0013592715644223782,-0.0015986965426919425,-0.003145319142412472,-0.00016782533911764518,0.004319691396165053,0.0015435438271217835,-0.009770753264483118,0.0014671140299523308,-0.0001250345193705739,0.003988601793028475,0.00928849259304299,-0.0012792103118604273,-0.00661206277061239,0.005273074483001771,0.02472854387472121,-0.00018140835711050578,-0.03299287087207836,0.006028928286915375,-0.013658003640905931,0.001374190663906587,0.0024944415563469676,-0.003686780506723789,0.003514614305765386,-0.014227761701741013,-0.0014378476943800128,0.00452612336425599,0.009538099766526248,-0.006914352390547902,0.0010620572294667674,0.005413416878841,0.011198095692812604,0.001438966632150006,0.006833046707260265,0.006135535777320233,0.007158253870044198,0.007772299392466398,0.019400911728028845,0.0024891758002604978,0.003182888846061633,0.004039226214934447,0.008703654136465679,0.005125747138873642,0.0033184324014949767,0.020363297479061335,0.008596101564424186,0.0032461760282103966,0.009862811961502634,0.009403528190808303,0.0021208316165949375,-0.003843221321516761,-0.0013592511038677847,-0.00924259368731138,-0.003861900578229406,-0.019462558450919872,-0.007933662580971048,-0.004273327574959381,-0.0027285232710277016,-0.012688288044028558,-0.009609713837595003,-0.005217411985423318,-0.0038536926602148413,-0.005555813180587566,-0.0073765148839948416,-0.005234796749178832,-0.006495814886591118,-0.008799450939215303,-0.012266623037554047,-0.00577393565348062,-0.01067177106706171,0.009256638200357686,0.012557346796680356,0.010681560319461296,0.010694947285489767,0.025598094228240234,0.015091916451015354,0.012045626967425681,0.022129434999056494,0.01517746384428911,0.012792602683656694,-0.5977555452078906,-0.36964378540068843,0.24204211740239678,-0.42997167868246144,-0.3411764764486698,-0.28689522245121246,-0.3716311344499932,-0.42068367889711666,-0.5451726568828885,-0.3231035526616779
2025-12-24,138.10317218638963,227.6285693200475,123.38499054169418,270.0299987792969,352.2099914550781,13.869999885559082,110.2699966430664,214.97999572753906,67.80000305175781,160.11000061035156,138.32278089707697,228.9578704634424,124.69833742545607,271.9200134277344,354.75,13.989999771118164,110.95999908447266,216.5399932861328,68.25,160.67999267578125,137.52420515199256,227.15238954632323,123.37503881632578,269.739990234375,351.1099853515625,13.819999694824219,110.19999694824219,213.97000122070312,67.48999786376953,159.07000732421875,138.07322692871094,228.0551300048828,124.18095397949219,269.9800109863281,352.9800109863281,13.960000038146973,110.62000274658203,215.0399932861328,67.95999908447266,160.33999633789062,509000.0,1744900.0,1632200.0,1062700.0,1166500.0,2488300.0,891400.0,7956800.0,562100.0,854400.0,-0.0002891688603300018,0.004796434106723413,0.002165565223698119,-0.0029217885874701457,0.0015877449868307587,0.004307287374037085,-0.0009035734989819641,0.0006512508664941054,0.0032424674782759095,0.0011856998312329804,-7.231283720868196e-05,0.0029242547416923493,-0.004264771404724745,-0.0027366520447855355,-0.0005961198853875489,-0.00216058661700774,-0.004072629566764097,0.00037220542434767247,0.0008854241036326826,-0.0002497551178834265,0.0013018778266978325,0.005418696298039399,-0.007951551911448628,0.0007779622609798856,-0.014823881587128579,-0.0035984343113876507,0.00045349379749175136,0.009910305190874073,-0.006028928286915252,0.0008123021115833918,-0.00021685602312138702,0.001872179365030922,0.00643033662842276,-0.0001851365426845921,0.002183864872218153,0.006467873991044742,0.0031690560677821427,0.0002790454421465056,0.002357043374643281,0.0014354549491163947,0.0015889156169355374,0.005822796226045843,0.010588048492341413,0.006974895352570642,0.0071857516834451214,0.008614546241228248,0.0062378944278768346,0.00723027620638904,0.006615194107543093,0.0035536810823998065,0.0018057716400571018,0.003950616861014737,0.004157711863918682,0.007160031895255043,0.005001886811227,0.0021466722501835337,0.0030688383600947756,0.006951230764242622,0.004258150732899746,0.002118226133283448,-0.004201091281363554,-0.0020941067934175965,-8.065913591992285e-05,-0.0010745635316167061,-0.0031280413943040705,-0.003611429818433113,-0.000635004301820237,-0.004709156687277727,-0.004582832854759474,-0.006516679871773686,-0.003984235258242149,-0.003966286158448555,-0.00651099576434266,-0.0008894269889322035,-0.005311906266522178,-0.010079303809477828,-0.0038040603696024126,-0.00498820212942414,-0.006939876229402784,-0.00795213482088998,0.0057900068982991255,0.007916903019463266,0.010668707628261285,0.008049458884187276,0.010313793077749113,0.012225976059661409,0.006872898729697024,0.01193943289366678,0.011198026962302541,0.010070360954173364,-1.363453239752955,-1.0268264158030505,-1.2078776237871605,-1.2623146862608277,-1.2445425885334185,-0.9130199173845472,-0.9504904469500541,-1.2473508234981434,-0.7834884926778027,-1.0284192796381344
2025-12-26,138.25290128140088,227.98568247647728,123.95212365526686,269.8999938964844,352.5,14.010000228881836,110.55000305175781,215.42999267578125,67.87000274658203,160.32000732421875,138.38267422168664,228.76937037461897,124.55904988718827,271.75,356.2300109863281,14.079999923706055,110.86000061035156,216.8300018310547,68.01000213623047,162.17999267578125,137.62402039425086,226.85476693660203,123.63373674597551,269.5,352.2799987792969,13.920000076293945,109.66000366210938,213.02999877929688,67.5,160.0,138.14309692382812,228.14439392089844,124.21080780029297,271.0899963378906,353.79998779296875,14.069999694824219,109.9000015258789,214.99000549316406,67.76000213623047,162.0800018310547,739300.0,1593900.0,2120700.0,1411900.0,1455100.0,3090600.0,978800.0,15792600.0,543200.0,1245700.0,0.0005059078017758435,0.0003913371780254388,0.0002403769008328868,0.004102932684001508,0.0023203179941271032,0.007848749369658957,-0.0065300541016899555,-0.0002324851444587029,-0.002947201461947223,0.010793514022445105,0.0013004516017032914,-0.00030456716610293555,-0.0018444166435006512,-0.0002964254638288685,-0.0013608069766017545,0.0035752766191312606,-0.0006329944868324328,0.0018119706788942947,-0.0013251321482251294,-0.00012467419365978308,0.001083595578581905,0.0015676121989280226,0.004585919984922174,-0.0004815620065134599,0.0008230578956163916,0.010043150610175973,0.0025360615809497866,0.002091016121040741,0.0010319112264180737,0.0013107807554564458,-0.0007945437999275892,0.0006959043441282685,0.00208479354433362,0.004399358147830454,0.0036811249707287956,0.00427347275052765,-0.005897059614857597,-0.002044455823352957,-0.0016220693137220816,0.010918188216104852,0.0009382231447945192,0.0034315489769755113,0.004884508249356697,0.0068310285913491964,0.010525998244277981,0.004983968625343524,0.002800214588583819,0.006477648028584125,0.0020606334141373803,0.01153492077386624,0.0017327669447221882,0.0027356446328473333,0.002799714705022963,0.0024316704435185413,0.006844873273549134,0.0007104958748158163,0.008697274203441378,0.008522103851937114,0.0036827027278593756,0.0006167325577613532,-0.004559148859918464,-0.004972811331331289,-0.0025719326966558054,-0.0014831070609178714,-0.0006243117802148394,-0.006444716298788286,-0.008083231537655023,-0.01120300166027946,-0.00546655330546007,-0.0019980483476691635,-0.0037646050599908143,-0.005668715675459609,-0.004656726240989366,-0.005882465208748354,-0.004305436750943685,-0.010718189049316056,-0.0021861719227975005,-0.009158545836926444,-0.003844483991738,-0.012916236563774152,0.005497372004712955,0.00840436030830686,0.0074564409460124974,0.00831413565226696,0.011150310024492783,0.011428684924131866,0.010883446126238896,0.017680649688863573,0.007527186719597405,0.013532969121535432,-0.9154852043049839,-1.0517254334943136,-0.8986488564405644,-0.9518921900763733,-0.9868839509937359,-0.6788979289650836,-0.8257977606689835,-0.511440121562341,-0.7446884893043855,-0.6269095460002685
2025-12-29,138.15307688430337,228.3130481587183,124.39984988700772,270.9800109863281,353.3699951171875,14.0600004196167,110.16000366210938,211.5800018310547,67.55000305175781,161.8699951171875,138.82189495278203,230.1681330179413,124.85753058456233,273.2699890136719,356.67999267578125,14.199999809265137,110.55000305175781,216.0500030517578,68.12999725341797,162.6999969482422,137.37446968720724,227.90633208418348,123.86257056615428,269.95001220703125,351.1600036621094,14.010000228881836,109.30000305175781,209.24000549316406,67.41999816894531,160.82000732421875,137.6839141845703,228.99754333496094,123.94216918945312,271.3399963378906,353.1600036621094,14.130000114440918,109.95999908447266,215.61000061035156,68.08000183105469,161.72000122070312,1640800.0,3803000.0,4468700.0,2753800.0,2794000.0,5289300.0,1550000.0,20326900.0,1059700.0,2185100.0,-0.0033295010637622476,0.0037325405307595885,-0.0021651057266340026,0.0009217780029763661,-0.001810524820123056,0.004255355359104552,0.0005457796772173775,0.0028796820104288494,0.004711429290528981,-0.0022235994767801277,7.224103281663419e-05,0.0007389702957905534,0.0015207885688246971,-0.0004057975965676545,-0.0012160944020962077,-0.000710933209242634,0.0023630123701240038,-0.01598835475602085,-0.0031039722862534324,-0.0012965380167567846,-0.0007223027671109718,0.0014348746399189603,0.0036055821131583897,0.0039935605512628385,0.0024650305686327338,0.003562539541285011,-0.00353404724473357,-0.01803281057937386,-0.004726041599975567,0.009621650199348181,-0.003401742096578778,0.0029935702349688444,-0.003685894295458719,0.0013275755995438305,-0.0005944304180268598,0.004966288568347157,-0.0018172326929065622,0.018868036766449756,0.007815401576782616,-0.000927061460023286,0.004829457073195216,0.008092349517931786,0.0036723583554771626,0.008415219260396048,0.00932334791129733,0.00990803494794854,0.003534047244733702,0.020906690290356706,0.008549494887765638,0.005114481687185097,0.008231199169774217,0.005098779282963034,0.0073582526509358885,0.007087643660852253,0.00991777832932418,0.004941746379601387,0.005351279937640254,0.0020386535239068854,0.0007340933109832002,0.00604154314720832,-0.005651770789087538,-0.001782985115912193,-0.004328324509787917,-0.003808256077336751,-0.006273682334341747,-0.0035625395412850953,-0.007837464560524013,-0.011121241457479277,-0.001926426936978845,-0.006507741117882756,-0.0022500286925086783,-0.00477655535088105,-0.0006424302143291429,-0.005135831676880648,-0.005679251916314911,-0.00852882810963219,-0.006020231867617486,-0.0299892782239291,-0.00974182851376136,-0.005580679657859503,0.010481227862282779,0.009875334633844003,0.008000682865264895,0.012223475337732837,0.015597030245639115,0.013470574489233545,0.011371511805257537,0.03202793174783606,0.010475921824744484,0.011622222805067882,-0.12169333946762073,-0.2000750282452266,-0.18091045188243982,-0.31443300471628,-0.35640762294386086,-0.18542278482981978,-0.38145867496794494,-0.263319971626121,-0.09220451007148256,-0.08064422995961174
2025-12-30,137.3245673331228,228.9281040960869,123.80287785434122,270.42999267578125,352.0299987792969,14.1899995803833,110.08000183105469,215.8699951171875,67.88999938964844,161.47999572753906,137.9135110527957,229.36459464010863,125.56395378190456,272.4200134277344,355.2699890136719,14.5600004196167,110.83000183105469,216.82000732421875,68.25,161.67999267578125,136.58588209097263,226.79525532634446,123.73323095530635,269.5199890136719,350.010009765625,14.100000381469727,109.33000183105469,214.3300018310547,67.62999725341797,160.63999938964844,137.3744659423828,227.9063262939453,125.14607238769531,270.0,352.510009765625,14.5,110.80000305175781,215.33999633789062,67.73999786376953,161.1699981689453,2423100.0,2348000.0,5271100.0,1784800.0,2252600.0,8104100.0,1153000.0,16409600.0,695200.0,1293600.0,-0.0022500559524827744,-0.004776580757100299,0.009666554833955086,-0.00495067456240166,-0.0018422040555517317,0.025848444630947823,0.007610146885082092,-0.0012530655978764797,-0.005006695306857821,-0.003406755147208591,-0.0026133525335727105,-0.0003032773542858807,-0.0011244733362069034,-0.0033593758841435574,-0.0032048266313534626,0.004237256805073329,0.0010907358478462216,0.001205129048285017,-0.0027947718374969946,-0.0014851827942242279,-0.006015094630151448,0.002690292880683091,-0.004810367631665697,-0.0020318002845997065,-0.003799257049380333,0.009203545373420365,-0.0007264968450603021,0.02007316581473469,0.005020629739285639,-0.002412244254247581,0.0003632965810898871,-0.004473303402814456,0.010791028170162012,-0.0015912986782580286,0.0013626225758016873,0.02161118782587443,0.00651941103723588,-0.002458194646161387,-0.002211923469360867,-0.001921572352984371,0.00427952863187107,0.0019048554655499233,0.014124614685066499,0.007331784633121532,0.009161637078477414,0.025740609987713516,0.00679012148996484,0.004391197985766953,0.005288694741814762,0.001237758268058037,0.003916232050781092,0.006378158868364261,0.0033335865149045503,0.008923083311379585,0.007799014502675724,0.004129422161838921,0.00027071045272896143,0.006849392631928279,0.0075006182111756695,0.003159330621042417,-0.005393638939157548,-0.009360346790557342,-0.0005627211416355758,-0.0033706993409071996,-0.005754642366712139,-0.006362637161941481,-0.006836542624532438,-0.007159460135361315,-0.0038371083482951793,-0.005215436822731556,-0.0057569355202474895,-0.004887043387742946,-0.01135374931179758,-0.001779400662649114,-0.00711726494251396,-0.027973824987815997,-0.013355953661768307,-0.00470126548920004,-0.0016251848789343149,-0.0032938644697471987,0.009673167571028603,0.011265202256107106,0.014687335826702038,0.010702483974028884,0.014916279445189723,0.032103247149654936,0.013626664114497197,0.011550658121128427,0.00912580309010997,0.00645319509078981,0.2596610466571381,-0.6424668749770976,-0.011274140792631115,-0.6963514671028062,-0.5476468709504179,0.23761819158379538,-0.6389390227216882,-0.44596700369800146,-0.47335322245487177,-0.5773218796535726
2025-12-31,137.3644857196368,227.90632862884868,125.24556157238757,269.739990234375,351.010009765625,14.529999732971191,110.7300033569336,215.82000732421875,67.54000091552734,161.1699981689453,137.72384404011032,228.41225259896592,125.6037477782477,270.92999267578125,352.8800048828125,14.5600004196167,111.02999877929688,217.63999938964844,67.75,161.33999633789062,135.79727950126005,226.6067717187426,124.60878778217901,268.29998779296875,349.69000244140625,14.319999694824219,110.22000122070312,213.8000030517578,66.83999633789062,160.0399932861328,135.82723999023438,226.6663055419922,124.65853881835938,268.29998779296875,349.989990234375,14.34000015258789,110.2699966430664,214.16000366210938,66.87999725341797,160.10000610351562,950000.0,3196900.0,3157100.0,1973000.0,2116200.0,5820800.0,1434000.0,17591600.0,666900.0,1201700.0,-0.011326741087644188,-0.005455778640985484,-0.003903324169915356,-0.0063162470644911204,-0.007174463603243824,-0.011095803614336807,-0.004794928528391744,-0.005494741069424784,-0.012776888144763139,-0.006661039047798319,-7.265240469201701e-05,1.0245013451737432e-08,0.0007946686425131772,-0.0009634631135082949,-0.004264277437354221,0.0020668097779056533,-0.0006319658297196127,0.0022266034908904006,-0.0029567873411365415,0.0,0.0002906441763978188,-0.0044732931578010575,0.011585696812675078,-0.0025547617917664233,-0.002901654861552542,0.023677997603780202,0.0058874452075162766,-0.00023159115527102207,-0.005168710810497463,-0.001921572352984371,-0.011254088682952296,-0.005455788885998847,-0.0046979928124284975,-0.005352783950982836,-0.0029101861658895195,-0.01316261339224258,-0.0041629626986720665,-0.0077213445603151526,-0.009820100803626481,-0.006661039047798319,0.0026126773549776674,0.002217416507807246,0.0028557897984304507,0.004401962012329913,0.005313328723694839,0.0020626123839334273,0.002705588045416194,0.008397557941027983,0.0031044312470534176,0.001054219637128684,0.013866766037929946,0.007673205393806004,0.007553782610859162,0.009754745963312862,0.008223514889584465,0.015225225776175844,0.006868550744088313,0.01611890250134311,0.01292453205067997,0.007715258684926876,-0.011474690925724127,-0.0057184730231273325,-0.005097170976044993,-0.005352783950982836,-0.003767686207311136,-0.014558318983092972,-0.004616456496163949,-0.009403748007452343,-0.01041837957475406,-0.007035955135761041,-0.0002206022427719196,-0.0002626841371285481,-0.0003991781636164837,0.0,-0.0008575000414215948,-0.0013957055908503904,-0.00045349379749180086,-0.0016824034471372078,-0.0005982787711275055,-0.00037491608796273485,0.014087368280701949,0.007935889530934524,0.007952960774475631,0.009754745963312862,0.009081014931005956,0.016620931367026387,0.007322044541580083,0.017801305948480242,0.013522810821807618,0.008090174772889602,-0.648985704203314,-0.31052860261833004,-0.49628950199121924,-0.549945603972203,-0.5787851617349293,-0.10342205027545681,-0.4146234548677423,-0.3328966364893233,-0.4870638108351386,-0.627363424112664
2026-01-02,135.99694718616084,226.91430893360226,124.07151105714601,268.7900085449219,350.67999267578125,14.510000228881836,110.13999938964844,218.89999389648438,67.05999755859375,160.10000610351562,137.70388793945312,228.89834586185512,124.61874210275667,269.8399963378906,351.1199951171875,14.869999885559082,110.3499984741211,227.14999389648438,68.52999877929688,161.88999938964844,135.0286764913311,223.90849419825918,123.01685586845183,258.0,331.6400146484375,14.380000114440918,108.95999908447266,218.89999389648438,66.6500015258789,159.05999755859375,137.70388793945312,227.47975158691406,123.5640869140625,259.95001220703125,333.29998779296875,14.819999694824219,110.23999786376953,223.47000122070312,68.31999969482422,161.82000732421875,1650600.0,3336800.0,5014200.0,4899900.0,5643500.0,7290500.0,1659300.0,36446200.0,1318800.0,1961200.0,0.013721856151414922,0.0035823141126679497,-0.008818366121406141,-0.03161636014500913,-0.04886160605519642,0.03292475346359068,-0.0002720854403813791,0.04255376600681411,0.02130261730432545,0.010685993515395986,0.0012486542845142306,0.001093536224473639,-0.004720208526791902,0.0018247254324587328,0.001969551090489853,0.01178523685798013,-0.001179595034994068,0.021891560334178165,0.002687776922654849,0.0,-0.01000543439843805,-0.004362252661525126,-0.009418201339220477,-0.0035280585185240017,-0.0009406350753997659,-0.001377376534262517,-0.005342557733666144,0.014170215773862902,-0.007132323880971587,-0.006661039047798319,0.012473201866900782,0.0024887778881943407,-0.004098157594614293,-0.03344108557746799,-0.05083115714568627,0.021139516605610833,0.0009075095946126532,0.02066220567263617,0.0186148403816705,0.010685993515395986,0.012473201866900782,0.008705547937917637,0.004400911751780896,0.003898739815641931,0.0012539256389626845,0.02450767010579779,0.001904840582378016,0.03699558868928272,0.021683883153264534,0.011118430357438171,0.0,0.006216770049723155,0.008499069346395088,0.03733982539310977,0.052085082784648906,0.0033681535001869717,0.0009973309877653912,0.01633338301664668,0.003069042771594025,0.00043243684204224986,-0.007145263988400142,-0.013334992178741475,-0.008536715885799547,-0.040970852444724974,-0.05582401841691191,-0.008999722418932012,-0.01077144429395245,0.0,-0.0061326351131607655,-0.006517183945789104,-0.019618465855300988,-0.01582377006693578,-0.0044385582911853376,-0.007529766867257069,-0.004992861271225528,-0.030139239024542876,-0.011678953888565243,-0.02066220567263604,-0.024747475494831354,-0.017203177461185225,0.019618465855300984,0.022040540116659058,0.01293762763758054,0.044869592260366936,0.05707794405587451,0.03350739252472979,0.012676284876330624,0.03699558868928272,0.027816518266425224,0.017635614303227364,-0.08303337564877289,-0.24876408005632733,-0.034629963900394856,0.3772758471750066,0.37185421055596635,0.12958960322948165,-0.26686407559377834,0.38330162850684246,0.18954683122907134,-0.11827516721682585
2026-01-05,137.4243777705066,225.18819601161937,123.00690379900001,260.8299865722656,330.1099853515625,14.970000267028809,109.30000305175781,230.25,67.79000091552734,160.97999572753906,142.71492495767072,225.4262858972515,125.92213694367949,266.75,334.4700012207031,15.020000457763672,112.93000030517578,234.02000427246094,69.0,164.39999389648438,137.41440109511385,216.12114766755664,121.88260171591091,259.4800109863281,327.44000244140625,14.460000038146973,108.58999633789062,220.47999572753906,67.66000366210938,160.8000030517578,142.67498779296875,218.42262268066406,125.81269073486328,263.9800109863281,331.55999755859375,14.729999542236328,112.19000244140625,221.0800018310547,68.51000213623047,163.5500030517578,2981500.0,9341300.0,6548500.0,3538200.0,5012100.0,7642300.0,1961800.0,31941100.0,1493700.0,2894500.0,0.03546359067403311,-0.04062940820734528,0.018034275568160178,0.015384032529965343,-0.005234167329003626,-0.006091399878207738,0.017534096430875976,-0.01075254707140738,0.0027772061826456525,0.010634121002661834,-0.0020318542290579614,-0.010124751103512308,-0.004519461611016702,0.0033794508421583613,-0.00961706081270493,0.010070616993350018,-0.008563364783926546,0.02988849281662955,-0.0077878400652365756,-0.005204544515943941,0.010441347637842798,-0.007635973215317924,-0.008617619205630946,-0.030061634735309657,-0.06044821795839114,0.031210133598960802,-0.007655855189313807,0.050550698489265564,0.01082700031643408,0.005481448999452115,0.03749544490309108,-0.03050465710383306,0.022553737179176726,0.012004581687806982,0.004382893483701148,-0.016162016871557668,0.026097461214802636,-0.04064103988803691,0.010565046247882218,0.015838665518605747,0.037775322804714996,0.0010567343809260712,0.023423272926148837,0.022443087550829917,0.013121305221021565,0.003334460543797799,0.032671737334499656,0.016240924912215137,0.017691799649040107,0.02102233837080531,0.0002798779016240434,0.03156139148475903,0.0008695357469719998,0.010438505863022954,0.008738411737320437,0.019496477415355578,0.006574276119696921,0.05688196480025204,0.007126753401157855,0.005183672852199422,-7.260020174962428e-05,-0.041097360025526365,-0.00918218181790849,-0.005189131946391192,-0.008121048236043165,-0.03466199690041076,-0.006517134598801595,-0.0433587066881204,-0.0019194874704827382,-0.0011187314018068825,-0.03756804510484064,-0.010592702921693392,-0.0317359189970853,-0.01719371363419828,-0.01250394171974433,-0.01849998002885314,-0.032614595813604284,-0.002717666800083528,-0.012484533718364957,-0.016957396920412676,0.037847923006464654,0.042154094406452416,0.03260545474405721,0.0276322194972212,0.021242353457064655,0.0379964574442086,0.039188871933301284,0.05959963160033562,0.019611287119523018,0.02214106977261218,0.5062631319553308,0.7348060840246564,0.22106128224999289,0.059283643604109315,0.2365516429388137,0.19020638070154483,-0.09383848182650034,0.23805247684346753,0.3213865332283685,0.2703881410579143
2026-01-06,142.17999267578125,217.99605506833305,126.20072150827284,263.0299987792969,330.0,14.770000457763672,111.5,222.7100067138672,67.7699966430664,162.8800048828125,148.55999755859375,222.41053415722004,128.8075270061742,275.989990234375,336.3999938964844,14.989999771118164,112.72000122070312,222.9199981689453,69.04000091552734,166.52999877929688,142.1699981689453,217.79765440511346,125.9121897911556,262.0899963378906,329.5,14.6899995803833,111.01000213623047,211.25,67.38999938964844,161.82000732421875,147.60000610351562,222.14268493652344,127.135986328125,275.92999267578125,335.989990234375,14.899999618530273,111.95999908447266,214.35000610351562,68.6500015258789,166.2100067138672,2627700.0,9151700.0,8327500.0,4080100.0,3187400.0,6892900.0,2211900.0,40033200.0,1066000.0,2854800.0,0.03393672265364064,0.016888078143357004,0.010463052671175312,0.04427379949834749,0.013272587190388986,0.011474987951843166,-0.002052227848245584,-0.030914413728863093,0.0020414032448106585,0.016133316833028398,-0.0034754218768329836,-0.0019548556004696715,0.003079447848405974,-0.0036052948462479326,-0.004716126899407549,0.0027119281385140676,-0.006169293418053105,0.0073458716116095385,-0.01086018158229376,-0.004105009303739845,0.034020023026258034,-0.03245951270430276,0.025633185027582765,0.008399286841559188,-0.0003332334157062928,-0.013450088733043528,0.019928167796749434,-0.033295168276427214,-0.0002951353344115844,0.011733656214866132,0.037412144530473736,0.018842933743826673,0.0073836048227693225,0.04787909434459544,0.01798871408979659,0.008763059813329036,0.0041170655698076165,-0.03826028534047271,0.012901584827104462,0.020238326136768132,0.04389509162301459,0.020047960461007614,0.020445584179650516,0.04809650832012768,0.019208255494641384,0.014785169309448926,0.010882287519768094,0.0009424476283921863,0.018566490422189486,0.022161702699818032,0.006482947092540921,0.0012050267171807465,0.013061979356881337,0.00021741397553219557,0.0012195414048448015,0.006022109496119746,0.006765221949960524,0.03920273296886494,0.005664905595085138,0.0019233765630497254,-7.02972193553094e-05,-0.000910525657501739,-0.0022889096920964227,-0.0035801472203806075,-0.0015163005179639638,-0.005431165915089031,-0.004404284312031978,-0.052828240621705824,-0.0056229397126870695,-0.006529111698922,-0.037482441749828954,-0.019753459401328492,-0.009672514514865622,-0.05145924156497607,-0.019505014607760572,-0.014194225728418025,-0.008521349881839476,-0.014567955281233079,-0.018524524539791497,-0.026767437835690296,0.04396538884236988,0.02095848611850922,0.022734493871747016,0.051676655540508355,0.020724556012605443,0.020216335224537835,0.0152865718317999,0.053770688250098134,0.024189430134876625,0.028690814398740012,0.3697294271004026,0.6727327017942457,0.42904660894999935,0.19803852145651746,-0.1723201887370056,0.07850399480609838,0.022630073631162873,0.4546490065726232,0.013755007918787143,0.25941347023640304
2026-01-07,147.63999938964844,223.44224210985874,127.80260889018508,276.010009765625,336.239990234375,14.850000381469727,111.26000213623047,212.1300048828125,68.80999755859375,165.85000610351562,149.38999938964844,235.14804776173224,127.95186199923018,281.8699951171875,342.7799987792969,14.920000076293945,111.61000061035156,212.1300048828125,69.01000213623047,165.8699951171875,145.5500030517578,222.94623288267763,125.63359578779374,271.8900146484375,334.6199951171875,14.430000305175781,110.11000061035156,207.1699981689453,67.11000061035156,161.77000427246094,147.80999755859375,231.55694580078125,126.39971923828125,273.9800109863281,338.1000061035156,14.449999809265137,110.19000244140625,210.02000427246094,67.12000274658203,162.91000366210938,2279000.0,10285400.0,6632300.0,4303300.0,3183100.0,7656500.0,1339600.0,29715500.0,1110800.0,2734400.0,0.0014216951886854659,0.04150592910476946,-0.005808011600620949,-0.007092032694929694,0.006260359215915173,-0.03066678599062152,-0.015935485813963417,-0.02040743689755448,-0.022539051361491005,-0.02005416591948198,0.0002709205096418358,0.005833055739491415,0.005229683491506295,0.00028994850907840676,0.0007437931029236426,-0.003361296412512685,-0.006271832622488316,-0.010410904216237738,0.002327893293076779,-0.0021682872824187794,0.03768306504011547,0.024675989483318176,0.01261328831427553,0.048169042853674016,0.018732507192720245,0.005401763400816362,-0.0021547670526807167,-0.04867118955671052,0.015229478120181227,0.018070038854349307,0.0011507746790437308,0.03567287336527792,-0.011037695092127311,-0.007381981204008215,0.005516566112991617,-0.02730548957810886,-0.00966365319147505,-0.009996532681316745,-0.024866944654567794,-0.01788587863706319,0.01178345794085568,0.05106235016707007,0.001167159467199393,0.021008822091224722,0.019263676749994532,0.0047027089522446745,0.003140833288740892,0.0,0.0029024048538965337,0.00012051738588272646,0.01063268326181197,0.015389476801792198,0.01220485455932656,0.028390803295232935,0.013747110637003084,0.03200819853035351,0.012804486480215888,0.009996532681316676,0.027769349508464346,0.018006396022945872,-0.014257182869037644,-0.0022223218524031582,-0.01711725493233275,-0.01503950571512939,-0.004829616615840875,-0.028690497002423307,-0.010389952178885465,-0.023659613882897227,-0.025015974469048,-0.024908202442166842,-0.015407957548081294,-0.03789519521768114,-0.006079559840205407,-0.007657524511121195,-0.010346182728832474,-0.001385007424314447,-0.0007262989874104715,-0.01366308120158059,-0.0001490298144802661,-0.0070223238051036665,0.026040640809893233,0.053284672019473345,0.018284414399532146,0.036048327806354315,0.0240932933658354,0.03339320595466793,0.01353078546762632,0.023659613882897265,0.02791837932294457,0.025028719828049627,0.22548633656814232,0.7423731006302017,0.19958896548501315,0.2367805162170793,-0.1587066626130671,0.16039064879043075,-0.45471911085791206,0.15863291544321356,0.08266057956103445,0.2250223642716982
2026-01-08,146.74000549316406,229.2852239623064,126.45941349505475,272.25,337.3800048828125,14.399999618530273,110.13999938964844,210.89999389648438,66.69000244140625,161.77000427246094,148.74000549316406,229.69194001340892,127.45438107823344,286.57000732421875,343.95001220703125,14.5600004196167,111.55999755859375,210.94000244140625,70.81999969482422,165.7899932861328,145.3699951171875,221.33914667137753,125.42465419221583,272.1199951171875,334.67999267578125,14.199999809265137,109.9800033569336,203.3300018310547,66.69000244140625,161.0500030517578,145.75999450683594,222.34109497070312,125.54405212402344,281.82000732421875,339.0400085449219,14.220000267028809,110.26000213623047,204.67999267578125,70.4000015258789,165.24000549316406,1728700.0,9365900.0,4344600.0,5268900.0,3107700.0,7339400.0,2004700.0,27505000.0,1859400.0,2526900.0,-0.013966252881502718,-0.04061316290574479,-0.006792550572526316,0.028213444133696336,0.0027763919570362628,-0.016044958205304678,0.000635061880002556,-0.02575503646782525,0.04771118175899162,0.014201072214694159,-0.007265297986267046,-0.009859081432765792,0.0004721542563021811,-0.006334389309187826,-0.002131821761333995,-0.003466221267795236,-0.00045389236327986974,0.004181273923436668,-0.006427049826926134,-0.0070223238051036665,-0.006114523307223422,0.025813791932512233,-0.01056554083582507,-0.013716370513195979,0.003384744351657643,-0.030771710845904066,-0.010117545554754954,-0.005815258757880164,-0.031293994481493906,-0.024908202442166842,-0.006700954895235625,-0.030754081472978957,-0.007264704828828439,0.03454783344288416,0.004908213718370295,-0.012578736937509511,0.0010889542432823882,-0.029936310391261902,0.05413823158591759,0.02122339601979775,0.01353750148594883,0.0017722718665810998,0.007837090359112705,0.05126209815442531,0.019286427457833294,0.011049891497366392,0.012810262582306248,0.00018968587800673149,0.060086389122087434,0.02454628700284516,0.02023845638118438,0.03252635333955996,0.015101795187941176,0.016714264711541096,0.014378213739462917,0.023628628434875842,0.011721308339023956,0.030125996269268453,0.005948157536169873,0.003322890983047327,-0.009380167871148003,-0.03527062247943566,-0.008216201472120734,-0.0004776342798102162,-0.008035076461749975,-0.013986228915818995,-0.0014537166899418145,-0.0365537746168134,0.0,-0.004460705025974317,-0.0026792129759124175,-0.004516541006456731,-0.0009514966432922211,-0.035025467722694464,-0.012943290180120264,-0.0014074919783095712,-0.002542670933224179,-0.0066174642255516355,-0.05413823158591772,-0.025684101045772092,0.022917669357096663,0.037042894346016736,0.01605329183123327,0.05173973243423551,0.027321503919583205,0.02503612041318537,0.014263979272247991,0.03674346049482014,0.060086389122087434,0.029006992028819484,-0.03607396868870438,0.609425443939644,-0.2141637176824709,0.41898085376113414,-0.16681971768755055,0.11610967075320211,-0.04650412037546481,0.0768884287974636,0.5734865837635787,0.14215451770547993
2026-01-09,147.47999572753906,221.9641312380648,125.78284224708896,281.9599914550781,335.8800048828125,14.329999923706055,109.87000274658203,205.72000122070312,70.97000122070312,165.49000549316406,150.02999877929688,223.32319168940293,126.49921466658849,284.3999938964844,335.8800048828125,14.729999542236328,110.75,207.3000030517578,71.68000030517578,166.25,147.14999389648438,217.25204353580418,124.59884500075066,277.3299865722656,328.0,14.289999961853027,109.2300033569336,203.07000732421875,69.54000091552734,163.9499969482422,148.52000427246094,218.32342529296875,125.28536224365234,280.6700134277344,333.95001220703125,14.319999694824219,109.23999786376953,203.1699981689453,70.5199966430664,165.24000549316406,1818800.0,6714200.0,4317600.0,3135900.0,3250100.0,7743800.0,1721000.0,24217300.0,1478000.0,2306800.0,0.018758262250499425,-0.018235100951508782,-0.002062676522547941,-0.00408894542598669,-0.015126801998159904,0.007007697067849566,-0.009293955485902927,-0.007404690156043931,0.0017030250886804583,0.0,0.011731148570892481,-0.0016968687328134504,0.0019002359100238778,0.000496591344280223,-0.009364151870539628,0.007705793362517023,-0.0035433588247596732,0.005068278687387552,0.008063984898748044,0.0015118074520683233,0.005030193675656776,-0.03245095020579236,-0.005364468918804555,0.03504442478716456,-0.004455938152169405,-0.00487294357499243,-0.0024544045814773032,-0.02486803170387424,0.062202216484665736,0.022735203471866042,0.007027113679606938,-0.01653823221869536,-0.003962912432571867,-0.004585536770266941,-0.00576265012762018,-0.0006980962946675251,-0.0057505966611433295,-0.012472968843431567,-0.006360959810067656,-0.001511807452068275,0.01714272156635005,0.006104214521292765,0.005679154147384704,0.008616489867825905,0.0,0.027530962881566066,0.007977535213984546,0.007651007322665547,0.009954503186988838,0.004581876311782854,0.010115607886743119,0.022642446739988154,0.009642066579956643,0.013202026638092746,0.005762650127620169,0.028229059176233508,0.013728131875127975,0.02012397616609706,0.016315462997056322,0.006093683763851094,-0.002240111194887278,-0.02145762733846408,-0.009457609178166002,-0.01655710216803081,-0.023740359468590624,-0.0027952472437201706,-0.005842092123102087,-0.012965243584440596,-0.020355129991967605,-0.009349318547477852,-0.0092672248744942,-0.00491939511976863,-0.005494696745594125,-0.011971565397763758,-0.01797770934097038,-0.0020971509490525946,-9.149546195876752e-05,-0.0004922747410090689,-0.013994170181900023,-0.007837511095409656,0.01938283276123724,0.027561841859756797,0.01513676332555074,0.02517359203585652,0.023740359468590527,0.03032621012528619,0.013819627337086658,0.02061625090710621,0.03030963317895634,0.013931194859260674,0.01596068199814127,0.2897315044227078,-0.19830657869685098,-0.09329523206588242,-0.0851793328973951,0.19075457561573295,-0.17562372352574762,-0.05238704395933169,0.3312019410382945,0.07015284384316978
2026-01-12,148.60000610351562,219.42456750377104,125.76294971604399,279.5400085449219,327.7699890136719,14.25,109.56999969482422,201.17999267578125,69.86000061035156,164.3000030517578,150.0,220.71419454042294,125.97189041210517,281.3900146484375,330.6700134277344,14.25,110.05000305175781,209.8800048828125,71.61000061035156,168.27000427246094,146.91000366210938,216.64691276413626,122.82781306350631,276.6099853515625,323.5,13.899999618530273,108.58999633789062,199.8000030517578,69.86000061035156,163.11000061035156,147.99000549316406,218.2837371826172,124.0118179321289,280.9599914550781,327.6499938964844,14.039999961853027,108.87999725341797,207.69000244140625,71.01000213623047,167.94000244140625,1127900.0,6546100.0,5524300.0,4086400.0,3541400.0,8247800.0,1486000.0,27287300.0,1285200.0,3247700.0,-0.0035749170435479846,-0.0001818023792181586,-0.010217166431103467,0.0010326302034800315,-0.019045370867765376,-0.01974674434069715,-0.0033009439326785947,0.022003537116000754,0.006924432350424523,0.016207791520676612,0.0005385152813290492,0.0050309518328220705,0.0038047501279578296,-0.0040342242054107755,-0.018679208340967278,-0.004900233506681913,0.0030163345819718733,-0.009843064697197663,-0.009403061811625759,-0.005704952154588261,0.00756562896093597,-0.011507280385873286,-0.00015816230461421587,-0.008619760975677716,-0.024441858468587416,-0.00559832980134937,-0.0027342620791715104,-0.02231603354062924,-0.015764021621693436,-0.007216759606656385,-0.004113432324877047,-0.00521275421204023,-0.014021916559061168,0.005066854408890797,-0.00036616252679812466,-0.01484651083401531,-0.006317278514650492,0.03184660181319834,0.016327494162050208,0.021912743675264766,0.009377120739141416,0.005860109758286916,0.0016600065682997722,0.006596233879010312,0.008808830434625556,0.0,0.004371224071029362,0.04233596878339812,0.024741489426653628,0.02387581396133958,0.013490553064018387,0.01107286397032708,0.015681923127360872,0.0015293794701194522,0.009174992961423836,0.014846510834015314,0.010688502585679658,0.010489366970199756,0.008413995264603362,0.001963070286074828,-0.011437994047208565,-0.012739619225363874,-0.023615302713993442,-0.010536906714471468,-0.013112995443191633,-0.02486809402187902,-0.00898432312746666,-0.006883111811378723,0.0,-0.007269220049622337,-0.007324561722331464,-0.007526865013323701,-0.009593386154932246,-0.015603761123362253,-0.012746832916393476,-0.01002158318786374,-0.002667044612816234,-0.038729713624577146,-0.016327494162050267,-0.029181963724887145,0.020815114786349922,0.01859972898365075,0.02527530928229325,0.0171331405934818,0.021921825877817276,0.024868094021878964,0.013355547198495833,0.04921908059477689,0.024741489426653628,0.031145034010962035,-0.45768471912721864,0.2418357931681996,0.04691971364418812,0.1711670326756689,0.053347448794424324,0.2496890239666687,-0.30073302048546147,0.07285036227658637,0.1834367290272496,0.3996572752860885
2026-01-13,148.57000732421875,217.77781911024937,123.9222705776926,278.8999938964844,322.489990234375,14.050000190734863,108.87999725341797,215.10000610351562,71.45999908447266,168.0,150.10000610351562,218.9880828857422,124.04166091904756,280.5,323.0,14.15999984741211,109.43000030517578,223.11000061035156,71.56999969482422,170.39999389648438,143.13999938964844,214.1271983125012,121.58410851359314,273.0,307.9100036621094,13.90999984741211,107.36000061035156,214.97999572753906,69.97000122070312,167.7899932861328,146.32000732421875,218.9880828857422,123.67353057861328,276.79998779296875,309.92999267578125,13.970000267028809,107.95999908447266,220.97000122070312,70.56999969482422,169.4199981689453,2593400.0,4872600.0,5169800.0,3622800.0,7217300.0,8807100.0,1942600.0,56894900.0,990800.0,2827900.0,-0.011348686893458573,0.0032215490683969628,-0.002731591237805771,-0.014917100390480303,-0.05559950495973357,-0.004998203497328082,-0.008485553447880491,0.0619803561082137,-0.006215621589219672,0.008774040902832148,0.003911535915123209,-0.002320398540370773,-0.0007223480955623275,-0.0073590072842483175,-0.01587384913615697,0.00071201347454566,0.0,0.03505646953583759,0.006317097506000204,0.00035719211046994167,-0.00020189640975376094,-0.007533152752410992,-0.014744264654623512,-0.0022921528753574306,-0.016240011662955144,-0.014134497359469733,-0.006317278514650492,0.06690307134903604,0.022644591668050437,0.022269935785734735,-0.015260222808581806,0.0055419476087677205,-0.0020092431422435077,-0.0075580931062320745,-0.03972565582357662,-0.005710216971873679,-0.008485553447880491,0.026923886572376095,-0.012532719095219835,0.00841684879236239,0.010245502355050388,0.0055419476087677205,0.0009629654592117808,0.00572045221355195,0.0015802255014647595,0.007798668134402928,0.005038745101689297,0.0365618614700406,0.0015381477029700393,0.014184599173202018,0.02550572516363214,0.0,0.0029722086014554723,0.013278545319783872,0.04130588132504145,0.013508885106276488,0.013524298549569906,0.009637974897664651,0.01407086679818985,0.005767750380839709,-0.037233108900927264,-0.016905141597162027,-0.019048244446433417,-0.02138147756423941,-0.04626455334739971,-0.01001441438949257,-0.014058654208974047,-0.0005580839777737225,-0.021071243579619856,-0.001250821915165473,-0.021972886092345496,-0.02244708920592985,-0.017039001304189862,-0.013823384458007341,-0.006538897523823153,-0.004304197417618843,-0.0055731007610935095,-0.027481970550149806,-0.008538524484400005,-0.009667670707527783,0.0474786112559776,0.022447089205929756,0.020011209905645203,0.02710192977779118,0.04784477884886458,0.017813082523895497,0.0190973993106634,0.037119945447814426,0.022609391282589868,0.015435421088367603,0.3609721734924669,-0.0476453793764513,-0.023476501290376817,0.0410473757606411,0.7515730215955987,0.3046295772437997,-0.026900529374525917,0.7862200515649498,-0.06353758987149405,0.2535285279933923
2026-01-14,146.41000366210938,219.23607696525247,123.05665582121583,276.6099853515625,308.57000732421875,13.899999618530273,108.11000061035156,217.5399932861328,70.5,169.39999389648438,148.3699951171875,221.55739650023978,124.45954550490714,291.0899963378906,309.7300109863281,14.199999809265137,110.4000015258789,224.08999633789062,71.6500015258789,170.85000610351562,145.52000427246094,215.26800317402618,122.37013097695308,276.17999267578125,302.4700012207031,13.890000343322754,108.11000061035156,215.11000061035156,70.5,168.1300048828125,145.9199981689453,220.1189727783203,124.37000274658203,288.5400085449219,304.44000244140625,14.0,110.18000030517578,223.60000610351562,71.18000030517578,169.99000549316406,1684100.0,8426400.0,7187800.0,6421700.0,5712600.0,9524200.0,2173600.0,40466500.0,996100.0,3121900.0,-0.00273754036110384,0.005150873247603685,0.005615740019431489,0.04153857448899938,-0.01787241047908967,0.0021451372319425347,0.020354615144805285,0.011831817356218195,0.00860676368112952,0.0033588159096872307,0.0006148760793115636,0.0011318139377255567,-0.005000409976295095,-0.0006866607328819752,-0.004397696179060473,-0.005023379690535642,0.0013884532807751783,-0.015644240418282218,-0.0009924108700751853,-0.00011808200786644104,-0.014645346729270235,0.006673761546493413,-0.007009653118538638,-0.008244753839113992,-0.044123352002637055,-0.010733596662409348,-0.007097100167105417,0.011279646154093699,-0.013525129965295056,0.008298766784495867,-0.003352416440415396,0.004019059309878069,0.01061614999572654,0.04222523522188154,-0.013474714300029242,0.0071685169224781475,0.01896616186403014,0.02747605777450058,0.009599174551204584,0.003476897917553544,0.01329819083490939,0.010532556102877826,0.011335861644278558,0.051023966214555155,0.003752239976581068,0.021353138482401758,0.020960914714028524,0.02966502972989789,0.01618046575224392,0.008523268097956374,0.016650607275324754,0.0065134967929996665,0.0007197116485519048,0.008798730992673734,0.017226954276610393,0.01418462155992381,0.001994752849998285,0.002188971955397393,0.006581291201039166,0.005046370180402748,-0.006097366648266921,-0.018265347977293313,-0.005594553421395043,-0.001555718372609381,-0.019966642683617156,-0.0007196312092674501,0.0,-0.01123318276792541,0.0,-0.0075252274550312945,-0.002744950207851572,-0.02228440728717135,-0.016210703417121657,-0.043780953594490794,-0.006491928383587911,-0.00788814813174559,-0.018966161864030204,-0.03870924054242586,-0.009599174551204695,-0.011002125372584793,0.0193955574831763,0.028797904080171122,0.01693041506567363,0.05257968458716465,0.023718882660198205,0.022072769691669235,0.020960914714028524,0.04089821249782329,0.01618046575224392,0.016048495552987648,-0.046941688856568575,0.48288135463883286,0.3096201875729765,0.5903321741683261,0.5156888157597468,0.37314681456387433,0.11855478489191107,0.42566673399132426,-0.04908739209893831,0.3428334963369135
2026-01-15,146.58999633789062,220.74395510667856,124.4000015258789,287.92999267578125,304.9700012207031,14.079999923706055,110.30999755859375,227.89999389648438,71.94000244140625,170.5,146.89999389648438,221.24987907917588,124.41999816894531,290.6700134277344,305.82000732421875,14.619999885559082,110.80999755859375,238.35000610351562,72.08000183105469,173.05999755859375,144.67999267578125,214.10734909268112,123.0,285.2099914550781,301.3999938964844,14.029999732971191,109.4800033569336,227.22000122070312,71.31999969482422,169.92999267578125,144.8300018310547,215.02000427246094,123.52999877929688,287.7699890136719,304.0899963378906,14.4399995803833,109.61000061035156,227.9199981689453,71.98999786376953,171.10000610351562,1675000.0,6954200.0,7079500.0,5743500.0,4774300.0,14606000.0,2138100.0,55270200.0,1055000.0,2909200.0,-0.007497860322124113,-0.023437118609513512,-0.006776984082721948,-0.0026722423443285223,-0.001150333238504894,0.030944774790092965,-0.00518677801833828,0.019135913578367043,0.011315306437794433,0.006508572465051668,0.004581035542278167,0.0028352701372733546,0.00024117682137772485,-0.0021163845318630434,0.0017393836981210067,0.0056980156960335475,0.0011791670346970346,0.019048140892561377,0.01062058783475044,0.0029956526182630472,0.0012286191018628689,0.006854329447151423,0.010857326817104513,0.04010885069001836,-0.011735330601908263,0.012866532618511835,0.02014532889872722,0.046524198667061784,0.02021976238595501,0.006472550535816652,-0.012078895864402216,-0.026272388746786845,-0.007018160904099715,-0.0005558578124655835,-0.002889716936625784,0.02524675909405919,-0.006365945053035453,8.777268580589684e-05,0.0006947186030440857,0.003512919846788528,0.0021124923110987723,0.0022892816791596758,0.00016073179916387822,0.00947127966072197,0.002783302412801859,0.03763510118264389,0.004522439066809445,0.0448332977881136,0.0019441664989936066,0.014903044347739028,0.014191388175500927,0.02856167042594657,0.007178892703263639,0.010027137473187392,0.005673019349427797,0.012388342088584766,0.010888384119844833,0.04474552510230781,0.0012494478959494887,0.011390124500950567,-0.01311519285963161,-0.030525935152776837,-0.011317837198569118,-0.00949164852116136,-0.011775149174801016,-0.0035574702296247815,-0.007552647014054293,-0.0029881929559879743,-0.008655683488203348,-0.0033487522789455776,-0.0010362969952293483,-0.004253546405990126,-0.004299676294469448,-0.008935790708695863,-0.008885432238175209,-0.028804229323684087,-0.001186701961018986,-0.0030759656417937192,-0.009350402091247373,-0.00686167212573416,0.015227685170730353,0.032815216831936604,0.011478568997732943,0.018962928181883262,0.01455845158760299,0.04119257141226884,0.01207508608086377,0.047821490744101476,0.010599849987196996,0.018251796626684573,-0.0487944895275394,0.28675119605149213,0.28416148152894927,0.4765820312000173,0.32887036096808053,0.7489456948068067,0.12826186158452835,0.6945954901965905,0.01252837391681183,0.27011524474089654
2026-01-16,144.1999969482422,215.61000061035156,123.2300033569336,285.42999267578125,304.55999755859375,14.319999694824219,109.27999877929688,234.3000030517578,71.91999816894531,168.80999755859375,144.8800048828125,217.35000610351562,123.48999786376953,289.1600036621094,304.8800048828125,14.800000190734863,109.91000366210938,234.49000549316406,72.55000305175781,171.42999267578125,139.49000549316406,213.8800048828125,121.54000091552734,280.739990234375,295.4200134277344,14.140000343322754,108.98999786376953,228.86000061035156,71.62999725341797,167.0,139.63999938964844,214.35000610351562,121.76000213623047,286.2099914550781,296.1199951171875,14.1899995803833,109.51000213623047,231.8300018310547,72.4800033569336,167.8000030517578,2603400.0,8649700.0,10418200.0,5702500.0,8534400.0,10519600.0,6139900.0,42545600.0,1153800.0,7328100.0,-0.03649297558960897,-0.0031208454086285404,-0.014432120008911555,-0.00543573453014556,-0.02655893709442649,-0.01746464280469738,-0.000912728001184936,0.017009670189174472,0.006783517242809628,-0.019475404350378332,-0.004359449768071348,0.002740156052129095,-0.0024314764756513817,-0.008164722302270479,0.0015444058780463897,-0.00834496418401017,-0.003015232143961753,0.02760767638285882,-0.0009728261034611458,-0.013474408919513237,-0.016438345632473587,-0.02353223269465771,-0.009449637379750951,-0.008720580114736004,-0.0013453110585795488,0.016901794910049242,-0.009381177196997204,0.02769544906866457,-0.00027810750041706275,-0.009961489072724646,-0.03213352582153767,-0.005861001460757513,-0.012000643533260228,0.002728987772124958,-0.02810334297247277,-0.009119678620687232,0.002102504142776968,-0.01059800619368448,0.0077563433462709275,-0.006000995430865082,0.004704643590138551,0.008037762537034279,0.002107608639681857,0.012983391311375955,0.0010501685230601841,0.032970053436218595,0.005748497747909625,0.0008106079410694095,0.008721656690636464,0.015401169644288547,0.03683816941167612,0.013898763997791838,0.014108252172942074,0.010254403539251103,0.029153511495532962,0.04208973205690585,0.0036459936051328958,0.011408614134753902,0.0009653133443655801,0.02140216507515377,-0.033208250202993235,-0.008056090069060707,-0.013809120951301932,-0.016567850164487776,-0.030469985992583357,-0.012649455472663674,-0.0026572693510860173,-0.02349189298226141,-0.004040422421420104,-0.01077999523409176,-0.0010747243814555898,-0.002195088608303132,-0.0018084774180416464,-0.01929683793661274,-0.0023666430201106266,-0.003529776851976466,-0.0047597734938629,-0.012893886788576956,-0.011796765767691007,-0.0047789998032266145,0.03791289379313175,0.01609385260609495,0.015916729590983794,0.029551241475863806,0.03152015451564359,0.045619508908882334,0.00840576709899584,0.02430250092333073,0.01276207911205661,0.02618116487838025,0.38473813032563875,0.4799023159460649,0.6576115324399758,0.4683930256367539,0.8762792506366957,0.39696691315506705,1.160047896208269,0.4180598025981901,0.10341629030195776,1.1428781040244118
2026-01-20,138.0,211.6999969482422,121.37000274658203,282.44000244140625,294.32000732421875,13.949999809265137,109.33999633789062,226.0800018310547,71.4000015258789,159.4499969482422,138.77000427246094,214.0399932861328,121.5,287.2699890136719,295.0,14.020000457763672,110.2300033569336,239.5,71.91000366210938,163.72999572753906,134.6300048828125,209.9600067138672,120.25,272.2200012207031,288.3299865722656,13.630000114440918,108.87999725341797,225.41000366210938,70.1500015258789,153.07000732421875,135.8300018310547,214.0399932861328,121.13999938964844,272.7099914550781,290.3699951171875,13.770000457763672,109.26000213623047,231.9199981689453,70.55999755859375,156.1199951171875,3300700.0,8251400.0,12634000.0,5656100.0,6962000.0,14383000.0,2398300.0,44327700.0,1179700.0,11902100.0,-0.02766356055105454,-0.0014473394427610218,-0.0051050151435724665,-0.04831684907795502,-0.019608806072317124,-0.03004511561654211,-0.002285506275461464,0.00038812437313363315,-0.02684733095192518,-0.07214790118358971,-0.011813992708737125,-0.01244005779318018,-0.0032081579098790073,-0.013259629965364539,-0.006097125403852758,-0.017057967006029753,-0.0015536288208480554,-0.025115425309704474,-0.015012817333640236,-0.05104243790319285,-0.04394751853027479,-0.018301059253937713,-0.015208801443139339,-0.010530642193239572,-0.03420046837632562,-0.02617764562671697,0.0005488753219287875,-0.035713431503388994,-0.007256473987369494,-0.05704343333405792,-0.01584956784231741,0.010992718350419298,-0.0018968572336933518,-0.035057219112590424,-0.013511680668464403,-0.012987148610512365,-0.0007318774546133973,0.025503549682838224,-0.011834513618284918,-0.021105463280396787,0.005564232013787191,0.010992718350419298,0.001070509032506957,0.016956354530596855,0.0023077206580785652,0.005005419662580151,0.008106862455133243,0.057664489815607727,0.007117497324298056,0.026488329240060247,0.021413799856104768,0.0,0.002967366266200321,0.05201357364318735,0.015819401326542935,0.017992568273092674,0.008838739909746787,0.03216094013276946,0.018952010942582954,0.047593792520456986,-0.024723373897678164,-0.008253095364350595,-0.009270844762225694,-0.03685557990394833,-0.020562024749155167,-0.02320624048993101,-0.0042159268565534905,-0.002967944595056405,-0.01766206241626242,-0.04083499336435499,-0.008873806055360839,-0.01924581371476983,-0.007373987528532337,-0.0017983607913577848,-0.007050344080690843,-0.010219091879418619,-0.00348404940194017,-0.028471494277894603,-0.00582754879797745,-0.01972953008395825,0.030287605911465537,0.019245813714769893,0.01034135379473253,0.05381193443454516,0.022869745407233553,0.028211660152511326,0.012322789311686948,0.06063243441066406,0.02477955974056025,0.06732332260441523,0.6118971839946674,0.40525800137436363,0.812306497651571,0.47033013332333873,0.6361059451192581,0.6720091644431836,0.23548273346314197,0.43910381553056865,0.11658169524726603,1.5519317667724
2026-01-21,136.22000122070312,212.47000122070312,121.70999908447266,275.0,290.7699890136719,14.039999961853027,109.05000305175781,235.99000549316406,71.27999877929688,157.1199951171875,140.47000122070312,218.0,122.48999786376953,285.5400085449219,294.510009765625,14.40999984741211,109.69999694824219,252.89999389648438,72.77999877929688,158.63999938964844,136.02000427246094,211.57000732421875,120.33000183105469,274.95001220703125,288.3299865722656,13.989999771118164,107.27999877929688,235.77999877929688,70.98999786376953,154.33999633789062,139.77000427246094,216.14999389648438,120.7300033569336,280.7200012207031,294.2300109863281,14.239999771118164,108.55999755859375,249.8000030517578,72.23999786376953,155.8800048828125,1988100.0,10721800.0,12546500.0,4230800.0,5640100.0,10915300.0,2493200.0,62182900.0,910400.0,6969100.0,0.028594127749723877,0.009809700800477635,-0.0033902213648095603,0.02894880744389437,0.013205856742571465,0.033562543926554875,-0.006427389481769006,0.07426813319008141,0.023530502439326327,-0.001538399241708492,0.0028671174595470547,-0.007362074402911547,0.00469426184985942,0.008362169487033834,0.001376583854397019,0.01941804989653223,-0.0019238618868000798,0.017396977805402745,0.010152388938982406,0.006384902492799753,-0.012982450382770336,0.0036306439475075427,0.0027974046161660143,-0.026695049625556726,-0.012135096814067457,0.006430901286019708,-0.0026557393414134364,0.042900527488240955,-0.0016821246793024816,-0.01472056078759702,0.025727010290176905,0.017171775203389285,-0.008084483214668975,0.020586637956860644,0.011829272888174397,0.014144494030022641,-0.004503527594968933,0.05687115538467882,0.01337811350034388,-0.007923301734508196,0.03072271675851816,0.0256942551162453,0.006388218195291752,0.03761105661998338,0.012780452663756329,0.026012003541758574,0.0059428188294824436,0.0692046750182091,0.020825409374416674,0.00962766683494846,0.004995706468341237,0.00852247991285612,0.014472701409960842,0.01702441866312279,0.0009511797755819178,0.011867509511735937,0.01044634642445122,0.012333519633530339,0.007447295874072821,0.01755096856945663,-0.0014692696164074464,-0.004244860059199962,-0.01140317469724888,-0.00018179031547179022,-0.008426927935087739,-0.0035676235636430535,-0.016364293037820117,-0.000890292836918932,-0.004076774077786273,-0.017851876227280634,-0.027196279906584395,-0.0214166352625892,-0.0033186914825798297,-0.020768428272332367,-0.020256200823262124,-0.01771211759366588,-0.011860765442851183,-0.0577614482215977,-0.01745488757813024,-0.009928574492772468,0.03219198637492554,0.0299391151754453,0.01779139289254053,0.03779284693545531,0.02120738059884405,0.029579627105401803,0.02230711186730255,0.07009496785512817,0.024902183452202936,0.027479543062229172,0.1506442687787608,0.6956799940587963,0.8136013901849193,0.21413380280946903,0.44724820686329636,0.3974334009581355,0.3246965188162996,0.774474826740601,-0.09647659559248822,0.9852570529556441
